timestamp_utc,frame,latitude,longitude,altitude_m,compass_heading_deg,gimbal_pitch_deg,gimbal_yaw_deg,speed_mps,satellites
2024-08-03T01:31:03.000Z,0,0.00000000,0.00000000,3.962,-1.3,0.0,-1.2,0.00,10
2024-08-03T01:31:03.033Z,1,0.00000000,0.00000000,4.064,-1.3,0.0,-1.2,0.00,10
2024-08-03T01:31:03.066Z,2,0.00000000,0.00000000,4.166,-1.2,0.0,-1.2,0.00,10
2024-08-03T01:31:03.100Z,3,0.00000000,0.00000000,4.268,-1.2,0.0,-1.2,0.00,10
2024-08-03T01:31:03.133Z,4,0.00000000,0.00000000,4.369,-1.2,0.0,-1.2,0.00,10
2024-08-03T01:31:03.166Z,5,0.00000000,0.00000000,4.471,-1.3,0.0,-1.2,0.00,10
2024-08-03T01:31:03.200Z,6,0.00000000,0.00000000,4.573,-1.3,0.0,-1.2,0.00,10
2024-08-03T01:31:03.233Z,7,0.00000000,0.00000000,4.777,-1.3,0.0,-1.2,0.00,10
2024-08-03T01:31:03.266Z,8,0.00000000,0.00000000,4.980,-1.2,0.0,-1.2,0.00,10
2024-08-03T01:31:03.300Z,9,0.00000000,0.00000000,5.183,-1.2,0.0,-1.2,0.00,10
2024-08-03T01:31:03.333Z,10,0.00000000,0.00000000,5.284,-1.2,0.0,-1.2,0.00,10
2024-08-03T01:31:03.367Z,11,0.00000000,0.00000000,5.386,-1.3,0.0,-1.2,0.00,10
2024-08-03T01:31:03.400Z,12,0.00000000,0.00000000,5.489,-1.3,0.0,-1.2,0.00,10
2024-08-03T01:31:03.433Z,13,0.00000000,0.00000000,5.692,-1.3,0.0,-1.2,0.00,10
2024-08-03T01:31:03.467Z,14,0.00000000,0.00000000,5.896,-1.3,0.0,-1.2,0.00,10
2024-08-03T01:31:03.500Z,15,0.00000000,0.00000000,6.098,-1.3,0.0,-1.2,0.00,10
2024-08-03T01:31:03.533Z,16,0.00000000,0.00000000,6.199,-1.2,0.0,-1.2,0.00,10
2024-08-03T01:31:03.567Z,17,0.00000000,0.00000000,6.301,-1.0,0.0,-1.2,0.00,10
2024-08-03T01:31:03.600Z,18,0.00000000,0.00000000,6.404,-0.9,0.0,-1.2,0.00,10
2024-08-03T01:31:03.633Z,19,0.00000000,0.00000000,6.608,-1.0,0.0,-1.2,0.00,10
2024-08-03T01:31:03.667Z,20,0.00000000,0.00000000,6.811,-1.0,0.0,-1.2,0.00,10
2024-08-03T01:31:03.700Z,21,0.00000000,0.00000000,7.015,-1.1,0.0,-1.2,0.00,10
2024-08-03T01:31:03.734Z,22,0.00000000,0.00000000,7.218,-1.2,0.0,-1.2,0.00,10
2024-08-03T01:31:03.767Z,23,0.00000000,0.00000000,7.421,-1.2,0.0,-1.2,0.00,10
2024-08-03T01:31:03.800Z,24,0.00000000,0.00000000,7.622,-1.3,0.0,-1.2,0.00,10
2024-08-03T01:31:03.834Z,25,0.00000000,0.00000000,7.724,-1.3,0.0,-1.2,0.00,10
2024-08-03T01:31:03.867Z,26,0.00000000,0.00000000,7.826,-1.2,0.0,-1.2,0.00,10
2024-08-03T01:31:03.900Z,27,0.00000000,0.00000000,7.930,-1.2,0.0,-1.2,0.00,10
2024-08-03T01:31:03.934Z,28,0.00000000,0.00000000,8.134,-1.2,0.0,-1.2,0.00,10
2024-08-03T01:31:03.967Z,29,0.00000000,0.00000000,8.337,-1.1,0.0,-1.2,0.00,10
2024-08-03T01:31:04.001Z,30,0.00000000,0.00000000,8.537,-1.1,0.0,-1.2,0.00,10
2024-08-03T01:31:04.034Z,31,0.00000000,0.00000000,8.639,-1.1,0.0,-1.2,0.00,10
2024-08-03T01:31:04.067Z,32,0.00000000,0.00000000,8.741,-1.2,0.0,-1.2,0.00,10
2024-08-03T01:31:04.101Z,33,0.00000000,0.00000000,8.846,-1.2,0.0,-1.2,0.00,10
2024-08-03T01:31:04.134Z,34,0.00000000,0.00000000,9.049,-1.2,0.0,-1.2,0.00,10
2024-08-03T01:31:04.167Z,35,0.00000000,0.00000000,9.253,-1.2,0.0,-1.2,0.00,10
2024-08-03T01:31:04.201Z,36,0.00000000,0.00000000,9.452,-1.2,0.0,-1.2,0.00,10
2024-08-03T01:31:04.234Z,37,0.00000000,0.00000000,9.554,-1.2,0.0,-1.2,0.00,10
2024-08-03T01:31:04.267Z,38,0.00000000,0.00000000,9.656,-1.2,0.0,-1.2,0.00,10
2024-08-03T01:31:04.301Z,39,0.00000000,0.00000000,9.758,-1.2,0.0,-1.2,0.00,10
2024-08-03T01:31:04.334Z,40,0.00000000,0.00000000,9.859,-1.2,0.0,-1.2,0.00,10
2024-08-03T01:31:04.368Z,41,0.00000000,0.00000000,9.961,-1.2,0.0,-1.2,0.00,10
2024-08-03T01:31:04.401Z,42,0.00000000,0.00000000,10.067,-1.2,0.0,-1.2,0.00,10
2024-08-03T01:31:04.434Z,43,0.00000000,0.00000000,10.270,-1.2,0.0,-1.2,0.00,10
2024-08-03T01:31:04.468Z,44,0.00000000,0.00000000,10.474,-1.2,0.0,-1.2,0.00,10
2024-08-03T01:31:04.501Z,45,0.00000000,0.00000000,10.677,-1.2,0.0,-1.2,0.00,10
2024-08-03T01:31:04.534Z,46,0.00000000,0.00000000,10.881,-1.2,0.0,-1.2,0.00,10
2024-08-03T01:31:04.568Z,47,0.00000000,0.00000000,11.084,-1.1,0.0,-1.2,0.00,10
2024-08-03T01:31:04.601Z,48,0.00000000,0.00000000,11.282,-1.1,0.0,-1.2,0.00,10
2024-08-03T01:31:04.634Z,49,0.00000000,0.00000000,11.384,-1.1,0.0,-1.2,0.00,10
2024-08-03T01:31:04.668Z,50,0.00000000,0.00000000,11.486,-1.2,0.0,-1.2,0.00,10
2024-08-03T01:31:04.701Z,51,0.00000000,0.00000000,11.593,-1.2,0.0,-1.2,0.00,10
2024-08-03T01:31:04.735Z,52,0.00000000,0.00000000,11.796,-1.2,0.0,-1.2,0.00,10
2024-08-03T01:31:04.768Z,53,0.00000000,0.00000000,12.000,-1.2,0.0,-1.2,0.00,10
2024-08-03T01:31:04.801Z,54,0.00000000,0.00000000,12.197,-1.2,0.0,-1.2,0.00,10
2024-08-03T01:31:04.835Z,55,0.00000000,0.00000000,12.299,-1.2,0.0,-1.2,0.00,10
2024-08-03T01:31:04.868Z,56,0.00000000,0.00000000,12.401,-1.1,0.0,-1.2,0.00,10
2024-08-03T01:31:04.901Z,57,0.00000000,0.00000000,12.508,-1.1,0.0,-1.2,0.00,10
2024-08-03T01:31:04.935Z,58,0.00000000,0.00000000,12.712,-1.1,0.0,-1.2,0.00,10
2024-08-03T01:31:04.968Z,59,0.00000000,0.00000000,12.915,-1.1,0.0,-1.2,0.00,10
2024-08-03T01:31:05.002Z,60,0.00000000,0.00000000,13.119,-1.1,0.0,-1.2,0.00,10
2024-08-03T01:31:05.035Z,61,0.00000000,0.00000000,13.322,-1.1,0.0,-1.2,0.00,10
2024-08-03T01:31:05.068Z,62,0.00000000,0.00000000,13.525,-1.2,0.0,-1.2,0.00,10
2024-08-03T01:31:05.102Z,63,0.00000000,0.00000000,13.722,-1.2,0.0,-1.2,0.00,10
2024-08-03T01:31:05.135Z,64,0.00000000,0.00000000,13.824,-1.2,0.0,-1.2,0.00,10
2024-08-03T01:31:05.168Z,65,0.00000000,0.00000000,13.926,-1.1,0.0,-1.2,0.00,10
2024-08-03T01:31:05.202Z,66,0.00000000,0.00000000,14.034,-1.1,0.0,-1.2,0.00,10
2024-08-03T01:31:05.235Z,67,0.00000000,0.00000000,14.238,-1.1,0.0,-1.2,0.00,10
2024-08-03T01:31:05.268Z,68,0.00000000,0.00000000,14.441,-1.1,0.0,-1.2,0.00,10
2024-08-03T01:31:05.302Z,69,0.00000000,0.00000000,14.637,-1.1,0.0,-1.2,0.00,10
2024-08-03T01:31:05.335Z,70,0.00000000,0.00000000,14.739,-1.1,0.0,-1.2,0.00,10
2024-08-03T01:31:05.369Z,71,0.00000000,0.00000000,14.841,-1.1,0.0,-1.2,0.00,10
2024-08-03T01:31:05.402Z,72,0.00000000,0.00000000,14.950,-1.1,0.0,-1.2,0.00,10
2024-08-03T01:31:05.435Z,73,0.00000000,0.00000000,15.153,-1.1,0.0,-1.2,0.00,10
2024-08-03T01:31:05.469Z,74,0.00000000,0.00000000,15.357,-1.1,0.0,-1.2,0.00,10
2024-08-03T01:31:05.502Z,75,0.00000000,0.00000000,15.552,-1.1,0.0,-1.2,0.00,10
2024-08-03T01:31:05.535Z,76,0.00000000,0.00000000,15.654,-1.1,0.0,-1.2,0.00,10
2024-08-03T01:31:05.569Z,77,0.00000000,0.00000000,15.756,-1.1,0.0,-1.2,0.00,10
2024-08-03T01:31:05.602Z,78,0.00000000,0.00000000,15.865,-1.1,0.0,-1.2,0.00,10
2024-08-03T01:31:05.635Z,79,0.00000000,0.00000000,16.069,-1.1,0.0,-1.2,0.00,10
2024-08-03T01:31:05.669Z,80,0.00000000,0.00000000,16.272,-1.2,0.0,-1.2,0.00,10
2024-08-03T01:31:05.702Z,81,0.00000000,0.00000000,16.476,-1.2,0.0,-1.2,0.00,10
2024-08-03T01:31:05.736Z,82,0.00000000,0.00000000,16.679,-1.2,0.0,-1.2,0.00,10
2024-08-03T01:31:05.769Z,83,0.00000000,0.00000000,16.882,-1.1,0.0,-1.2,0.00,10
2024-08-03T01:31:05.802Z,84,0.00000000,0.00000000,17.077,-1.1,0.0,-1.2,0.00,10
2024-08-03T01:31:05.836Z,85,0.00000000,0.00000000,17.179,-1.1,0.0,-1.2,0.00,10
2024-08-03T01:31:05.869Z,86,0.00000000,0.00000000,17.281,-1.1,0.0,-1.2,0.00,10
2024-08-03T01:31:05.902Z,87,0.00000000,0.00000000,17.391,-1.1,0.0,-1.2,0.00,10
2024-08-03T01:31:05.936Z,88,0.00000000,0.00000000,17.595,-1.1,0.0,-1.2,0.00,10
2024-08-03T01:31:05.969Z,89,0.00000000,0.00000000,17.798,-1.1,0.0,-1.2,0.00,10
2024-08-03T01:31:06.003Z,90,0.00000000,0.00000000,17.992,-1.1,0.0,-1.2,0.00,10
2024-08-03T01:31:06.036Z,91,0.00000000,0.00000000,18.094,-1.1,0.0,-1.2,0.00,10
2024-08-03T01:31:06.069Z,92,0.00000000,0.00000000,18.196,-1.1,0.0,-1.2,0.00,10
2024-08-03T01:31:06.103Z,93,0.00000000,0.00000000,18.307,-1.1,0.0,-1.2,0.00,10
2024-08-03T01:31:06.136Z,94,0.00000000,0.00000000,18.510,-1.1,0.0,-1.2,0.00,10
2024-08-03T01:31:06.169Z,95,0.00000000,0.00000000,18.714,-1.2,0.0,-1.2,0.00,10
2024-08-03T01:31:06.203Z,96,0.00000000,0.00000000,18.917,-1.2,0.0,-1.2,0.00,10
2024-08-03T01:31:06.236Z,97,0.00000000,0.00000000,19.121,-1.2,0.0,-1.2,0.00,10
2024-08-03T01:31:06.269Z,98,0.00000000,0.00000000,19.324,-1.1,0.0,-1.2,0.00,10
2024-08-03T01:31:06.303Z,99,0.00000000,0.00000000,19.517,-1.1,0.0,-1.2,0.00,10
2024-08-03T01:31:06.336Z,100,0.00000000,0.00000000,19.619,-1.1,0.0,-1.2,0.00,10
2024-08-03T01:31:06.370Z,101,0.00000000,0.00000000,19.721,-1.1,0.0,-1.2,0.00,10
2024-08-03T01:31:06.403Z,102,0.00000000,0.00000000,19.833,-1.1,0.0,-1.2,0.00,10
2024-08-03T01:31:06.436Z,103,0.00000000,0.00000000,20.036,-1.1,0.0,-1.2,0.00,10
2024-08-03T01:31:06.470Z,104,0.00000000,0.00000000,20.240,-1.1,0.0,-1.2,0.00,10
2024-08-03T01:31:06.503Z,105,0.00000000,0.00000000,20.432,-1.1,0.0,-1.2,0.00,10
2024-08-03T01:31:06.536Z,106,0.00000000,0.00000000,20.534,-1.1,0.0,-1.2,0.00,10
2024-08-03T01:31:06.570Z,107,0.00000000,0.00000000,20.636,-1.1,0.0,-1.2,0.00,10
2024-08-03T01:31:06.603Z,108,0.00000000,0.00000000,20.748,-1.1,0.0,-1.2,0.00,10
2024-08-03T01:31:06.636Z,109,0.00000000,0.00000000,20.952,-1.1,0.0,-1.2,0.00,10
2024-08-03T01:31:06.670Z,110,0.00000000,0.00000000,21.155,-1.1,0.0,-1.2,0.00,10
2024-08-03T01:31:06.703Z,111,0.00000000,0.00000000,21.359,-1.1,0.0,-1.2,0.00,10
2024-08-03T01:31:06.737Z,112,0.00000000,0.00000000,21.562,-1.1,0.0,-1.2,0.00,10
2024-08-03T01:31:06.770Z,113,0.00000000,0.00000000,21.765,-1.1,0.0,-1.2,0.00,10
2024-08-03T01:31:06.803Z,114,0.00000000,0.00000000,21.957,-1.1,0.0,-1.2,0.00,10
2024-08-03T01:31:06.837Z,115,0.00000000,0.00000000,22.059,-1.1,0.0,-1.2,0.00,10
2024-08-03T01:31:06.870Z,116,0.00000000,0.00000000,22.161,-1.1,0.0,-1.2,0.00,10
2024-08-03T01:31:06.903Z,117,0.00000000,0.00000000,22.274,-1.1,0.0,-1.2,0.00,10
2024-08-03T01:31:06.937Z,118,0.00000000,0.00000000,22.478,-1.1,0.0,-1.2,0.00,10
2024-08-03T01:31:06.970Z,119,0.00000000,0.00000000,22.681,-1.1,0.0,-1.2,0.00,10
2024-08-03T01:31:07.004Z,120,0.00000000,0.00000000,22.872,-1.1,0.0,-1.2,0.00,10
2024-08-03T01:31:07.037Z,121,0.00000000,0.00000000,22.974,-1.1,0.0,-1.2,0.00,10
2024-08-03T01:31:07.070Z,122,0.00000000,0.00000000,23.076,-1.1,0.0,-1.2,0.00,10
2024-08-03T01:31:07.104Z,123,0.00000000,0.00000000,23.190,-1.1,0.0,-1.2,0.00,10
2024-08-03T01:31:07.137Z,124,0.00000000,0.00000000,23.393,-1.1,0.0,-1.2,0.00,10
2024-08-03T01:31:07.170Z,125,0.00000000,0.00000000,23.597,-1.1,0.0,-1.2,0.00,10
2024-08-03T01:31:07.204Z,126,0.00000000,0.00000000,23.787,-1.1,0.0,-1.2,0.00,10
2024-08-03T01:31:07.237Z,127,0.00000000,0.00000000,23.889,-1.1,0.0,-1.2,0.00,10
2024-08-03T01:31:07.270Z,128,0.00000000,0.00000000,23.991,-1.1,0.0,-1.2,0.00,10
2024-08-03T01:31:07.304Z,129,0.00000000,0.00000000,24.105,-1.1,0.0,-1.2,0.00,10
2024-08-03T01:31:07.337Z,130,0.00000000,0.00000000,24.309,-1.1,0.0,-1.2,0.00,10
2024-08-03T01:31:07.371Z,131,0.00000000,0.00000000,24.512,-1.1,0.0,-1.2,0.00,10
2024-08-03T01:31:07.404Z,132,0.00000000,0.00000000,24.702,-1.1,0.0,-1.2,0.00,10
2024-08-03T01:31:07.437Z,133,0.00000000,0.00000000,24.804,-1.1,0.0,-1.2,0.00,10
2024-08-03T01:31:07.471Z,134,0.00000000,0.00000000,24.906,-1.0,0.0,-1.2,0.00,10
2024-08-03T01:31:07.504Z,135,0.00000000,0.00000000,25.021,-1.0,0.0,-1.2,0.00,10
2024-08-03T01:31:07.537Z,136,0.00000000,0.00000000,25.224,-1.0,0.0,-1.2,0.00,10
2024-08-03T01:31:07.571Z,137,0.00000000,0.00000000,25.428,-1.0,0.0,-1.2,0.00,10
2024-08-03T01:31:07.604Z,138,0.00000000,0.00000000,25.617,-1.0,0.0,-1.2,0.00,10
2024-08-03T01:31:07.637Z,139,0.00000000,0.00000000,25.719,-1.0,0.0,-1.2,0.00,10
2024-08-03T01:31:07.671Z,140,0.00000000,0.00000000,25.821,-1.1,0.0,-1.2,0.00,10
2024-08-03T01:31:07.704Z,141,0.00000000,0.00000000,25.922,-1.1,0.0,-1.2,0.00,10
2024-08-03T01:31:07.738Z,142,0.00000000,0.00000000,26.024,-1.1,0.0,-1.2,0.00,10
2024-08-03T01:31:07.771Z,143,0.00000000,0.00000000,26.126,-1.0,0.0,-1.2,0.00,10
2024-08-03T01:31:07.804Z,144,0.00000000,0.00000000,26.227,-1.0,0.0,-1.2,0.00,10
2024-08-03T01:31:07.838Z,145,0.00000000,0.00000000,26.329,-1.0,0.0,-1.2,0.00,10
2024-08-03T01:31:07.871Z,146,0.00000000,0.00000000,26.431,-1.0,0.0,-1.2,0.00,10
2024-08-03T01:31:07.904Z,147,0.00000000,0.00000000,26.533,-1.0,0.0,-1.2,0.00,10
2024-08-03T01:31:07.938Z,148,0.00000000,0.00000000,26.634,-1.0,0.0,-1.2,0.00,10
2024-08-03T01:31:07.971Z,149,0.00000000,0.00000000,26.736,-1.0,0.0,-1.2,0.00,10
2024-08-03T01:31:08.005Z,150,0.00000000,0.00000000,26.838,-1.0,0.0,-1.2,0.00,10
2024-08-03T01:31:08.038Z,151,0.00000000,0.00000000,26.939,-1.0,0.0,-1.2,0.00,10
2024-08-03T01:31:08.071Z,152,0.00000000,0.00000000,27.041,-1.1,0.0,-1.2,0.00,10
2024-08-03T01:31:08.105Z,153,0.00000000,0.00000000,27.127,-1.1,0.0,-1.2,0.00,10
2024-08-03T01:31:08.138Z,154,0.00000000,0.00000000,27.127,-1.1,0.0,-1.2,0.00,10
2024-08-03T01:31:08.171Z,155,0.00000000,0.00000000,27.127,-1.1,0.0,-1.2,0.00,10
2024-08-03T01:31:08.205Z,156,0.00000000,0.00000000,27.143,-1.1,0.0,-1.2,0.00,10
2024-08-03T01:31:08.238Z,157,0.00000000,0.00000000,27.245,-1.1,0.0,-1.2,0.00,10
2024-08-03T01:31:08.271Z,158,0.00000000,0.00000000,27.346,-1.1,0.0,-1.2,0.00,10
2024-08-03T01:31:08.305Z,159,0.00000000,0.00000000,27.448,-1.1,0.0,-1.2,0.00,10
2024-08-03T01:31:08.338Z,160,0.00000000,0.00000000,27.550,-1.1,0.0,-1.2,0.00,10
2024-08-03T01:31:08.372Z,161,0.00000000,0.00000000,27.652,-1.1,0.0,-1.2,0.00,10
2024-08-03T01:31:08.405Z,162,0.00000000,0.00000000,27.737,-1.1,0.0,-1.2,0.00,10
2024-08-03T01:31:08.438Z,163,0.00000000,0.00000000,27.737,-1.1,0.0,-1.2,0.00,10
2024-08-03T01:31:08.472Z,164,0.00000000,0.00000000,27.737,-1.1,0.0,-1.2,0.00,10
2024-08-03T01:31:08.505Z,165,0.00000000,0.00000000,27.754,-1.1,0.0,-1.2,0.00,10
2024-08-03T01:31:08.538Z,166,0.00000000,0.00000000,27.855,-1.1,0.0,-1.2,0.00,10
2024-08-03T01:31:08.572Z,167,0.00000000,0.00000000,27.957,-1.1,0.0,-1.2,0.00,10
2024-08-03T01:31:08.605Z,168,0.00000000,0.00000000,28.042,-1.1,0.0,-1.2,0.00,10
2024-08-03T01:31:08.638Z,169,0.00000000,0.00000000,28.042,-1.1,0.0,-1.2,0.00,10
2024-08-03T01:31:08.672Z,170,0.00000000,0.00000000,28.042,-1.2,0.0,-1.2,0.00,10
2024-08-03T01:31:08.705Z,171,0.00000000,0.00000000,28.059,-1.2,0.0,-1.2,0.00,10
2024-08-03T01:31:08.739Z,172,0.00000000,0.00000000,28.161,-1.2,0.0,-1.2,0.00,10
2024-08-03T01:31:08.772Z,173,0.00000000,0.00000000,28.262,-1.2,0.0,-1.2,0.00,10
2024-08-03T01:31:08.805Z,174,0.00000000,0.00000000,28.346,-1.2,0.0,-1.2,0.00,10
2024-08-03T01:31:08.839Z,175,0.00000000,0.00000000,28.346,-1.2,0.0,-1.2,0.00,10
2024-08-03T01:31:08.872Z,176,0.00000000,0.00000000,28.346,-1.1,0.0,-1.2,0.00,10
2024-08-03T01:31:08.905Z,177,0.00000000,0.00000000,28.364,-1.1,0.0,-1.2,0.00,10
2024-08-03T01:31:08.939Z,178,0.00000000,0.00000000,28.466,-1.1,0.0,-1.2,0.00,10
2024-08-03T01:31:08.972Z,179,0.00000000,0.00000000,28.568,-1.1,0.0,-1.2,0.00,10
2024-08-03T01:31:09.006Z,180,0.00000000,0.00000000,28.651,-1.1,0.0,-1.2,0.00,10
2024-08-03T01:31:09.039Z,181,0.00000000,0.00000000,28.651,-1.1,0.0,-1.2,0.00,10
2024-08-03T01:31:09.072Z,182,0.00000000,0.00000000,28.651,-1.1,0.0,-1.2,0.00,10
2024-08-03T01:31:09.106Z,183,0.00000000,0.00000000,28.651,-1.1,0.0,-1.2,0.00,10
2024-08-03T01:31:09.139Z,184,0.00000000,0.00000000,28.651,-1.1,0.0,-1.2,0.00,10
2024-08-03T01:31:09.172Z,185,0.00000000,0.00000000,28.651,-1.1,0.0,-1.2,0.00,10
2024-08-03T01:31:09.206Z,186,0.00000000,0.00000000,28.651,-1.1,0.0,-1.2,0.00,10
2024-08-03T01:31:09.239Z,187,0.00000000,0.00000000,28.651,-1.1,0.0,-1.2,0.00,10
2024-08-03T01:31:09.272Z,188,0.00000000,0.00000000,28.651,-1.1,0.0,-1.2,0.00,10
2024-08-03T01:31:09.306Z,189,0.00000000,0.00000000,28.670,-1.1,0.0,-1.2,0.00,10
2024-08-03T01:31:09.339Z,190,0.00000000,0.00000000,28.772,-1.1,0.0,-1.2,0.00,10
2024-08-03T01:31:09.373Z,191,0.00000000,0.00000000,28.874,-1.1,0.0,-1.2,0.00,10
2024-08-03T01:31:09.406Z,192,0.00000000,0.00000000,28.956,-1.1,0.0,-1.2,0.00,10
2024-08-03T01:31:09.439Z,193,0.00000000,0.00000000,28.956,-1.1,0.0,-1.2,0.00,10
2024-08-03T01:31:09.473Z,194,0.00000000,0.00000000,28.956,-1.2,0.0,-1.2,0.00,10
2024-08-03T01:31:09.506Z,195,0.00000000,0.00000000,28.956,-1.2,0.0,-1.2,0.00,10
2024-08-03T01:31:09.539Z,196,0.00000000,0.00000000,28.956,-1.2,0.0,-1.2,0.00,10
2024-08-03T01:31:09.573Z,197,0.00000000,0.00000000,28.956,-1.1,0.0,-1.2,0.00,10
2024-08-03T01:31:09.606Z,198,0.00000000,0.00000000,28.956,-1.1,0.0,-1.2,0.00,10
2024-08-03T01:31:09.639Z,199,0.00000000,0.00000000,28.956,-1.1,0.0,-1.2,0.00,10
2024-08-03T01:31:09.673Z,200,0.00000000,0.00000000,28.956,-1.1,0.0,-1.2,0.00,10
2024-08-03T01:31:09.706Z,201,0.00000000,0.00000000,28.976,0.5,0.0,-1.2,0.00,10
2024-08-03T01:31:09.740Z,202,0.00000000,0.00000000,29.078,8.2,0.0,-1.2,0.00,10
2024-08-03T01:31:09.773Z,203,0.00000000,0.00000000,29.180,16.0,0.0,-1.2,0.00,10
2024-08-03T01:31:09.806Z,204,2.69730327,-7.14719701,140.735,23.0,0.0,-1.2,0.00,10
2024-08-03T01:31:09.840Z,205,15.91937813,-42.18247649,687.178,26.9,0.0,-1.2,0.00,10
2024-08-03T01:31:09.873Z,206,29.14145299,-77.21775597,1233.622,30.9,0.0,-1.2,0.00,10
2024-08-03T01:31:09.906Z,207,39.62655835,-105.00073260,1666.951,34.3,0.0,-1.2,0.00,10
2024-08-03T01:31:09.940Z,208,39.62655836,-105.00073260,1666.951,35.7,0.0,-1.2,0.00,10
2024-08-03T01:31:09.973Z,209,39.62655837,-105.00073260,1666.951,37.0,0.0,-1.2,0.00,10
2024-08-03T01:31:10.007Z,210,39.62655837,-105.00073259,1666.951,38.2,0.0,-1.2,0.00,10
2024-08-03T01:31:10.040Z,211,39.62655834,-105.00073252,1666.951,38.7,0.0,-1.2,0.00,10
2024-08-03T01:31:10.073Z,212,39.62655831,-105.00073245,1666.951,39.3,0.0,-1.2,0.00,10
2024-08-03T01:31:10.107Z,213,39.62655828,-105.00073240,1666.951,39.7,0.0,-1.2,0.00,10
2024-08-03T01:31:10.140Z,214,39.62655827,-105.00073240,1666.951,39.9,0.0,-1.2,0.00,10
2024-08-03T01:31:10.173Z,215,39.62655827,-105.00073240,1666.951,40.1,0.0,-1.2,0.00,10
2024-08-03T01:31:10.207Z,216,39.62655825,-105.00073240,1666.951,40.2,0.0,-1.2,0.00,10
2024-08-03T01:31:10.240Z,217,39.62655822,-105.00073240,1666.951,40.3,0.0,-1.2,0.00,10
2024-08-03T01:31:10.273Z,218,39.62655818,-105.00073240,1666.951,40.4,0.0,-1.2,0.00,10
2024-08-03T01:31:10.307Z,219,39.62655815,-105.00073240,1666.951,40.5,0.0,-1.2,0.00,10
2024-08-03T01:31:10.340Z,220,39.62655815,-105.00073240,1666.951,40.5,0.0,-1.2,0.00,10
2024-08-03T01:31:10.374Z,221,39.62655815,-105.00073240,1666.951,40.5,0.0,-1.2,0.00,10
2024-08-03T01:31:10.407Z,222,39.62655814,-105.00073238,1666.951,40.5,0.0,-1.2,0.00,10
2024-08-03T01:31:10.440Z,223,39.62655811,-105.00073228,1666.951,40.5,0.0,-1.2,0.00,10
2024-08-03T01:31:10.474Z,224,39.62655808,-105.00073218,1666.951,40.5,0.0,-1.2,0.00,10
2024-08-03T01:31:10.507Z,225,39.62655805,-105.00073210,1666.951,40.5,0.0,-1.2,0.00,10
2024-08-03T01:31:10.540Z,226,39.62655805,-105.00073210,1666.951,40.5,0.0,-1.2,0.00,10
2024-08-03T01:31:10.574Z,227,39.62655804,-105.00073210,1666.951,40.5,0.0,-1.2,0.00,10
2024-08-03T01:31:10.607Z,228,39.62655803,-105.00073208,1666.951,40.5,0.0,-1.2,0.00,10
2024-08-03T01:31:10.640Z,229,39.62655800,-105.00073202,1666.951,40.5,0.0,-1.2,0.00,10
2024-08-03T01:31:10.674Z,230,39.62655797,-105.00073195,1666.951,40.6,0.0,-1.2,0.00,10
2024-08-03T01:31:10.707Z,231,39.62655794,-105.00073190,1666.951,40.6,0.0,-1.2,0.00,10
2024-08-03T01:31:10.741Z,232,39.62655794,-105.00073190,1666.951,40.6,0.0,-1.2,0.00,10
2024-08-03T01:31:10.774Z,233,39.62655793,-105.00073190,1666.951,40.5,0.0,-1.2,0.00,10
2024-08-03T01:31:10.807Z,234,39.62655794,-105.00073188,1666.951,40.5,0.0,-1.2,0.00,10
2024-08-03T01:31:10.841Z,235,39.62655798,-105.00073182,1666.951,40.5,0.0,-1.2,0.00,10
2024-08-03T01:31:10.874Z,236,39.62655801,-105.00073175,1666.951,40.4,0.0,-1.2,0.00,10
2024-08-03T01:31:10.907Z,237,39.62655804,-105.00073170,1666.951,40.4,0.0,-1.2,0.00,10
2024-08-03T01:31:10.941Z,238,39.62655802,-105.00073170,1666.951,40.4,0.0,-1.2,0.00,10
2024-08-03T01:31:10.974Z,239,39.62655801,-105.00073170,1666.951,40.4,0.0,-1.2,0.00,10
2024-08-03T01:31:11.008Z,240,39.62655800,-105.00073172,1666.976,40.4,0.0,-1.2,0.00,10
2024-08-03T01:31:11.041Z,241,39.62655798,-105.00073178,1667.077,40.4,0.0,-1.2,0.00,10
2024-08-03T01:31:11.074Z,242,39.62655796,-105.00073185,1667.179,40.5,0.0,-1.2,0.00,10
2024-08-03T01:31:11.108Z,243,39.62655794,-105.00073190,1667.256,40.5,0.0,-1.2,0.00,10
2024-08-03T01:31:11.141Z,244,39.62655794,-105.00073190,1667.256,40.5,0.0,-1.2,0.00,10
2024-08-03T01:31:11.174Z,245,39.62655794,-105.00073190,1667.256,40.5,0.0,-1.2,0.00,10
2024-08-03T01:31:11.208Z,246,39.62655795,-105.00073192,1667.256,40.5,0.0,-1.2,0.00,10
2024-08-03T01:31:11.241Z,247,39.62655799,-105.00073198,1667.256,40.5,0.0,-1.2,0.00,10
2024-08-03T01:31:11.274Z,248,39.62655802,-105.00073205,1667.256,40.6,0.0,-1.2,0.00,10
2024-08-03T01:31:11.308Z,249,39.62655805,-105.00073210,1667.256,40.6,0.0,-1.2,0.00,10
2024-08-03T01:31:11.341Z,250,39.62655805,-105.00073210,1667.256,40.6,0.0,-1.2,0.00,10
2024-08-03T01:31:11.375Z,251,39.62655805,-105.00073210,1667.256,40.6,0.0,-1.2,0.00,10
2024-08-03T01:31:11.408Z,252,39.62655807,-105.00073207,1667.256,40.6,0.0,-1.2,0.00,10
2024-08-03T01:31:11.441Z,253,39.62655814,-105.00073193,1667.256,40.6,0.0,-1.2,0.00,10
2024-08-03T01:31:11.475Z,254,39.62655821,-105.00073180,1667.256,40.5,0.0,-1.2,0.00,10
2024-08-03T01:31:11.508Z,255,39.62655826,-105.00073170,1667.256,40.5,0.0,-1.2,0.00,10
2024-08-03T01:31:11.541Z,256,39.62655828,-105.00073170,1667.256,40.4,0.0,-1.2,0.00,10
2024-08-03T01:31:11.575Z,257,39.62655829,-105.00073170,1667.256,40.3,0.0,-1.2,0.00,10
2024-08-03T01:31:11.608Z,258,39.62655830,-105.00073167,1667.256,40.2,0.0,-1.2,0.01,10
2024-08-03T01:31:11.641Z,259,39.62655829,-105.00073157,1667.256,40.2,0.0,-1.2,0.04,10
2024-08-03T01:31:11.675Z,260,39.62655828,-105.00073147,1667.256,40.2,0.0,-1.2,0.08,10
2024-08-03T01:31:11.708Z,261,39.62655829,-105.00073143,1667.256,40.2,0.0,-1.2,0.12,10
2024-08-03T01:31:11.742Z,262,39.62655835,-105.00073157,1667.256,40.3,0.0,-1.2,0.21,10
2024-08-03T01:31:11.775Z,263,39.62655841,-105.00073170,1667.256,40.4,0.0,-1.2,0.30,10
2024-08-03T01:31:11.808Z,264,39.62655847,-105.00073182,1667.256,40.5,0.0,-1.2,0.37,10
2024-08-03T01:31:11.842Z,265,39.62655856,-105.00073188,1667.256,40.6,0.0,-1.2,0.42,10
2024-08-03T01:31:11.875Z,266,39.62655865,-105.00073195,1667.256,40.7,0.0,-1.2,0.47,10
2024-08-03T01:31:11.908Z,267,39.62655875,-105.00073205,1667.256,40.7,0.0,-1.2,0.52,10
2024-08-03T01:31:11.942Z,268,39.62655888,-105.00073225,1667.256,40.7,0.0,-1.2,0.59,10
2024-08-03T01:31:11.975Z,269,39.62655901,-105.00073245,1667.256,40.7,0.0,-1.2,0.67,10
2024-08-03T01:31:12.009Z,270,39.62655917,-105.00073265,1667.256,40.7,0.0,-1.2,0.74,10
2024-08-03T01:31:12.042Z,271,39.62655941,-105.00073285,1667.256,40.7,0.0,-1.2,0.81,10
2024-08-03T01:31:12.075Z,272,39.62655965,-105.00073305,1667.256,40.6,0.0,-1.2,0.87,10
2024-08-03T01:31:12.109Z,273,39.62655988,-105.00073332,1667.256,40.6,0.0,-1.2,0.95,10
2024-08-03T01:31:12.142Z,274,39.62656008,-105.00073375,1667.256,40.6,0.0,-1.2,1.04,10
2024-08-03T01:31:12.175Z,275,39.62656027,-105.00073419,1667.256,40.7,0.0,-1.2,1.14,10
2024-08-03T01:31:12.209Z,276,39.62656054,-105.00073456,1667.256,40.7,0.0,-1.2,1.22,10
2024-08-03T01:31:12.242Z,277,39.62656099,-105.00073476,1667.256,40.7,0.0,-1.2,1.30,10
2024-08-03T01:31:12.275Z,278,39.62656144,-105.00073496,1667.256,40.8,0.0,-1.2,1.37,10
2024-08-03T01:31:12.309Z,279,39.62656187,-105.00073528,1667.256,40.8,0.0,-1.2,1.45,10
2024-08-03T01:31:12.342Z,280,39.62656223,-105.00073591,1667.256,40.8,0.0,-1.2,1.57,10
2024-08-03T01:31:12.376Z,281,39.62656258,-105.00073654,1667.256,40.8,0.0,-1.2,1.69,10
2024-08-03T01:31:12.409Z,282,39.62656301,-105.00073708,1667.256,40.8,0.0,-1.2,1.81,10
2024-08-03T01:31:12.442Z,283,39.62656360,-105.00073738,1667.256,40.8,0.0,-1.2,1.90,10
2024-08-03T01:31:12.476Z,284,39.62656420,-105.00073769,1667.256,40.8,0.0,-1.2,1.99,10
2024-08-03T01:31:12.509Z,285,39.62656474,-105.00073809,1667.256,40.8,0.0,-1.2,2.09,10
2024-08-03T01:31:12.542Z,286,39.62656516,-105.00073876,1667.256,40.8,0.0,-1.2,2.18,10
2024-08-03T01:31:12.576Z,287,39.62656559,-105.00073942,1667.256,40.9,0.0,-1.2,2.28,10
2024-08-03T01:31:12.609Z,288,39.62656610,-105.00074002,1667.256,40.9,0.0,-1.2,2.36,10
2024-08-03T01:31:12.642Z,289,39.62656681,-105.00074046,1667.256,40.9,0.0,-1.2,2.44,10
2024-08-03T01:31:12.676Z,290,39.62656753,-105.00074089,1667.256,40.9,0.0,-1.2,2.51,10
2024-08-03T01:31:12.709Z,291,39.62656821,-105.00074147,1667.256,40.9,0.0,-1.2,2.58,10
2024-08-03T01:31:12.743Z,292,39.62656881,-105.00074241,1667.256,41.0,0.0,-1.2,2.65,10
2024-08-03T01:31:12.776Z,293,39.62656940,-105.00074334,1667.256,41.1,0.0,-1.2,2.72,10
2024-08-03T01:31:12.809Z,294,39.62657004,-105.00074413,1667.256,41.2,0.0,-1.2,2.76,10
2024-08-03T01:31:12.843Z,295,39.62657077,-105.00074456,1667.256,41.2,0.0,-1.2,2.74,10
2024-08-03T01:31:12.876Z,296,39.62657150,-105.00074500,1667.256,41.3,0.0,-1.2,2.72,10
2024-08-03T01:31:12.909Z,297,39.62657217,-105.00074554,1667.256,41.2,0.0,-1.2,2.69,10
2024-08-03T01:31:12.943Z,298,39.62657267,-105.00074634,1667.256,41.0,0.0,-1.2,2.64,10
2024-08-03T01:31:12.976Z,299,39.62657318,-105.00074714,1667.256,40.8,0.0,-1.2,2.59,10
2024-08-03T01:31:13.010Z,300,39.62657374,-105.00074777,1667.256,40.7,0.0,-1.2,2.54,10
2024-08-03T01:31:13.043Z,301,39.62657442,-105.00074800,1667.256,40.6,0.0,-1.2,2.47,10
2024-08-03T01:31:13.076Z,302,39.62657511,-105.00074824,1667.256,40.5,0.0,-1.2,2.39,10
2024-08-03T01:31:13.110Z,303,39.62657572,-105.00074861,1667.256,40.6,0.0,-1.2,2.31,10
2024-08-03T01:31:13.143Z,304,39.62657614,-105.00074931,1667.256,40.8,0.0,-1.2,2.22,10
2024-08-03T01:31:13.176Z,305,39.62657657,-105.00075001,1667.256,41.0,0.0,-1.2,2.13,10
2024-08-03T01:31:13.210Z,306,39.62657698,-105.00075055,1667.256,41.1,0.0,-1.2,2.02,10
2024-08-03T01:31:13.243Z,307,39.62657738,-105.00075072,1667.256,41.0,0.0,-1.2,1.88,10
2024-08-03T01:31:13.276Z,308,39.62657778,-105.00075088,1667.256,40.9,0.0,-1.2,1.74,10
2024-08-03T01:31:13.310Z,309,39.62657813,-105.00075112,1667.256,40.7,0.0,-1.2,1.60,10
2024-08-03T01:31:13.343Z,310,39.62657837,-105.00075152,1667.256,40.4,0.0,-1.2,1.46,10
2024-08-03T01:31:13.377Z,311,39.62657862,-105.00075192,1667.256,40.1,0.0,-1.2,1.32,10
2024-08-03T01:31:13.410Z,312,39.62657886,-105.00075223,1667.256,39.9,0.0,-1.2,1.20,10
2024-08-03T01:31:13.443Z,313,39.62657908,-105.00075233,1667.256,39.9,0.0,-1.2,1.12,10
2024-08-03T01:31:13.477Z,314,39.62657931,-105.00075243,1667.256,40.0,0.0,-1.2,1.05,10
2024-08-03T01:31:13.510Z,315,39.62657951,-105.00075258,1667.256,40.0,0.0,-1.2,0.98,10
2024-08-03T01:31:13.543Z,316,39.62657968,-105.00075285,1667.256,40.2,0.0,-1.2,0.90,10
2024-08-03T01:31:13.577Z,317,39.62657985,-105.00075312,1667.256,40.3,0.0,-1.2,0.83,10
2024-08-03T01:31:13.610Z,318,39.62658000,-105.00075330,1667.256,40.4,0.0,-1.2,0.77,10
2024-08-03T01:31:13.643Z,319,39.62658008,-105.00075330,1667.256,40.4,0.0,-1.3,0.72,10
2024-08-03T01:31:13.677Z,320,39.62658016,-105.00075330,1667.256,40.4,0.0,-1.4,0.67,10
2024-08-03T01:31:13.710Z,321,39.62658024,-105.00075335,1667.256,40.4,0.0,-1.5,0.61,10
2024-08-03T01:31:13.744Z,322,39.62658035,-105.00075352,1667.256,40.3,0.0,-1.7,0.52,10
2024-08-03T01:31:13.777Z,323,39.62658045,-105.00075369,1667.256,40.2,0.0,-1.9,0.42,10
2024-08-03T01:31:13.810Z,324,39.62658054,-105.00075379,1667.256,40.1,0.0,-2.1,0.35,10
2024-08-03T01:31:13.844Z,325,39.62658060,-105.00075376,1667.256,39.9,0.0,-2.5,0.33,10
2024-08-03T01:31:13.877Z,326,39.62658067,-105.00075372,1667.256,39.7,0.0,-2.9,0.30,10
2024-08-03T01:31:13.910Z,327,39.62658073,-105.00075372,1667.256,39.5,0.0,-3.3,0.27,10
2024-08-03T01:31:13.944Z,328,39.62658077,-105.00075379,1667.256,39.1,0.0,-3.7,0.22,10
2024-08-03T01:31:13.977Z,329,39.62658082,-105.00075386,1667.256,38.7,0.0,-4.2,0.17,10
2024-08-03T01:31:14.011Z,330,39.62658086,-105.00075388,1667.256,38.2,0.0,-4.7,0.13,10
2024-08-03T01:31:14.044Z,331,39.62658088,-105.00075381,1667.256,37.7,0.0,-5.2,0.08,10
2024-08-03T01:31:14.077Z,332,39.62658090,-105.00075374,1667.256,37.2,0.0,-5.7,0.03,10
2024-08-03T01:31:14.111Z,333,39.62658091,-105.00075371,1667.256,36.7,0.0,-6.3,0.00,10
2024-08-03T01:31:14.144Z,334,39.62658092,-105.00075374,1667.256,36.1,0.0,-6.8,0.00,10
2024-08-03T01:31:14.177Z,335,39.62658093,-105.00075378,1667.256,35.6,0.0,-7.3,0.00,10
2024-08-03T01:31:14.211Z,336,39.62658093,-105.00075377,1667.256,35.0,0.0,-7.9,0.00,10
2024-08-03T01:31:14.244Z,337,39.62658091,-105.00075367,1667.256,34.5,0.0,-8.4,0.00,10
2024-08-03T01:31:14.277Z,338,39.62658089,-105.00075357,1667.256,34.0,0.0,-8.9,0.00,10
2024-08-03T01:31:14.311Z,339,39.62658087,-105.00075350,1667.256,33.5,0.0,-9.5,0.00,10
2024-08-03T01:31:14.344Z,340,39.62658087,-105.00075350,1667.256,32.9,0.0,-10.0,0.00,10
2024-08-03T01:31:14.378Z,341,39.62658086,-105.00075350,1667.256,32.4,0.0,-10.5,0.00,10
2024-08-03T01:31:14.411Z,342,39.62658085,-105.00075345,1667.256,31.8,0.0,-11.1,0.00,10
2024-08-03T01:31:14.444Z,343,39.62658081,-105.00075332,1667.256,31.3,0.0,-11.6,0.00,10
2024-08-03T01:31:14.478Z,344,39.62658077,-105.00075319,1667.256,30.8,0.0,-12.1,0.00,10
2024-08-03T01:31:14.511Z,345,39.62658075,-105.00075309,1667.256,30.3,0.0,-12.6,0.00,10
2024-08-03T01:31:14.544Z,346,39.62658074,-105.00075306,1667.256,29.8,0.0,-13.1,0.00,10
2024-08-03T01:31:14.578Z,347,39.62658073,-105.00075302,1667.256,29.3,0.0,-13.6,0.00,10
2024-08-03T01:31:14.611Z,348,39.62658072,-105.00075297,1667.256,28.8,0.0,-14.1,0.00,10
2024-08-03T01:31:14.644Z,349,39.62658069,-105.00075287,1667.256,28.3,0.0,-14.6,0.00,10
2024-08-03T01:31:14.678Z,350,39.62658067,-105.00075276,1667.256,27.7,0.0,-15.1,0.00,10
2024-08-03T01:31:14.711Z,351,39.62658065,-105.00075269,1667.256,27.2,0.0,-15.6,0.00,10
2024-08-03T01:31:14.745Z,352,39.62658064,-105.00075265,1667.256,26.8,0.0,-16.0,0.00,10
2024-08-03T01:31:14.778Z,353,39.62658063,-105.00075262,1667.256,26.3,0.0,-16.5,0.00,10
2024-08-03T01:31:14.811Z,354,39.62658062,-105.00075259,1667.256,25.8,0.0,-17.0,0.00,10
2024-08-03T01:31:14.845Z,355,39.62658059,-105.00075255,1667.256,25.4,0.0,-17.5,0.00,10
2024-08-03T01:31:14.878Z,356,39.62658057,-105.00075252,1667.256,24.9,0.0,-18.0,0.00,10
2024-08-03T01:31:14.911Z,357,39.62658055,-105.00075250,1667.256,24.4,0.0,-18.5,0.00,10
2024-08-03T01:31:14.945Z,358,39.62658055,-105.00075250,1667.256,24.0,0.0,-18.9,0.00,10
2024-08-03T01:31:14.978Z,359,39.62658056,-105.00075250,1667.256,23.5,0.0,-19.4,0.00,10
2024-08-03T01:31:15.012Z,360,39.62658056,-105.00075246,1667.256,23.0,0.0,-19.9,0.00,10
2024-08-03T01:31:15.045Z,361,39.62658056,-105.00075236,1667.256,22.6,0.0,-20.3,0.00,10
2024-08-03T01:31:15.078Z,362,39.62658057,-105.00075226,1667.256,22.1,0.0,-20.8,0.00,10
2024-08-03T01:31:15.112Z,363,39.62658057,-105.00075220,1667.256,21.6,0.0,-21.3,0.00,10
2024-08-03T01:31:15.145Z,364,39.62658058,-105.00075220,1667.256,21.2,0.0,-21.7,0.00,10
2024-08-03T01:31:15.178Z,365,39.62658059,-105.00075220,1667.256,20.7,0.0,-22.2,0.00,10
2024-08-03T01:31:15.212Z,366,39.62658060,-105.00075220,1667.256,20.2,0.0,-22.7,0.00,10
2024-08-03T01:31:15.245Z,367,39.62658063,-105.00075220,1667.256,19.8,0.0,-23.1,0.00,10
2024-08-03T01:31:15.278Z,368,39.62658065,-105.00075220,1667.256,19.3,0.0,-23.5,0.00,10
2024-08-03T01:31:15.312Z,369,39.62658068,-105.00075220,1667.256,18.8,0.0,-24.0,0.00,10
2024-08-03T01:31:15.345Z,370,39.62658069,-105.00075220,1667.256,18.4,0.0,-24.4,0.00,10
2024-08-03T01:31:15.379Z,371,39.62658071,-105.00075220,1667.256,17.9,0.0,-24.9,0.00,10
2024-08-03T01:31:15.412Z,372,39.62658073,-105.00075221,1667.256,17.4,0.0,-25.4,0.00,10
2024-08-03T01:31:15.445Z,373,39.62658074,-105.00075225,1667.256,17.0,0.0,-25.8,0.00,10
2024-08-03T01:31:15.479Z,374,39.62658076,-105.00075228,1667.256,16.5,0.0,-26.2,0.00,10
2024-08-03T01:31:15.512Z,375,39.62658078,-105.00075229,1667.256,16.0,0.0,-26.7,0.00,10
2024-08-03T01:31:15.545Z,376,39.62658079,-105.00075225,1667.256,15.6,0.0,-27.1,0.00,10
2024-08-03T01:31:15.579Z,377,39.62658080,-105.00075222,1667.256,15.2,0.0,-27.5,0.00,10
2024-08-03T01:31:15.612Z,378,39.62658083,-105.00075219,1667.256,14.7,0.0,-28.0,0.00,10
2024-08-03T01:31:15.645Z,379,39.62658088,-105.00075215,1667.256,14.3,0.0,-28.4,0.00,10
2024-08-03T01:31:15.679Z,380,39.62658094,-105.00075212,1667.256,13.9,0.0,-28.9,0.00,10
2024-08-03T01:31:15.712Z,381,39.62658097,-105.00075210,1667.256,13.4,0.0,-29.4,0.00,10
2024-08-03T01:31:15.746Z,382,39.62658098,-105.00075210,1667.256,13.0,0.0,-29.8,0.00,10
2024-08-03T01:31:15.779Z,383,39.62658099,-105.00075210,1667.256,12.6,0.0,-30.2,0.00,10
2024-08-03T01:31:15.812Z,384,39.62658100,-105.00075207,1667.256,12.1,0.0,-30.7,0.00,10
2024-08-03T01:31:15.846Z,385,39.62658102,-105.00075201,1667.256,11.7,0.0,-31.1,0.00,10
2024-08-03T01:31:15.879Z,386,39.62658104,-105.00075194,1667.256,11.2,0.0,-31.5,0.00,10
2024-08-03T01:31:15.912Z,387,39.62658105,-105.00075191,1667.256,10.7,0.0,-32.0,0.00,10
2024-08-03T01:31:15.946Z,388,39.62658105,-105.00075195,1667.256,10.3,0.0,-32.4,0.00,10
2024-08-03T01:31:15.979Z,389,39.62658106,-105.00075198,1667.256,9.9,0.0,-32.9,0.00,10
2024-08-03T01:31:16.013Z,390,39.62658108,-105.00075201,1667.256,9.4,0.0,-33.4,0.00,10
2024-08-03T01:31:16.046Z,391,39.62658112,-105.00075205,1667.256,9.0,0.0,-33.8,0.00,10
2024-08-03T01:31:16.079Z,392,39.62658116,-105.00075208,1667.256,8.5,0.0,-34.2,0.00,10
2024-08-03T01:31:16.113Z,393,39.62658119,-105.00075211,1667.256,8.0,0.0,-34.7,0.00,10
2024-08-03T01:31:16.146Z,394,39.62658120,-105.00075215,1667.256,7.6,0.0,-35.1,0.00,10
2024-08-03T01:31:16.179Z,395,39.62658121,-105.00075218,1667.256,7.2,0.0,-35.5,0.00,10
2024-08-03T01:31:16.213Z,396,39.62658124,-105.00075224,1667.256,6.7,0.0,-36.0,0.00,10
2024-08-03T01:31:16.246Z,397,39.62658129,-105.00075234,1667.256,6.3,0.0,-36.5,0.00,10
2024-08-03T01:31:16.279Z,398,39.62658133,-105.00075244,1667.256,5.9,0.0,-36.9,0.00,10
2024-08-03T01:31:16.313Z,399,39.62658137,-105.00075251,1667.256,5.4,0.0,-37.4,0.00,10
2024-08-03T01:31:16.346Z,400,39.62658138,-105.00075255,1667.256,5.0,0.0,-37.8,0.00,10
2024-08-03T01:31:16.380Z,401,39.62658139,-105.00075258,1667.256,4.6,0.0,-38.2,0.00,10
2024-08-03T01:31:16.413Z,402,39.62658142,-105.00075261,1667.256,4.1,0.0,-38.7,0.00,10
2024-08-03T01:31:16.446Z,403,39.62658147,-105.00075265,1667.256,3.6,0.0,-39.2,0.00,10
2024-08-03T01:31:16.480Z,404,39.62658153,-105.00075268,1667.256,3.2,0.0,-39.6,0.00,10
2024-08-03T01:31:16.513Z,405,39.62658156,-105.00075270,1667.256,2.7,0.0,-40.1,0.00,10
2024-08-03T01:31:16.546Z,406,39.62658156,-105.00075270,1667.256,2.3,0.0,-40.5,0.00,10
2024-08-03T01:31:16.580Z,407,39.62658157,-105.00075270,1667.256,1.9,0.0,-40.9,0.00,10
2024-08-03T01:31:16.613Z,408,39.62658157,-105.00075270,1667.256,1.4,0.0,-41.4,0.00,10
2024-08-03T01:31:16.646Z,409,39.62658156,-105.00075270,1667.256,0.9,0.0,-41.9,0.00,10
2024-08-03T01:31:16.680Z,410,39.62658155,-105.00075270,1667.256,0.5,0.0,-42.3,0.00,10
2024-08-03T01:31:16.713Z,411,39.62658155,-105.00075271,1667.256,0.0,0.0,-42.8,0.00,10
2024-08-03T01:31:16.747Z,412,39.62658154,-105.00075275,1667.256,-0.4,0.0,-43.2,0.00,10
2024-08-03T01:31:16.780Z,413,39.62658153,-105.00075278,1667.256,-0.8,0.0,-43.6,0.00,10
2024-08-03T01:31:16.813Z,414,39.62658155,-105.00075279,1667.256,-1.2,0.0,-44.1,0.00,10
2024-08-03T01:31:16.847Z,415,39.62658158,-105.00075275,1667.256,-1.7,0.0,-44.5,0.00,10
2024-08-03T01:31:16.880Z,416,39.62658162,-105.00075272,1667.256,-2.1,0.0,-44.9,0.00,10
2024-08-03T01:31:16.913Z,417,39.62658164,-105.00075271,1667.256,-2.6,0.0,-45.4,0.00,10
2024-08-03T01:31:16.947Z,418,39.62658164,-105.00075275,1667.256,-3.0,0.0,-45.8,0.00,10
2024-08-03T01:31:16.980Z,419,39.62658165,-105.00075278,1667.256,-3.4,0.0,-46.2,0.00,10
2024-08-03T01:31:17.014Z,420,39.62658165,-105.00075280,1667.256,-3.9,0.0,-46.7,0.00,10
2024-08-03T01:31:17.047Z,421,39.62658165,-105.00075280,1667.256,-4.3,0.0,-47.0,0.00,10
2024-08-03T01:31:17.080Z,422,39.62658166,-105.00075280,1667.256,-4.7,0.0,-47.4,0.00,10
2024-08-03T01:31:17.114Z,423,39.62658166,-105.00075281,1667.256,-5.1,0.0,-47.7,0.00,10
2024-08-03T01:31:17.147Z,424,39.62658167,-105.00075285,1667.256,-5.4,0.0,-48.0,0.00,10
2024-08-03T01:31:17.180Z,425,39.62658168,-105.00075288,1667.256,-5.8,0.0,-48.2,0.00,10
2024-08-03T01:31:17.214Z,426,39.62658169,-105.00075290,1667.256,-6.1,0.0,-48.5,0.00,10
2024-08-03T01:31:17.247Z,427,39.62658171,-105.00075290,1667.256,-6.5,0.0,-48.7,0.00,10
2024-08-03T01:31:17.280Z,428,39.62658174,-105.00075290,1667.256,-6.8,0.0,-48.9,0.00,10
2024-08-03T01:31:17.314Z,429,39.62658176,-105.00075291,1667.256,-7.1,0.0,-49.0,0.00,10
2024-08-03T01:31:17.347Z,430,39.62658179,-105.00075295,1667.256,-7.2,0.0,-49.1,0.00,10
2024-08-03T01:31:17.381Z,431,39.62658181,-105.00075298,1667.256,-7.4,0.0,-49.2,0.00,10
2024-08-03T01:31:17.414Z,432,39.62658186,-105.00075299,1667.256,-7.5,0.0,-49.3,0.01,10
2024-08-03T01:31:17.447Z,433,39.62658192,-105.00075295,1667.256,-7.6,0.0,-49.4,0.05,10
2024-08-03T01:31:17.481Z,434,39.62658198,-105.00075292,1667.256,-7.7,0.0,-49.5,0.08,10
2024-08-03T01:31:17.514Z,435,39.62658205,-105.00075293,1667.256,-7.8,0.0,-49.5,0.11,10
2024-08-03T01:31:17.547Z,436,39.62658213,-105.00075300,1667.256,-7.9,0.0,-49.6,0.15,10
2024-08-03T01:31:17.581Z,437,39.62658221,-105.00075306,1667.256,-8.0,0.0,-49.7,0.18,10
2024-08-03T01:31:17.614Z,438,39.62658228,-105.00075307,1667.301,-8.0,0.0,-49.7,0.20,10
2024-08-03T01:31:17.647Z,439,39.62658236,-105.00075300,1667.402,-8.0,0.0,-49.7,0.20,10
2024-08-03T01:31:17.681Z,440,39.62658244,-105.00075294,1667.504,-8.0,0.0,-49.8,0.20,10
2024-08-03T01:31:17.714Z,441,39.62658252,-105.00075291,1667.561,-8.0,0.0,-49.8,0.20,10
2024-08-03T01:31:17.748Z,442,39.62658261,-105.00075295,1667.561,-8.0,0.0,-49.8,0.20,10
2024-08-03T01:31:17.781Z,443,39.62658269,-105.00075298,1667.561,-8.1,0.0,-49.9,0.20,10
2024-08-03T01:31:17.814Z,444,39.62658277,-105.00075299,1667.561,-8.1,0.0,-49.9,0.20,10
2024-08-03T01:31:17.848Z,445,39.62658282,-105.00075295,1667.561,-8.2,0.0,-49.9,0.20,10
2024-08-03T01:31:17.881Z,446,39.62658288,-105.00075292,1667.561,-8.3,0.0,-49.9,0.20,10
2024-08-03T01:31:17.914Z,447,39.62658295,-105.00075290,1667.606,-8.3,0.0,-49.9,0.20,10
2024-08-03T01:31:17.948Z,448,39.62658305,-105.00075290,1667.708,-8.3,0.0,-49.9,0.20,10
2024-08-03T01:31:17.981Z,449,39.62658314,-105.00075290,1667.810,-8.2,0.0,-49.9,0.20,10
2024-08-03T01:31:18.015Z,450,39.62658324,-105.00075290,1667.911,-8.2,0.0,-49.9,0.20,10
2024-08-03T01:31:18.048Z,451,39.62658336,-105.00075290,1668.013,-8.2,0.0,-49.9,0.20,10
2024-08-03T01:31:18.081Z,452,39.62658348,-105.00075290,1668.115,-8.2,0.0,-49.9,0.20,10
2024-08-03T01:31:18.115Z,453,39.62658357,-105.00075292,1668.170,-8.2,0.0,-49.9,0.18,10
2024-08-03T01:31:18.148Z,454,39.62658365,-105.00075295,1668.170,-8.2,0.0,-49.9,0.15,10
2024-08-03T01:31:18.181Z,455,39.62658372,-105.00075298,1668.170,-8.2,0.0,-49.9,0.12,10
2024-08-03T01:31:18.215Z,456,39.62658377,-105.00075294,1668.217,-8.2,0.0,-49.9,0.10,10
2024-08-03T01:31:18.248Z,457,39.62658380,-105.00075281,1668.318,-8.2,0.0,-49.9,0.10,10
2024-08-03T01:31:18.281Z,458,39.62658383,-105.00075267,1668.420,-8.2,0.0,-49.9,0.10,10
2024-08-03T01:31:18.315Z,459,39.62658389,-105.00075262,1668.522,-8.2,0.0,-49.9,0.10,10
2024-08-03T01:31:18.348Z,460,39.62658396,-105.00075265,1668.624,-8.2,0.0,-49.9,0.10,10
2024-08-03T01:31:18.382Z,461,39.62658404,-105.00075268,1668.725,-8.2,0.0,-49.9,0.10,10
2024-08-03T01:31:18.415Z,462,39.62658407,-105.00075268,1668.874,-8.2,0.0,-49.9,0.10,10
2024-08-03T01:31:18.448Z,463,39.62658406,-105.00075265,1669.077,-8.2,0.0,-49.9,0.10,10
2024-08-03T01:31:18.482Z,464,39.62658405,-105.00075262,1669.281,-8.1,0.0,-49.9,0.10,10
2024-08-03T01:31:18.515Z,465,39.62658406,-105.00075262,1669.437,-8.1,0.0,-49.9,0.10,10
2024-08-03T01:31:18.548Z,466,39.62658411,-105.00075265,1669.539,-8.1,0.0,-49.9,0.10,10
2024-08-03T01:31:18.582Z,467,39.62658416,-105.00075268,1669.640,-8.1,0.0,-49.9,0.10,10
2024-08-03T01:31:18.615Z,468,39.62658418,-105.00075267,1669.742,-8.1,0.0,-49.9,0.08,10
2024-08-03T01:31:18.648Z,469,39.62658415,-105.00075260,1669.844,-8.1,0.0,-49.9,0.05,10
2024-08-03T01:31:18.682Z,470,39.62658412,-105.00075254,1669.945,-8.1,0.0,-49.9,0.02,10
2024-08-03T01:31:18.715Z,471,39.62658413,-105.00075252,1670.047,-8.1,0.0,-49.9,0.00,10
2024-08-03T01:31:18.749Z,472,39.62658417,-105.00075255,1670.149,-8.1,0.0,-49.9,0.00,10
2024-08-03T01:31:18.782Z,473,39.62658421,-105.00075258,1670.251,-8.1,0.0,-49.9,0.00,10
2024-08-03T01:31:18.815Z,474,39.62658424,-105.00075260,1670.400,-8.1,0.0,-49.9,0.00,10
2024-08-03T01:31:18.849Z,475,39.62658427,-105.00075260,1670.604,-8.1,0.0,-49.9,0.00,10
2024-08-03T01:31:18.882Z,476,39.62658430,-105.00075260,1670.807,-8.0,0.0,-49.9,0.00,10
2024-08-03T01:31:18.915Z,477,39.62658432,-105.00075262,1670.962,-8.0,0.0,-49.9,0.00,10
2024-08-03T01:31:18.949Z,478,39.62658433,-105.00075265,1671.064,-8.0,0.0,-49.9,0.00,10
2024-08-03T01:31:18.982Z,479,39.62658434,-105.00075268,1671.166,-7.9,0.0,-49.9,0.00,10
2024-08-03T01:31:19.016Z,480,39.62658435,-105.00075264,1671.316,-7.9,0.0,-49.9,0.00,10
2024-08-03T01:31:19.049Z,481,39.62658435,-105.00075250,1671.519,-7.9,0.0,-49.9,0.00,10
2024-08-03T01:31:19.082Z,482,39.62658436,-105.00075237,1671.723,-8.0,0.0,-49.9,0.00,11
2024-08-03T01:31:19.116Z,483,39.62658436,-105.00075232,1671.877,-8.0,0.0,-49.9,0.00,12
2024-08-03T01:31:19.149Z,484,39.62658437,-105.00075235,1671.979,-8.0,0.0,-49.9,0.00,12
2024-08-03T01:31:19.182Z,485,39.62658438,-105.00075238,1672.081,-8.0,0.0,-49.9,0.00,12
2024-08-03T01:31:19.216Z,486,39.62658438,-105.00075237,1672.232,-8.0,0.0,-49.9,0.00,12
2024-08-03T01:31:19.249Z,487,39.62658438,-105.00075230,1672.435,-8.0,0.0,-49.9,0.00,12
2024-08-03T01:31:19.282Z,488,39.62658437,-105.00075223,1672.638,-8.0,0.0,-49.9,0.00,12
2024-08-03T01:31:19.316Z,489,39.62658437,-105.00075222,1672.792,-8.0,0.0,-49.9,0.00,12
2024-08-03T01:31:19.349Z,490,39.62658437,-105.00075225,1672.894,-8.0,0.0,-49.9,0.00,12
2024-08-03T01:31:19.383Z,491,39.62658437,-105.00075228,1672.996,-8.0,0.0,-49.9,0.00,12
2024-08-03T01:31:19.416Z,492,39.62658440,-105.00075230,1673.147,-8.0,0.0,-49.9,0.00,12
2024-08-03T01:31:19.449Z,493,39.62658446,-105.00075230,1673.351,-8.0,0.0,-49.9,0.00,12
2024-08-03T01:31:19.483Z,494,39.62658453,-105.00075230,1673.554,-8.0,0.0,-49.9,0.00,12
2024-08-03T01:31:19.516Z,495,39.62658459,-105.00075228,1673.707,-8.0,0.0,-49.9,0.00,12
2024-08-03T01:31:19.549Z,496,39.62658466,-105.00075225,1673.809,-8.0,0.0,-49.9,0.00,12
2024-08-03T01:31:19.583Z,497,39.62658473,-105.00075222,1673.911,-8.0,0.0,-49.9,0.00,12
2024-08-03T01:31:19.616Z,498,39.62658478,-105.00075222,1674.063,-8.0,0.0,-49.9,0.00,12
2024-08-03T01:31:19.649Z,499,39.62658482,-105.00075225,1674.266,-8.0,0.0,-49.9,0.00,12
2024-08-03T01:31:19.683Z,500,39.62658486,-105.00075228,1674.470,-8.1,0.0,-49.9,0.00,12
2024-08-03T01:31:19.716Z,501,39.62658491,-105.00075232,1674.622,-8.1,0.0,-49.9,0.00,12
2024-08-03T01:31:19.750Z,502,39.62658496,-105.00075235,1674.724,-8.0,0.0,-49.9,0.00,12
2024-08-03T01:31:19.783Z,503,39.62658501,-105.00075238,1674.826,-8.0,0.0,-49.9,0.00,12
2024-08-03T01:31:19.816Z,504,39.62658505,-105.00075242,1674.979,-8.0,0.0,-49.9,0.00,12
2024-08-03T01:31:19.850Z,505,39.62658506,-105.00075245,1675.182,-8.0,0.0,-49.9,0.00,12
2024-08-03T01:31:19.883Z,506,39.62658507,-105.00075248,1675.385,-8.0,0.0,-49.9,0.00,12
2024-08-03T01:31:19.916Z,507,39.62658506,-105.00075248,1675.537,-8.0,0.0,-49.9,0.00,12
2024-08-03T01:31:19.950Z,508,39.62658503,-105.00075245,1675.639,-8.0,0.0,-49.9,0.00,12
2024-08-03T01:31:19.983Z,509,39.62658500,-105.00075242,1675.741,-8.0,0.0,-49.9,0.00,12
2024-08-03T01:31:20.017Z,510,39.62658499,-105.00075242,1675.894,-8.0,0.0,-49.9,0.00,12
2024-08-03T01:31:20.050Z,511,39.62658500,-105.00075245,1676.098,-8.0,0.0,-49.9,0.00,12
2024-08-03T01:31:20.083Z,512,39.62658501,-105.00075248,1676.301,-8.0,0.0,-49.9,0.00,12
2024-08-03T01:31:20.117Z,513,39.62658502,-105.00075245,1676.452,-8.0,0.0,-49.9,0.00,12
2024-08-03T01:31:20.150Z,514,39.62658503,-105.00075235,1676.554,-8.0,0.0,-49.9,0.00,12
2024-08-03T01:31:20.183Z,515,39.62658504,-105.00075225,1676.656,-8.0,0.0,-49.9,0.00,12
2024-08-03T01:31:20.217Z,516,39.62658505,-105.00075222,1676.810,-8.0,0.0,-49.9,0.00,12
2024-08-03T01:31:20.250Z,517,39.62658506,-105.00075225,1677.013,-8.0,0.0,-49.9,0.00,12
2024-08-03T01:31:20.283Z,518,39.62658507,-105.00075228,1677.217,-8.0,0.0,-49.9,0.00,12
2024-08-03T01:31:20.317Z,519,39.62658509,-105.00075228,1677.367,-8.0,0.0,-49.9,0.00,12
2024-08-03T01:31:20.350Z,520,39.62658512,-105.00075225,1677.469,-8.0,0.0,-49.9,0.00,12
2024-08-03T01:31:20.384Z,521,39.62658515,-105.00075222,1677.571,-8.0,0.0,-49.9,0.00,12
2024-08-03T01:31:20.417Z,522,39.62658518,-105.00075217,1677.725,-8.0,0.0,-49.9,0.00,12
2024-08-03T01:31:20.450Z,523,39.62658521,-105.00075210,1677.929,-8.0,0.0,-49.9,0.00,12
2024-08-03T01:31:20.484Z,524,39.62658524,-105.00075203,1678.132,-8.0,0.0,-49.9,0.00,12
2024-08-03T01:31:20.517Z,525,39.62658526,-105.00075204,1678.282,-8.0,0.0,-49.9,0.00,12
2024-08-03T01:31:20.550Z,526,39.62658527,-105.00075210,1678.384,-8.0,0.0,-49.9,0.00,12
2024-08-03T01:31:20.584Z,527,39.62658528,-105.00075217,1678.486,-8.0,0.0,-49.9,0.00,12
2024-08-03T01:31:20.617Z,528,39.62658532,-105.00075216,1678.641,-8.0,0.0,-49.9,0.00,12
2024-08-03T01:31:20.650Z,529,39.62658538,-105.00075210,1678.844,-8.0,0.0,-49.9,0.00,12
2024-08-03T01:31:20.684Z,530,39.62658545,-105.00075203,1679.048,-8.0,0.0,-49.9,0.00,12
2024-08-03T01:31:20.717Z,531,39.62658552,-105.00075202,1679.197,-8.0,0.0,-49.9,0.00,12
2024-08-03T01:31:20.751Z,532,39.62658558,-105.00075205,1679.299,-8.0,0.0,-49.9,0.00,12
2024-08-03T01:31:20.784Z,533,39.62658565,-105.00075208,1679.401,-8.0,0.0,-49.9,0.00,12
2024-08-03T01:31:20.817Z,534,39.62658569,-105.00075206,1679.557,-8.0,0.0,-49.9,0.00,12
2024-08-03T01:31:20.851Z,535,39.62658570,-105.00075200,1679.760,-8.1,0.0,-49.9,0.00,12
2024-08-03T01:31:20.884Z,536,39.62658571,-105.00075193,1679.963,-8.1,0.0,-49.9,0.00,12
2024-08-03T01:31:20.917Z,537,39.62658575,-105.00075190,1680.167,-8.1,0.0,-49.9,0.00,12
2024-08-03T01:31:20.951Z,538,39.62658581,-105.00075190,1680.370,-8.0,0.0,-49.9,0.00,12
2024-08-03T01:31:20.984Z,539,39.62658586,-105.00075190,1680.574,-8.0,0.0,-49.9,0.00,12
2024-08-03T01:31:21.018Z,540,39.62658592,-105.00075190,1680.722,-8.0,0.0,-49.9,0.00,12
2024-08-03T01:31:21.051Z,541,39.62658598,-105.00075190,1680.824,-8.0,0.0,-49.9,0.00,12
2024-08-03T01:31:21.084Z,542,39.62658604,-105.00075190,1680.926,-8.0,0.0,-49.9,0.00,12
2024-08-03T01:31:21.118Z,543,39.62658605,-105.00075186,1681.082,-8.0,0.0,-49.9,0.00,12
2024-08-03T01:31:21.151Z,544,39.62658601,-105.00075180,1681.286,-8.0,0.0,-49.9,0.00,12
2024-08-03T01:31:21.184Z,545,39.62658597,-105.00075173,1681.489,-8.0,0.0,-49.9,0.00,12
2024-08-03T01:31:21.218Z,546,39.62658594,-105.00075168,1681.637,-8.0,0.0,-49.9,0.00,12
2024-08-03T01:31:21.251Z,547,39.62658591,-105.00075165,1681.739,-8.1,0.0,-49.9,0.00,12
2024-08-03T01:31:21.284Z,548,39.62658588,-105.00075162,1681.841,-8.1,0.0,-49.9,0.00,12
2024-08-03T01:31:21.318Z,549,39.62658590,-105.00075160,1681.998,-8.1,0.0,-49.9,0.00,12
2024-08-03T01:31:21.351Z,550,39.62658594,-105.00075160,1682.201,-8.0,0.0,-49.9,0.00,12
2024-08-03T01:31:21.385Z,551,39.62658599,-105.00075160,1682.405,-8.0,0.0,-49.9,0.00,12
2024-08-03T01:31:21.418Z,552,39.62658602,-105.00075158,1682.608,-8.0,0.0,-49.9,0.00,12
2024-08-03T01:31:21.451Z,553,39.62658603,-105.00075155,1682.812,-8.0,0.0,-49.9,0.00,12
2024-08-03T01:31:21.485Z,554,39.62658604,-105.00075151,1683.015,-8.0,0.0,-49.9,0.00,12
2024-08-03T01:31:21.518Z,555,39.62658607,-105.00075150,1683.162,-8.0,0.0,-49.9,0.00,12
2024-08-03T01:31:21.551Z,556,39.62658611,-105.00075150,1683.264,-8.0,0.0,-49.9,0.00,12
2024-08-03T01:31:21.585Z,557,39.62658615,-105.00075150,1683.365,-8.0,0.0,-49.9,0.00,12
2024-08-03T01:31:21.618Z,558,39.62658616,-105.00075146,1683.467,-8.0,0.0,-49.9,0.00,12
2024-08-03T01:31:21.651Z,559,39.62658613,-105.00075140,1683.569,-8.1,0.0,-49.9,0.00,12
2024-08-03T01:31:21.685Z,560,39.62658611,-105.00075133,1683.671,-8.1,0.0,-49.9,0.00,12
2024-08-03T01:31:21.718Z,561,39.62658613,-105.00075130,1683.829,-8.1,0.0,-49.9,0.00,12
2024-08-03T01:31:21.752Z,562,39.62658617,-105.00075130,1684.033,-8.0,0.0,-49.9,0.00,12
2024-08-03T01:31:21.785Z,563,39.62658622,-105.00075130,1684.236,-8.0,0.0,-49.9,0.00,12
2024-08-03T01:31:21.818Z,564,39.62658627,-105.00075130,1684.382,-8.0,0.0,-49.9,0.00,12
2024-08-03T01:31:21.852Z,565,39.62658632,-105.00075130,1684.484,-8.0,0.0,-49.9,0.00,12
2024-08-03T01:31:21.885Z,566,39.62658637,-105.00075130,1684.586,-8.0,0.0,-49.9,0.00,12
2024-08-03T01:31:21.918Z,567,39.62658639,-105.00075128,1684.745,-8.0,0.0,-49.9,0.00,12
2024-08-03T01:31:21.952Z,568,39.62658639,-105.00075125,1684.948,-8.0,0.0,-49.9,0.00,12
2024-08-03T01:31:21.985Z,569,39.62658639,-105.00075121,1685.152,-8.0,0.0,-49.9,0.00,12
2024-08-03T01:31:22.019Z,570,39.62658637,-105.00075116,1685.355,-8.0,0.0,-49.9,0.00,12
2024-08-03T01:31:22.052Z,571,39.62658632,-105.00075110,1685.559,-8.0,0.0,-49.9,0.00,12
2024-08-03T01:31:22.085Z,572,39.62658628,-105.00075103,1685.762,-8.0,0.0,-49.9,0.00,12
2024-08-03T01:31:22.119Z,573,39.62658628,-105.00075098,1685.907,-8.0,0.0,-49.9,0.00,12
2024-08-03T01:31:22.152Z,574,39.62658632,-105.00075095,1686.009,-8.0,0.0,-49.9,0.00,12
2024-08-03T01:31:22.185Z,575,39.62658636,-105.00075091,1686.110,-8.0,0.0,-49.9,0.00,12
2024-08-03T01:31:22.219Z,576,39.62658640,-105.00075090,1686.271,-8.0,0.0,-49.9,0.00,12
2024-08-03T01:31:22.252Z,577,39.62658642,-105.00075090,1686.474,-8.0,0.0,-49.9,0.00,12
2024-08-03T01:31:22.285Z,578,39.62658645,-105.00075090,1686.678,-8.0,0.0,-49.9,0.00,12
2024-08-03T01:31:22.319Z,579,39.62658642,-105.00075090,1686.881,-8.0,-0.0,-49.9,0.00,12
2024-08-03T01:31:22.352Z,580,39.62658635,-105.00075090,1687.084,-8.1,-0.1,-49.9,0.00,12
2024-08-03T01:31:22.386Z,581,39.62658628,-105.00075090,1687.288,-8.1,-0.2,-49.9,0.00,12
2024-08-03T01:31:22.419Z,582,39.62658621,-105.00075090,1687.432,-8.1,-0.2,-49.9,0.00,12
2024-08-03T01:31:22.452Z,583,39.62658615,-105.00075090,1687.534,-8.1,-0.3,-49.9,0.00,12
2024-08-03T01:31:22.486Z,584,39.62658609,-105.00075090,1687.635,-8.1,-0.4,-49.9,0.00,12
2024-08-03T01:31:22.519Z,585,39.62658606,-105.00075088,1687.797,-8.1,-0.4,-49.9,0.00,12
2024-08-03T01:31:22.552Z,586,39.62658605,-105.00075085,1688.000,-8.0,-0.5,-49.9,0.00,12
2024-08-03T01:31:22.586Z,587,39.62658605,-105.00075081,1688.203,-8.0,-0.6,-49.9,0.00,12
2024-08-03T01:31:22.619Z,588,39.62658604,-105.00075080,1688.347,-8.0,-0.7,-49.9,0.00,12
2024-08-03T01:31:22.652Z,589,39.62658603,-105.00075080,1688.449,-8.0,-0.8,-49.9,0.00,12
2024-08-03T01:31:22.686Z,590,39.62658602,-105.00075080,1688.550,-8.0,-0.9,-49.9,0.00,12
2024-08-03T01:31:22.719Z,591,39.62658601,-105.00075080,1688.712,-8.0,-1.0,-49.9,0.00,12
2024-08-03T01:31:22.753Z,592,39.62658599,-105.00075080,1688.916,-8.1,-1.1,-49.9,0.00,12
2024-08-03T01:31:22.786Z,593,39.62658598,-105.00075080,1689.119,-8.1,-1.2,-49.9,0.00,12
2024-08-03T01:31:22.819Z,594,39.62658593,-105.00075080,1689.322,-8.1,-1.4,-49.9,0.00,12
2024-08-03T01:31:22.853Z,595,39.62658587,-105.00075080,1689.526,-8.1,-1.5,-49.9,0.00,12
2024-08-03T01:31:22.886Z,596,39.62658581,-105.00075080,1689.729,-8.1,-1.6,-49.9,0.00,12
2024-08-03T01:31:22.919Z,597,39.62658579,-105.00075080,1689.872,-8.1,-1.8,-49.9,0.00,12
2024-08-03T01:31:22.953Z,598,39.62658578,-105.00075080,1689.974,-8.0,-1.9,-49.9,0.00,12
2024-08-03T01:31:22.986Z,599,39.62658577,-105.00075080,1690.075,-8.0,-2.0,-49.9,0.00,12
2024-08-03T01:31:23.020Z,600,39.62658577,-105.00075080,1690.238,-8.0,-2.1,-49.9,0.00,12
2024-08-03T01:31:23.053Z,601,39.62658576,-105.00075080,1690.441,-8.0,-2.2,-49.9,0.00,12
2024-08-03T01:31:23.086Z,602,39.62658575,-105.00075080,1690.645,-8.0,-2.3,-49.9,0.00,12
2024-08-03T01:31:23.120Z,603,39.62658573,-105.00075078,1690.787,-8.0,-2.5,-49.9,0.00,12
2024-08-03T01:31:23.153Z,604,39.62658569,-105.00075075,1690.889,-8.1,-2.6,-49.9,0.00,12
2024-08-03T01:31:23.186Z,605,39.62658565,-105.00075071,1690.990,-8.1,-2.7,-49.9,0.00,12
2024-08-03T01:31:23.220Z,606,39.62658562,-105.00075072,1691.154,-8.1,-2.9,-49.9,0.00,12
2024-08-03T01:31:23.253Z,607,39.62658558,-105.00075075,1691.357,-8.1,-3.0,-49.9,0.00,12
2024-08-03T01:31:23.286Z,608,39.62658554,-105.00075079,1691.560,-8.1,-3.1,-49.9,0.00,12
2024-08-03T01:31:23.320Z,609,39.62658552,-105.00075078,1691.764,-8.1,-3.3,-49.9,0.00,12
2024-08-03T01:31:23.353Z,610,39.62658549,-105.00075075,1691.967,-8.1,-3.4,-49.9,0.00,12
2024-08-03T01:31:23.387Z,611,39.62658547,-105.00075071,1692.171,-8.1,-3.5,-49.9,0.00,12
2024-08-03T01:31:23.420Z,612,39.62658544,-105.00075072,1692.312,-8.1,-3.7,-49.9,0.00,12
2024-08-03T01:31:23.453Z,613,39.62658540,-105.00075075,1692.414,-8.1,-3.8,-49.9,0.00,12
2024-08-03T01:31:23.487Z,614,39.62658536,-105.00075079,1692.515,-8.1,-3.9,-49.9,0.00,12
2024-08-03T01:31:23.520Z,615,39.62658534,-105.00075082,1692.679,-8.1,-4.1,-49.9,0.00,12
2024-08-03T01:31:23.553Z,616,39.62658533,-105.00075085,1692.883,-8.1,-4.2,-49.9,0.00,12
2024-08-03T01:31:23.587Z,617,39.62658532,-105.00075089,1693.086,-8.1,-4.3,-49.9,0.00,12
2024-08-03T01:31:23.620Z,618,39.62658531,-105.00075090,1693.227,-8.1,-4.5,-49.9,0.00,12
2024-08-03T01:31:23.653Z,619,39.62658530,-105.00075090,1693.329,-8.1,-4.7,-49.9,0.00,12
2024-08-03T01:31:23.687Z,620,39.62658529,-105.00075090,1693.430,-8.1,-4.8,-49.9,0.00,12
2024-08-03T01:31:23.720Z,621,39.62658528,-105.00075092,1693.595,-8.1,-5.0,-49.9,0.00,12
2024-08-03T01:31:23.754Z,622,39.62658527,-105.00075095,1693.799,-8.1,-5.1,-49.9,0.00,12
2024-08-03T01:31:23.787Z,623,39.62658526,-105.00075099,1694.002,-8.1,-5.2,-49.9,0.00,12
2024-08-03T01:31:23.820Z,624,39.62658525,-105.00075100,1694.205,-8.1,-5.4,-49.9,0.00,12
2024-08-03T01:31:23.854Z,625,39.62658522,-105.00075100,1694.409,-8.1,-5.5,-49.9,0.00,12
2024-08-03T01:31:23.887Z,626,39.62658520,-105.00075100,1694.612,-8.1,-5.7,-49.9,0.00,12
2024-08-03T01:31:23.920Z,627,39.62658519,-105.00075102,1694.752,-8.1,-5.8,-49.9,0.00,12
2024-08-03T01:31:23.954Z,628,39.62658519,-105.00075105,1694.853,-8.1,-5.9,-49.9,0.00,12
2024-08-03T01:31:23.987Z,629,39.62658519,-105.00075109,1694.955,-8.1,-6.1,-49.9,0.00,12
2024-08-03T01:31:24.021Z,630,39.62658519,-105.00075108,1695.121,-8.1,-6.2,-49.9,0.00,12
2024-08-03T01:31:24.054Z,631,39.62658518,-105.00075105,1695.324,-8.0,-6.3,-49.9,0.00,12
2024-08-03T01:31:24.087Z,632,39.62658517,-105.00075101,1695.528,-8.0,-6.5,-49.9,0.00,12
2024-08-03T01:31:24.121Z,633,39.62658516,-105.00075102,1695.731,-8.0,-6.6,-49.9,0.00,12
2024-08-03T01:31:24.154Z,634,39.62658515,-105.00075105,1695.935,-8.1,-6.7,-49.9,0.00,12
2024-08-03T01:31:24.187Z,635,39.62658513,-105.00075109,1696.138,-8.1,-6.8,-49.9,0.00,12
2024-08-03T01:31:24.221Z,636,39.62658512,-105.00075110,1696.277,-8.1,-6.9,-49.9,0.00,12
2024-08-03T01:31:24.254Z,637,39.62658511,-105.00075110,1696.378,-8.1,-7.0,-49.9,0.00,12
2024-08-03T01:31:24.287Z,638,39.62658509,-105.00075110,1696.480,-8.1,-7.2,-49.9,0.00,12
2024-08-03T01:31:24.321Z,639,39.62658509,-105.00075110,1696.647,-8.1,-7.3,-49.9,0.00,12
2024-08-03T01:31:24.354Z,640,39.62658508,-105.00075110,1696.850,-8.1,-7.4,-49.9,0.00,12
2024-08-03T01:31:24.388Z,641,39.62658507,-105.00075110,1697.054,-8.1,-7.6,-49.9,0.00,12
2024-08-03T01:31:24.421Z,642,39.62658508,-105.00075108,1697.192,-8.1,-7.7,-49.9,0.00,12
2024-08-03T01:31:24.454Z,643,39.62658509,-105.00075105,1697.293,-8.1,-7.8,-50.0,0.00,12
2024-08-03T01:31:24.488Z,644,39.62658511,-105.00075101,1697.395,-8.1,-7.9,-50.0,0.00,12
2024-08-03T01:31:24.521Z,645,39.62658511,-105.00075100,1697.562,-8.1,-8.0,-50.0,0.00,12
2024-08-03T01:31:24.554Z,646,39.62658511,-105.00075100,1697.766,-8.1,-8.1,-50.0,0.00,12
2024-08-03T01:31:24.588Z,647,39.62658511,-105.00075100,1697.969,-8.1,-8.3,-50.0,0.00,12
2024-08-03T01:31:24.621Z,648,39.62658511,-105.00075100,1698.107,-8.1,-8.4,-50.0,0.00,12
2024-08-03T01:31:24.654Z,649,39.62658512,-105.00075100,1698.208,-8.2,-8.5,-50.1,0.00,12
2024-08-03T01:31:24.688Z,650,39.62658513,-105.00075100,1698.310,-8.2,-8.6,-50.1,0.00,12
2024-08-03T01:31:24.721Z,651,39.62658515,-105.00075100,1698.478,-8.2,-8.7,-50.1,0.00,12
2024-08-03T01:31:24.755Z,652,39.62658517,-105.00075100,1698.681,-8.2,-8.8,-50.2,0.00,12
2024-08-03T01:31:24.788Z,653,39.62658519,-105.00075100,1698.885,-8.2,-8.9,-50.2,0.00,12
2024-08-03T01:31:24.821Z,654,39.62658520,-105.00075100,1699.088,-8.2,-9.0,-50.3,0.00,12
2024-08-03T01:31:24.855Z,655,39.62658519,-105.00075100,1699.292,-8.3,-9.1,-50.4,0.00,12
2024-08-03T01:31:24.888Z,656,39.62658518,-105.00075100,1699.495,-8.4,-9.2,-50.5,0.00,12
2024-08-03T01:31:24.921Z,657,39.62658519,-105.00075100,1699.632,-8.5,-9.3,-50.6,0.00,12
2024-08-03T01:31:24.955Z,658,39.62658521,-105.00075100,1699.733,-8.6,-9.4,-50.8,0.00,12
2024-08-03T01:31:24.988Z,659,39.62658522,-105.00075100,1699.835,-8.7,-9.6,-50.9,0.00,12
2024-08-03T01:31:25.022Z,660,39.62658522,-105.00075102,1700.004,-8.8,-9.7,-51.2,0.00,12
2024-08-03T01:31:25.055Z,661,39.62658520,-105.00075106,1700.207,-9.0,-9.8,-51.4,0.00,12
2024-08-03T01:31:25.088Z,662,39.62658519,-105.00075109,1700.411,-9.1,-9.9,-51.7,0.00,12
2024-08-03T01:31:25.122Z,663,39.62658512,-105.00075106,1700.614,-9.4,-10.0,-52.0,0.00,12
2024-08-03T01:31:25.155Z,664,39.62658504,-105.00075099,1700.817,-9.6,-10.1,-52.3,0.00,12
2024-08-03T01:31:25.188Z,665,39.62658495,-105.00075092,1701.021,-9.9,-10.2,-52.6,0.00,12
2024-08-03T01:31:25.222Z,666,39.62658488,-105.00075092,1701.157,-10.2,-10.3,-52.9,0.00,12
2024-08-03T01:31:25.255Z,667,39.62658481,-105.00075096,1701.258,-10.6,-10.4,-53.3,0.00,12
2024-08-03T01:31:25.288Z,668,39.62658474,-105.00075099,1701.360,-11.0,-10.5,-53.7,0.00,12
2024-08-03T01:31:25.322Z,669,39.62658476,-105.00075098,1701.530,-11.3,-10.6,-54.0,0.00,12
2024-08-03T01:31:25.355Z,670,39.62658481,-105.00075094,1701.733,-11.7,-10.7,-54.4,0.00,12
2024-08-03T01:31:25.389Z,671,39.62658486,-105.00075091,1701.936,-12.1,-10.8,-54.8,0.00,12
2024-08-03T01:31:25.422Z,672,39.62658485,-105.00075090,1702.072,-12.4,-10.9,-55.1,0.00,12
2024-08-03T01:31:25.455Z,673,39.62658481,-105.00075090,1702.173,-12.8,-11.0,-55.5,0.00,12
2024-08-03T01:31:25.489Z,674,39.62658477,-105.00075090,1702.275,-13.2,-11.1,-55.8,0.00,12
2024-08-03T01:31:25.522Z,675,39.62658480,-105.00075090,1702.445,-13.5,-11.1,-56.0,0.00,12
2024-08-03T01:31:25.555Z,676,39.62658486,-105.00075090,1702.649,-13.9,-11.2,-56.2,0.00,12
2024-08-03T01:31:25.589Z,677,39.62658491,-105.00075090,1702.852,-14.3,-11.2,-56.3,0.00,12
2024-08-03T01:31:25.622Z,678,39.62658492,-105.00075092,1702.987,-14.6,-11.3,-56.6,0.00,12
2024-08-03T01:31:25.655Z,679,39.62658491,-105.00075096,1703.088,-14.8,-11.4,-56.8,0.00,12
2024-08-03T01:31:25.689Z,680,39.62658489,-105.00075099,1703.190,-15.1,-11.6,-57.1,0.00,12
2024-08-03T01:31:25.722Z,681,39.62658495,-105.00075100,1703.361,-15.3,-11.7,-57.3,0.00,12
2024-08-03T01:31:25.756Z,682,39.62658505,-105.00075100,1703.564,-15.4,-11.8,-57.4,0.00,12
2024-08-03T01:31:25.789Z,683,39.62658514,-105.00075100,1703.768,-15.6,-11.9,-57.5,0.00,12
2024-08-03T01:31:25.822Z,684,39.62658520,-105.00075098,1703.971,-15.6,-11.9,-57.5,0.00,12
2024-08-03T01:31:25.856Z,685,39.62658524,-105.00075094,1704.175,-15.7,-12.0,-57.6,0.00,12
2024-08-03T01:31:25.889Z,686,39.62658529,-105.00075091,1704.378,-15.8,-12.1,-57.7,0.00,12
2024-08-03T01:31:25.922Z,687,39.62658530,-105.00075092,1704.511,-15.8,-12.1,-57.7,0.00,12
2024-08-03T01:31:25.956Z,688,39.62658529,-105.00075096,1704.613,-15.9,-12.2,-57.8,0.00,12
2024-08-03T01:31:25.989Z,689,39.62658528,-105.00075099,1704.715,-15.9,-12.3,-57.8,0.00,12
2024-08-03T01:31:26.023Z,690,39.62658531,-105.00075100,1704.887,-15.9,-12.3,-57.8,0.00,12
2024-08-03T01:31:26.056Z,691,39.62658535,-105.00075100,1705.090,-16.0,-12.4,-57.9,0.00,12
2024-08-03T01:31:26.089Z,692,39.62658540,-105.00075100,1705.294,-16.1,-12.5,-57.9,0.00,12
2024-08-03T01:31:26.123Z,693,39.62658542,-105.00075100,1705.497,-16.1,-12.5,-57.9,0.00,12
2024-08-03T01:31:26.156Z,694,39.62658543,-105.00075100,1705.700,-16.2,-12.6,-58.0,0.00,12
2024-08-03T01:31:26.189Z,695,39.62658544,-105.00075100,1705.904,-16.2,-12.7,-58.0,0.00,12
2024-08-03T01:31:26.223Z,696,39.62658546,-105.00075100,1706.036,-16.2,-12.8,-58.0,0.00,12
2024-08-03T01:31:26.256Z,697,39.62658549,-105.00075100,1706.138,-16.3,-12.9,-58.1,0.00,12
2024-08-03T01:31:26.289Z,698,39.62658552,-105.00075100,1706.240,-16.3,-13.0,-58.2,0.00,12
2024-08-03T01:31:26.323Z,699,39.62658554,-105.00075102,1706.413,-16.3,-13.0,-58.2,0.00,12
2024-08-03T01:31:26.356Z,700,39.62658555,-105.00075106,1706.616,-16.4,-13.1,-58.2,0.00,12
2024-08-03T01:31:26.390Z,701,39.62658556,-105.00075109,1706.819,-16.4,-13.1,-58.2,0.00,12
2024-08-03T01:31:26.423Z,702,39.62658558,-105.00075110,1706.951,-16.4,-13.2,-58.3,0.00,12
2024-08-03T01:31:26.456Z,703,39.62658562,-105.00075110,1707.053,-16.5,-13.3,-58.4,0.00,12
2024-08-03T01:31:26.490Z,704,39.62658565,-105.00075110,1707.155,-16.5,-13.4,-58.5,0.00,12
2024-08-03T01:31:26.523Z,705,39.62658567,-105.00075110,1707.328,-16.5,-13.4,-58.6,0.00,12
2024-08-03T01:31:26.556Z,706,39.62658568,-105.00075110,1707.532,-16.6,-13.5,-58.7,0.00,12
2024-08-03T01:31:26.590Z,707,39.62658569,-105.00075110,1707.735,-16.7,-13.6,-58.8,0.00,12
2024-08-03T01:31:26.623Z,708,39.62658569,-105.00075108,1707.938,-16.8,-13.7,-58.9,0.00,12
2024-08-03T01:31:26.656Z,709,39.62658570,-105.00075104,1708.142,-16.9,-13.8,-59.0,0.00,12
2024-08-03T01:31:26.690Z,710,39.62658571,-105.00075101,1708.345,-17.0,-13.9,-59.1,0.00,12
2024-08-03T01:31:26.723Z,711,39.62658574,-105.00075102,1708.476,-17.1,-13.9,-59.2,0.00,12
2024-08-03T01:31:26.757Z,712,39.62658577,-105.00075106,1708.578,-17.2,-14.0,-59.3,0.00,12
2024-08-03T01:31:26.790Z,713,39.62658581,-105.00075109,1708.680,-17.3,-14.1,-59.4,0.00,12
2024-08-03T01:31:26.823Z,714,39.62658584,-105.00075112,1708.781,-17.4,-14.1,-59.5,0.00,12
2024-08-03T01:31:26.857Z,715,39.62658588,-105.00075116,1708.883,-17.5,-14.2,-59.6,0.00,12
2024-08-03T01:31:26.890Z,716,39.62658591,-105.00075119,1708.985,-17.6,-14.3,-59.7,0.00,12
2024-08-03T01:31:26.923Z,717,39.62658593,-105.00075120,1709.159,-17.7,-14.3,-59.7,0.00,12
2024-08-03T01:31:26.957Z,718,39.62658595,-105.00075120,1709.363,-17.8,-14.4,-59.8,0.00,12
2024-08-03T01:31:26.990Z,719,39.62658597,-105.00075120,1709.566,-17.9,-14.4,-59.8,0.00,12
2024-08-03T01:31:27.024Z,720,39.62658602,-105.00075125,1709.770,-17.9,-14.5,-59.9,0.00,12
2024-08-03T01:31:27.057Z,721,39.62658608,-105.00075131,1709.973,-18.0,-14.6,-60.1,0.00,12
2024-08-03T01:31:27.090Z,722,39.62658615,-105.00075138,1710.176,-18.1,-14.8,-60.3,0.00,12
2024-08-03T01:31:27.124Z,723,39.62658620,-105.00075147,1710.306,-18.2,-14.8,-60.4,0.00,12
2024-08-03T01:31:27.157Z,724,39.62658624,-105.00075157,1710.408,-18.3,-14.9,-60.5,0.00,12
2024-08-03T01:31:27.190Z,725,39.62658629,-105.00075167,1710.510,-18.5,-15.0,-60.6,0.00,12
2024-08-03T01:31:27.224Z,726,39.62658633,-105.00075177,1710.685,-18.6,-15.0,-60.7,0.02,12
2024-08-03T01:31:27.257Z,727,39.62658638,-105.00075187,1710.889,-18.7,-15.1,-60.8,0.06,12
2024-08-03T01:31:27.290Z,728,39.62658643,-105.00075197,1711.092,-18.8,-15.2,-60.9,0.09,12
2024-08-03T01:31:27.324Z,729,39.62658643,-105.00075195,1711.221,-18.9,-15.3,-61.0,0.10,12
2024-08-03T01:31:27.357Z,730,39.62658642,-105.00075188,1711.323,-19.0,-15.4,-61.1,0.10,12
2024-08-03T01:31:27.391Z,731,39.62658640,-105.00075182,1711.425,-19.1,-15.5,-61.2,0.10,12
2024-08-03T01:31:27.424Z,732,39.62658640,-105.00075175,1711.601,-19.2,-15.5,-61.3,0.10,12
2024-08-03T01:31:27.457Z,733,39.62658641,-105.00075168,1711.804,-19.3,-15.6,-61.4,0.10,12
2024-08-03T01:31:27.491Z,734,39.62658641,-105.00075162,1712.008,-19.4,-15.7,-61.5,0.10,12
2024-08-03T01:31:27.524Z,735,39.62658642,-105.00075165,1712.211,-19.5,-15.8,-61.6,0.10,12
2024-08-03T01:31:27.557Z,736,39.62658643,-105.00075172,1712.415,-19.6,-15.9,-61.7,0.10,12
2024-08-03T01:31:27.591Z,737,39.62658644,-105.00075178,1712.618,-19.7,-16.0,-61.8,0.10,12
2024-08-03T01:31:27.624Z,738,39.62658644,-105.00075178,1712.746,-19.8,-16.0,-61.9,0.08,12
2024-08-03T01:31:27.657Z,739,39.62658645,-105.00075174,1712.848,-19.9,-16.1,-62.0,0.04,12
2024-08-03T01:31:27.691Z,740,39.62658645,-105.00075171,1712.950,-20.0,-16.2,-62.1,0.01,12
2024-08-03T01:31:27.724Z,741,39.62658644,-105.00075172,1713.127,-20.1,-16.2,-62.1,0.00,12
2024-08-03T01:31:27.758Z,742,39.62658643,-105.00075176,1713.330,-20.2,-16.3,-62.2,0.00,12
2024-08-03T01:31:27.791Z,743,39.62658642,-105.00075179,1713.534,-20.3,-16.3,-62.2,0.00,12
2024-08-03T01:31:27.824Z,744,39.62658646,-105.00075180,1713.737,-20.4,-16.3,-62.3,0.00,12
2024-08-03T01:31:27.858Z,745,39.62658651,-105.00075180,1713.940,-20.5,-16.4,-62.4,0.00,12
2024-08-03T01:31:27.891Z,746,39.62658656,-105.00075180,1714.144,-20.6,-16.5,-62.6,0.00,12
2024-08-03T01:31:27.924Z,747,39.62658656,-105.00075180,1714.271,-20.7,-16.6,-62.7,0.00,12
2024-08-03T01:31:27.958Z,748,39.62658654,-105.00075180,1714.373,-20.8,-16.7,-62.8,0.00,12
2024-08-03T01:31:27.991Z,749,39.62658652,-105.00075180,1714.475,-21.0,-16.9,-63.0,0.00,12
2024-08-03T01:31:28.025Z,750,39.62658651,-105.00075180,1714.576,-21.1,-17.0,-63.1,0.00,12
2024-08-03T01:31:28.058Z,751,39.62658650,-105.00075180,1714.678,-21.2,-17.0,-63.2,0.00,12
2024-08-03T01:31:28.091Z,752,39.62658648,-105.00075180,1714.780,-21.3,-17.1,-63.4,0.00,12
2024-08-03T01:31:28.125Z,753,39.62658651,-105.00075177,1714.958,-21.4,-17.2,-63.5,0.00,12
2024-08-03T01:31:28.158Z,754,39.62658654,-105.00075174,1715.161,-21.5,-17.2,-63.6,0.00,12
2024-08-03T01:31:28.191Z,755,39.62658658,-105.00075171,1715.365,-21.6,-17.3,-63.7,0.00,12
2024-08-03T01:31:28.225Z,756,39.62658662,-105.00075175,1715.491,-21.7,-17.4,-63.8,0.00,12
2024-08-03T01:31:28.258Z,757,39.62658666,-105.00075182,1715.593,-21.8,-17.5,-63.9,0.00,12
2024-08-03T01:31:28.291Z,758,39.62658670,-105.00075188,1715.695,-21.9,-17.6,-64.0,0.00,12
2024-08-03T01:31:28.325Z,759,39.62658669,-105.00075190,1715.874,-22.0,-17.7,-64.1,0.00,12
2024-08-03T01:31:28.358Z,760,39.62658667,-105.00075190,1716.077,-22.1,-17.7,-64.2,0.00,12
2024-08-03T01:31:28.392Z,761,39.62658665,-105.00075190,1716.280,-22.2,-17.8,-64.3,0.00,12
2024-08-03T01:31:28.425Z,762,39.62658663,-105.00075190,1716.406,-22.3,-17.9,-64.4,0.00,12
2024-08-03T01:31:28.458Z,763,39.62658661,-105.00075190,1716.508,-22.4,-17.9,-64.5,0.00,12
2024-08-03T01:31:28.492Z,764,39.62658659,-105.00075190,1716.610,-22.5,-18.0,-64.6,0.00,12
2024-08-03T01:31:28.525Z,765,39.62658662,-105.00075195,1716.789,-22.6,-18.1,-64.7,0.00,12
2024-08-03T01:31:28.558Z,766,39.62658667,-105.00075202,1716.993,-22.7,-18.1,-64.8,0.00,12
2024-08-03T01:31:28.592Z,767,39.62658671,-105.00075208,1717.196,-22.8,-18.2,-65.0,0.00,12
2024-08-03T01:31:28.625Z,768,39.62658677,-105.00075213,1717.399,-22.9,-18.2,-65.0,0.03,12
2024-08-03T01:31:28.658Z,769,39.62658684,-105.00075216,1717.603,-23.1,-18.3,-65.1,0.06,12
2024-08-03T01:31:28.692Z,770,39.62658690,-105.00075219,1717.806,-23.3,-18.3,-65.1,0.09,12
2024-08-03T01:31:28.725Z,771,39.62658691,-105.00075220,1718.010,-23.4,-18.4,-65.2,0.10,12
2024-08-03T01:31:28.759Z,772,39.62658689,-105.00075220,1718.213,-23.4,-18.5,-65.4,0.10,12
2024-08-03T01:31:28.792Z,773,39.62658687,-105.00075220,1718.416,-23.5,-18.6,-65.6,0.10,12
2024-08-03T01:31:28.825Z,774,39.62658687,-105.00075220,1718.541,-23.6,-18.7,-65.7,0.10,12
2024-08-03T01:31:28.859Z,775,39.62658686,-105.00075220,1718.643,-23.7,-18.7,-65.8,0.10,12
2024-08-03T01:31:28.892Z,776,39.62658686,-105.00075220,1718.745,-23.9,-18.8,-65.9,0.10,12
2024-08-03T01:31:28.925Z,777,39.62658692,-105.00075225,1718.925,-24.0,-18.8,-66.0,0.10,12
2024-08-03T01:31:28.959Z,778,39.62658699,-105.00075232,1719.129,-24.0,-18.9,-66.1,0.10,12
2024-08-03T01:31:28.992Z,779,39.62658706,-105.00075239,1719.332,-24.1,-18.9,-66.3,0.10,12
2024-08-03T01:31:29.026Z,780,39.62658712,-105.00075245,1719.456,-24.2,-19.0,-66.4,0.10,12
2024-08-03T01:31:29.059Z,781,39.62658718,-105.00075252,1719.558,-24.3,-19.0,-66.6,0.10,12
2024-08-03T01:31:29.092Z,782,39.62658724,-105.00075259,1719.660,-24.5,-19.1,-66.8,0.10,12
2024-08-03T01:31:29.126Z,783,39.62658725,-105.00075263,1719.841,-24.6,-19.2,-66.9,0.10,12
2024-08-03T01:31:29.159Z,784,39.62658724,-105.00075266,1720.044,-24.8,-19.2,-67.1,0.10,12
2024-08-03T01:31:29.192Z,785,39.62658724,-105.00075269,1720.248,-25.0,-19.3,-67.3,0.10,12
2024-08-03T01:31:29.226Z,786,39.62658729,-105.00075275,1720.371,-25.2,-19.4,-67.5,0.10,12
2024-08-03T01:31:29.259Z,787,39.62658735,-105.00075282,1720.473,-25.4,-19.4,-67.7,0.10,12
2024-08-03T01:31:29.292Z,788,39.62658742,-105.00075289,1720.575,-25.6,-19.5,-68.0,0.10,12
2024-08-03T01:31:29.326Z,789,39.62658744,-105.00075301,1720.756,-25.8,-19.6,-68.2,0.10,12
2024-08-03T01:31:29.359Z,790,39.62658746,-105.00075314,1720.960,-26.0,-19.6,-68.4,0.10,12
2024-08-03T01:31:29.393Z,791,39.62658748,-105.00075327,1721.163,-26.2,-19.7,-68.7,0.10,12
2024-08-03T01:31:29.426Z,792,39.62658752,-105.00075333,1721.286,-26.4,-19.8,-68.9,0.10,12
2024-08-03T01:31:29.459Z,793,39.62658758,-105.00075336,1721.388,-26.6,-19.8,-69.1,0.10,12
2024-08-03T01:31:29.493Z,794,39.62658763,-105.00075339,1721.490,-26.9,-19.9,-69.4,0.10,12
2024-08-03T01:31:29.526Z,795,39.62658770,-105.00075353,1721.672,-27.1,-20.0,-69.6,0.10,12
2024-08-03T01:31:29.559Z,796,39.62658777,-105.00075370,1721.876,-27.4,-20.0,-69.8,0.10,12
2024-08-03T01:31:29.593Z,797,39.62658784,-105.00075387,1722.079,-27.6,-20.1,-70.0,0.10,12
2024-08-03T01:31:29.626Z,798,39.62658789,-105.00075403,1722.201,-27.9,-20.2,-70.2,0.10,12
2024-08-03T01:31:29.659Z,799,39.62658794,-105.00075420,1722.303,-28.1,-20.2,-70.4,0.10,12
2024-08-03T01:31:29.693Z,800,39.62658799,-105.00075437,1722.405,-28.3,-20.3,-70.6,0.10,12
2024-08-03T01:31:29.726Z,801,39.62658800,-105.00075427,1722.588,-28.5,-20.4,-70.8,0.10,12
2024-08-03T01:31:29.760Z,802,39.62658799,-105.00075410,1722.791,-28.7,-20.5,-71.0,0.10,12
2024-08-03T01:31:29.793Z,803,39.62658799,-105.00075393,1722.995,-28.9,-20.6,-71.2,0.10,12
2024-08-03T01:31:29.826Z,804,39.62658800,-105.00075385,1723.198,-29.1,-20.7,-71.3,0.10,12
2024-08-03T01:31:29.860Z,805,39.62658802,-105.00075378,1723.401,-29.3,-20.7,-71.5,0.10,12
2024-08-03T01:31:29.893Z,806,39.62658804,-105.00075371,1723.605,-29.5,-20.8,-71.7,0.10,12
2024-08-03T01:31:29.926Z,807,39.62658806,-105.00075375,1723.726,-29.6,-20.9,-71.8,0.10,12
2024-08-03T01:31:29.960Z,808,39.62658809,-105.00075382,1723.828,-29.8,-20.9,-72.0,0.10,12
2024-08-03T01:31:29.993Z,809,39.62658811,-105.00075389,1723.929,-30.0,-21.0,-72.2,0.10,12
2024-08-03T01:31:30.027Z,810,39.62658814,-105.00075395,1724.114,-30.1,-21.1,-72.3,0.10,12
2024-08-03T01:31:30.060Z,811,39.62658817,-105.00075402,1724.317,-30.2,-21.2,-72.5,0.10,12
2024-08-03T01:31:30.093Z,812,39.62658820,-105.00075409,1724.520,-30.4,-21.3,-72.7,0.10,12
2024-08-03T01:31:30.127Z,813,39.62658822,-105.00075407,1724.641,-30.6,-21.4,-72.8,0.10,12
2024-08-03T01:31:30.160Z,814,39.62658824,-105.00075404,1724.743,-30.8,-21.4,-73.0,0.10,12
2024-08-03T01:31:30.193Z,815,39.62658827,-105.00075401,1724.844,-31.0,-21.5,-73.2,0.10,12
2024-08-03T01:31:30.227Z,816,39.62658828,-105.00075403,1725.029,-31.1,-21.6,-73.3,0.10,12
2024-08-03T01:31:30.260Z,817,39.62658829,-105.00075406,1725.233,-31.3,-21.6,-73.5,0.10,12
2024-08-03T01:31:30.293Z,818,39.62658831,-105.00075409,1725.436,-31.5,-21.7,-73.7,0.10,12
2024-08-03T01:31:30.327Z,819,39.62658834,-105.00075410,1725.639,-31.6,-21.8,-73.8,0.10,12
2024-08-03T01:31:30.360Z,820,39.62658838,-105.00075410,1725.843,-31.7,-21.8,-73.9,0.10,12
2024-08-03T01:31:30.394Z,821,39.62658842,-105.00075410,1726.046,-31.9,-21.9,-74.1,0.10,12
2024-08-03T01:31:30.427Z,822,39.62658847,-105.00075413,1726.166,-32.0,-22.0,-74.2,0.10,12
2024-08-03T01:31:30.460Z,823,39.62658852,-105.00075416,1726.268,-32.2,-22.0,-74.4,0.10,12
2024-08-03T01:31:30.494Z,824,39.62658857,-105.00075419,1726.369,-32.4,-22.1,-74.6,0.10,12
2024-08-03T01:31:30.527Z,825,39.62658858,-105.00075423,1726.555,-32.5,-22.2,-74.7,0.10,12
2024-08-03T01:31:30.560Z,826,39.62658859,-105.00075426,1726.758,-32.7,-22.2,-74.9,0.10,12
2024-08-03T01:31:30.594Z,827,39.62658859,-105.00075429,1726.962,-32.9,-22.3,-75.1,0.10,12
2024-08-03T01:31:30.627Z,828,39.62658863,-105.00075433,1727.165,-33.0,-22.4,-75.2,0.10,12
2024-08-03T01:31:30.660Z,829,39.62658869,-105.00075436,1727.369,-33.1,-22.4,-75.3,0.10,12
2024-08-03T01:31:30.694Z,830,39.62658874,-105.00075439,1727.572,-33.3,-22.5,-75.5,0.10,12
2024-08-03T01:31:30.727Z,831,39.62658874,-105.00075443,1727.691,-33.4,-22.6,-75.6,0.10,12
2024-08-03T01:31:30.761Z,832,39.62658873,-105.00075446,1727.793,-33.5,-22.6,-75.8,0.10,12
2024-08-03T01:31:30.794Z,833,39.62658871,-105.00075449,1727.894,-33.7,-22.7,-76.0,0.10,12
2024-08-03T01:31:30.827Z,834,39.62658878,-105.00075456,1728.081,-33.9,-22.7,-76.1,0.10,12
2024-08-03T01:31:30.861Z,835,39.62658886,-105.00075462,1728.284,-34.1,-22.8,-76.2,0.10,12
2024-08-03T01:31:30.894Z,836,39.62658895,-105.00075469,1728.488,-34.3,-22.8,-76.4,0.10,12
2024-08-03T01:31:30.927Z,837,39.62658896,-105.00075473,1728.606,-34.4,-22.8,-76.5,0.10,12
2024-08-03T01:31:30.961Z,838,39.62658896,-105.00075476,1728.708,-34.6,-22.9,-76.7,0.10,12
2024-08-03T01:31:30.994Z,839,39.62658896,-105.00075479,1728.809,-34.8,-22.9,-76.9,0.10,12
2024-08-03T01:31:31.028Z,840,39.62658903,-105.00075486,1728.996,-34.9,-22.9,-77.0,0.10,12
2024-08-03T01:31:31.061Z,841,39.62658911,-105.00075492,1729.200,-35.0,-22.9,-77.1,0.10,12
2024-08-03T01:31:31.094Z,842,39.62658919,-105.00075499,1729.403,-35.1,-22.9,-77.3,0.10,12
2024-08-03T01:31:31.128Z,843,39.62658923,-105.00075506,1729.521,-35.2,-22.9,-77.4,0.10,12
2024-08-03T01:31:31.161Z,844,39.62658926,-105.00075512,1729.623,-35.3,-22.9,-77.5,0.10,12
2024-08-03T01:31:31.194Z,845,39.62658929,-105.00075519,1729.724,-35.5,-22.9,-77.7,0.10,12
2024-08-03T01:31:31.228Z,846,39.62658934,-105.00075523,1729.912,-35.6,-22.9,-77.8,0.10,12
2024-08-03T01:31:31.261Z,847,39.62658941,-105.00075526,1730.115,-35.8,-22.9,-77.9,0.10,12
2024-08-03T01:31:31.294Z,848,39.62658947,-105.00075529,1730.319,-36.0,-22.9,-78.1,0.10,12
2024-08-03T01:31:31.328Z,849,39.62658950,-105.00075536,1730.522,-36.1,-22.9,-78.2,0.10,12
2024-08-03T01:31:31.361Z,850,39.62658952,-105.00075542,1730.726,-36.2,-22.9,-78.3,0.10,12
2024-08-03T01:31:31.395Z,851,39.62658955,-105.00075549,1730.929,-36.4,-22.9,-78.4,0.10,12
2024-08-03T01:31:31.428Z,852,39.62658957,-105.00075556,1731.046,-36.5,-22.9,-78.5,0.10,12
2024-08-03T01:31:31.461Z,853,39.62658960,-105.00075562,1731.148,-36.6,-22.9,-78.6,0.10,12
2024-08-03T01:31:31.495Z,854,39.62658963,-105.00075569,1731.249,-36.7,-22.9,-78.8,0.10,12
2024-08-03T01:31:31.528Z,855,39.62658970,-105.00075573,1731.438,-36.8,-22.9,-78.9,0.10,12
2024-08-03T01:31:31.561Z,856,39.62658978,-105.00075576,1731.641,-36.9,-22.9,-79.0,0.10,12
2024-08-03T01:31:31.595Z,857,39.62658987,-105.00075580,1731.845,-37.0,-22.9,-79.2,0.10,12
2024-08-03T01:31:31.628Z,858,39.62658993,-105.00075583,1731.961,-37.1,-22.9,-79.3,0.10,12
2024-08-03T01:31:31.661Z,859,39.62658998,-105.00075586,1732.063,-37.2,-22.9,-79.4,0.10,12
2024-08-03T01:31:31.695Z,860,39.62659003,-105.00075590,1732.164,-37.4,-22.9,-79.5,0.10,12
2024-08-03T01:31:31.728Z,861,39.62659007,-105.00075596,1732.354,-37.5,-22.9,-79.6,0.10,12
2024-08-03T01:31:31.762Z,862,39.62659010,-105.00075602,1732.557,-37.6,-22.9,-79.7,0.10,12
2024-08-03T01:31:31.795Z,863,39.62659013,-105.00075609,1732.760,-37.7,-22.9,-79.9,0.10,12
2024-08-03T01:31:31.828Z,864,39.62659017,-105.00075616,1732.876,-37.8,-22.9,-80.0,0.10,12
2024-08-03T01:31:31.862Z,865,39.62659022,-105.00075622,1732.978,-37.9,-22.9,-80.1,0.10,12
2024-08-03T01:31:31.895Z,866,39.62659026,-105.00075629,1733.079,-38.1,-22.9,-80.2,0.10,12
2024-08-03T01:31:31.928Z,867,39.62659035,-105.00075633,1733.269,-38.2,-22.9,-80.3,0.10,12
2024-08-03T01:31:31.962Z,868,39.62659044,-105.00075636,1733.473,-38.3,-22.9,-80.4,0.10,12
2024-08-03T01:31:31.995Z,869,39.62659054,-105.00075640,1733.676,-38.5,-22.9,-80.6,0.10,12
2024-08-03T01:31:32.029Z,870,39.62659060,-105.00075640,1733.879,-38.6,-22.9,-80.7,0.10,12
2024-08-03T01:31:32.062Z,871,39.62659066,-105.00075640,1734.083,-38.7,-22.9,-80.8,0.10,12
2024-08-03T01:31:32.095Z,872,39.62659072,-105.00075640,1734.286,-38.8,-22.9,-80.9,0.10,12
2024-08-03T01:31:32.129Z,873,39.62659076,-105.00075643,1734.401,-38.9,-22.9,-81.0,0.10,12
2024-08-03T01:31:32.162Z,874,39.62659080,-105.00075646,1734.502,-39.0,-22.9,-81.1,0.10,12
2024-08-03T01:31:32.195Z,875,39.62659085,-105.00075650,1734.604,-39.1,-22.9,-81.3,0.10,12
2024-08-03T01:31:32.229Z,876,39.62659089,-105.00075659,1734.795,-39.2,-22.9,-81.4,0.10,12
2024-08-03T01:31:32.262Z,877,39.62659093,-105.00075669,1734.998,-39.4,-22.9,-81.5,0.10,12
2024-08-03T01:31:32.295Z,878,39.62659097,-105.00075679,1735.202,-39.5,-22.9,-81.6,0.10,12
2024-08-03T01:31:32.329Z,879,39.62659099,-105.00075689,1735.316,-39.6,-22.9,-81.7,0.10,12
2024-08-03T01:31:32.362Z,880,39.62659102,-105.00075699,1735.417,-39.7,-22.9,-81.8,0.10,12
2024-08-03T01:31:32.396Z,881,39.62659105,-105.00075709,1735.519,-39.8,-22.9,-81.9,0.10,12
2024-08-03T01:31:32.429Z,882,39.62659115,-105.00075710,1735.711,-39.9,-22.9,-82.0,0.13,12
2024-08-03T01:31:32.462Z,883,39.62659126,-105.00075710,1735.914,-40.1,-22.9,-82.0,0.16,12
2024-08-03T01:31:32.496Z,884,39.62659138,-105.00075710,1736.117,-40.2,-22.9,-82.1,0.20,12
2024-08-03T01:31:32.529Z,885,39.62659144,-105.00075716,1736.321,-40.3,-22.9,-82.2,0.21,12
2024-08-03T01:31:32.562Z,886,39.62659149,-105.00075723,1736.524,-40.3,-22.9,-82.3,0.21,12
2024-08-03T01:31:32.596Z,887,39.62659154,-105.00075729,1736.728,-40.4,-22.9,-82.4,0.22,12
2024-08-03T01:31:32.629Z,888,39.62659165,-105.00075736,1736.841,-40.5,-22.9,-82.5,0.22,12
2024-08-03T01:31:32.662Z,889,39.62659177,-105.00075743,1736.942,-40.5,-22.9,-82.5,0.22,12
2024-08-03T01:31:32.696Z,890,39.62659189,-105.00075749,1737.044,-40.6,-22.9,-82.6,0.22,12
2024-08-03T01:31:32.729Z,891,39.62659197,-105.00075762,1737.236,-40.7,-22.9,-82.6,0.22,12
2024-08-03T01:31:32.763Z,892,39.62659205,-105.00075775,1737.440,-40.7,-22.9,-82.7,0.22,12
2024-08-03T01:31:32.796Z,893,39.62659213,-105.00075789,1737.643,-40.8,-22.9,-82.7,0.22,12
2024-08-03T01:31:32.829Z,894,39.62659228,-105.00075796,1737.847,-40.8,-22.9,-82.7,0.26,12
2024-08-03T01:31:32.863Z,895,39.62659243,-105.00075803,1738.050,-40.9,-22.9,-82.8,0.31,12
2024-08-03T01:31:32.896Z,896,39.62659258,-105.00075809,1738.253,-40.9,-22.9,-82.8,0.36,12
2024-08-03T01:31:32.929Z,897,39.62659270,-105.00075822,1738.366,-41.0,-22.9,-82.8,0.36,12
2024-08-03T01:31:32.963Z,898,39.62659281,-105.00075835,1738.467,-41.0,-22.9,-82.9,0.36,12
2024-08-03T01:31:32.996Z,899,39.62659292,-105.00075849,1738.569,-41.1,-22.9,-82.9,0.36,12
2024-08-03T01:31:33.030Z,900,39.62659304,-105.00075862,1738.762,-41.1,-22.9,-82.9,0.40,12
2024-08-03T01:31:33.063Z,901,39.62659316,-105.00075875,1738.966,-41.2,-22.9,-83.0,0.45,12
2024-08-03T01:31:33.096Z,902,39.62659328,-105.00075889,1739.169,-41.2,-22.9,-83.0,0.50,12
2024-08-03T01:31:33.130Z,903,39.62659348,-105.00075902,1739.281,-41.2,-22.9,-83.0,0.52,12
2024-08-03T01:31:33.163Z,904,39.62659368,-105.00075915,1739.382,-41.3,-22.9,-83.1,0.54,12
2024-08-03T01:31:33.196Z,905,39.62659389,-105.00075929,1739.484,-41.3,-22.9,-83.1,0.56,12
2024-08-03T01:31:33.230Z,906,39.62659414,-105.00075939,1739.678,-41.3,-22.9,-83.2,0.61,12
2024-08-03T01:31:33.263Z,907,39.62659440,-105.00075949,1739.881,-41.4,-22.9,-83.2,0.66,12
2024-08-03T01:31:33.296Z,908,39.62659466,-105.00075959,1740.085,-41.4,-22.9,-83.3,0.70,12
2024-08-03T01:31:33.330Z,909,39.62659486,-105.00075981,1740.288,-41.4,-22.9,-83.3,0.75,12
2024-08-03T01:31:33.363Z,910,39.62659506,-105.00076005,1740.491,-41.5,-22.9,-83.4,0.80,12
2024-08-03T01:31:33.397Z,911,39.62659526,-105.00076028,1740.695,-41.5,-22.9,-83.4,0.84,12
2024-08-03T01:31:33.430Z,912,39.62659555,-105.00076039,1740.806,-41.6,-22.9,-83.5,0.87,12
2024-08-03T01:31:33.463Z,913,39.62659585,-105.00076049,1740.907,-41.6,-22.9,-83.5,0.90,12
2024-08-03T01:31:33.497Z,914,39.62659615,-105.00076059,1741.009,-41.7,-22.9,-83.6,0.92,12
2024-08-03T01:31:33.530Z,915,39.62659642,-105.00076087,1741.204,-41.8,-22.9,-83.7,0.94,12
2024-08-03T01:31:33.563Z,916,39.62659668,-105.00076118,1741.407,-41.8,-22.9,-83.7,0.97,12
2024-08-03T01:31:33.597Z,917,39.62659694,-105.00076148,1741.611,-41.9,-22.9,-83.8,0.99,12
2024-08-03T01:31:33.630Z,918,39.62659731,-105.00076165,1741.721,-42.0,-22.9,-83.9,1.03,12
2024-08-03T01:31:33.663Z,919,39.62659768,-105.00076182,1741.822,-42.0,-22.9,-83.9,1.08,12
2024-08-03T01:31:33.697Z,920,39.62659806,-105.00076199,1741.924,-42.1,-22.9,-84.0,1.13,12
2024-08-03T01:31:33.730Z,921,39.62659838,-105.00076231,1742.119,-42.1,-22.9,-84.0,1.13,12
2024-08-03T01:31:33.764Z,922,39.62659869,-105.00076264,1742.323,-42.2,-22.9,-84.1,1.13,12
2024-08-03T01:31:33.797Z,923,39.62659901,-105.00076297,1742.526,-42.2,-22.9,-84.1,1.13,12
2024-08-03T01:31:33.830Z,924,39.62659938,-105.00076312,1742.636,-42.2,-22.9,-84.1,1.13,12
2024-08-03T01:31:33.864Z,925,39.62659976,-105.00076326,1742.737,-42.3,-22.9,-84.2,1.13,12
2024-08-03T01:31:33.897Z,926,39.62660013,-105.00076339,1742.839,-42.3,-22.9,-84.2,1.13,12
2024-08-03T01:31:33.930Z,927,39.62660047,-105.00076380,1743.035,-42.3,-22.9,-84.2,1.18,12
2024-08-03T01:31:33.964Z,928,39.62660081,-105.00076424,1743.238,-42.4,-22.9,-84.3,1.22,12
2024-08-03T01:31:33.997Z,929,39.62660115,-105.00076467,1743.442,-42.4,-22.9,-84.3,1.27,12
2024-08-03T01:31:34.031Z,930,39.62660160,-105.00076482,1743.551,-42.5,-22.9,-84.3,1.30,12
2024-08-03T01:31:34.064Z,931,39.62660207,-105.00076496,1743.652,-42.5,-22.9,-84.4,1.32,12
2024-08-03T01:31:34.097Z,932,39.62660253,-105.00076509,1743.754,-42.6,-22.9,-84.4,1.34,12
2024-08-03T01:31:34.131Z,933,39.62660286,-105.00076544,1743.951,-42.6,-22.9,-84.4,1.37,12
2024-08-03T01:31:34.164Z,934,39.62660318,-105.00076581,1744.154,-42.7,-22.9,-84.4,1.39,12
2024-08-03T01:31:34.197Z,935,39.62660350,-105.00076618,1744.357,-42.7,-22.9,-84.4,1.41,12
2024-08-03T01:31:34.231Z,936,39.62660384,-105.00076657,1744.561,-42.7,-22.9,-84.4,1.44,12
2024-08-03T01:31:34.264Z,937,39.62660419,-105.00076698,1744.764,-42.8,-22.9,-84.5,1.46,12
2024-08-03T01:31:34.297Z,938,39.62660454,-105.00076738,1744.968,-42.8,-22.9,-84.5,1.49,12
2024-08-03T01:31:34.331Z,939,39.62660508,-105.00076768,1745.075,-42.8,-22.9,-84.5,1.51,12
2024-08-03T01:31:34.364Z,940,39.62660564,-105.00076798,1745.177,-42.8,-22.9,-84.6,1.53,12
2024-08-03T01:31:34.398Z,941,39.62660620,-105.00076828,1745.279,-42.8,-22.9,-84.6,1.55,12
2024-08-03T01:31:34.431Z,942,39.62660675,-105.00076846,1745.476,-42.8,-22.9,-84.6,1.58,12
2024-08-03T01:31:34.464Z,943,39.62660730,-105.00076862,1745.680,-42.8,-22.9,-84.6,1.60,12
2024-08-03T01:31:34.498Z,944,39.62660785,-105.00076879,1745.883,-42.8,-22.9,-84.6,1.63,12
2024-08-03T01:31:34.531Z,945,39.62660825,-105.00076918,1745.991,-42.8,-22.9,-84.6,1.63,12
2024-08-03T01:31:34.564Z,946,39.62660863,-105.00076958,1746.092,-42.8,-22.9,-84.7,1.63,12
2024-08-03T01:31:34.598Z,947,39.62660902,-105.00076998,1746.194,-42.8,-22.9,-84.7,1.63,12
2024-08-03T01:31:34.631Z,948,39.62660943,-105.00077047,1746.392,-42.9,-22.9,-84.7,1.67,12
2024-08-03T01:31:34.664Z,949,39.62660984,-105.00077097,1746.595,-42.9,-22.9,-84.7,1.72,12
2024-08-03T01:31:34.698Z,950,39.62661025,-105.00077148,1746.799,-43.0,-22.9,-84.7,1.77,12
2024-08-03T01:31:34.731Z,951,39.62661084,-105.00077188,1746.906,-43.0,-22.9,-84.7,1.77,12
2024-08-03T01:31:34.765Z,952,39.62661145,-105.00077228,1747.007,-43.0,-22.9,-84.8,1.77,12
2024-08-03T01:31:34.798Z,953,39.62661205,-105.00077268,1747.109,-43.0,-22.9,-84.8,1.77,12
2024-08-03T01:31:34.831Z,954,39.62661273,-105.00077283,1747.308,-43.0,-22.9,-84.8,1.81,12
2024-08-03T01:31:34.865Z,955,39.62661342,-105.00077296,1747.511,-43.0,-22.9,-84.8,1.86,12
2024-08-03T01:31:34.898Z,956,39.62661410,-105.00077309,1747.714,-43.0,-22.9,-84.8,1.91,12
2024-08-03T01:31:34.931Z,957,39.62661456,-105.00077358,1747.821,-43.0,-22.9,-84.8,1.91,13
2024-08-03T01:31:34.965Z,958,39.62661501,-105.00077408,1747.922,-43.0,-22.9,-84.9,1.91,13
2024-08-03T01:31:34.998Z,959,39.62661545,-105.00077458,1748.024,-43.0,-22.9,-84.9,1.91,13
2024-08-03T01:31:35.032Z,960,39.62661589,-105.00077505,1748.223,-43.0,-22.9,-84.9,1.91,13
2024-08-03T01:31:35.065Z,961,39.62661633,-105.00077552,1748.427,-43.1,-22.9,-84.9,1.91,13
2024-08-03T01:31:35.098Z,962,39.62661677,-105.00077598,1748.630,-43.1,-22.9,-84.9,1.91,13
2024-08-03T01:31:35.132Z,963,39.62661746,-105.00077626,1748.736,-43.1,-22.9,-84.9,1.96,13
2024-08-03T01:31:35.165Z,964,39.62661815,-105.00077652,1748.837,-43.1,-22.9,-84.9,2.00,13
2024-08-03T01:31:35.198Z,965,39.62661884,-105.00077679,1748.939,-43.1,-22.9,-84.9,2.05,13
2024-08-03T01:31:35.232Z,966,39.62661951,-105.00077709,1749.139,-43.1,-22.9,-84.9,2.05,13
2024-08-03T01:31:35.265Z,967,39.62662019,-105.00077739,1749.342,-43.2,-22.9,-85.0,2.05,13
2024-08-03T01:31:35.298Z,968,39.62662087,-105.00077769,1749.546,-43.2,-22.9,-85.0,2.05,13
2024-08-03T01:31:35.332Z,969,39.62662141,-105.00077831,1749.651,-43.2,-22.9,-85.0,2.05,13
2024-08-03T01:31:35.365Z,970,39.62662195,-105.00077895,1749.752,-43.2,-22.9,-85.0,2.05,13
2024-08-03T01:31:35.399Z,971,39.62662249,-105.00077958,1749.854,-43.2,-22.9,-85.0,2.05,13
2024-08-03T01:31:35.432Z,972,39.62662292,-105.00078009,1750.055,-43.2,-22.9,-85.0,2.10,13
2024-08-03T01:31:35.465Z,973,39.62662334,-105.00078059,1750.258,-43.2,-22.9,-85.0,2.14,13
2024-08-03T01:31:35.499Z,974,39.62662376,-105.00078109,1750.461,-43.2,-22.9,-85.0,2.19,13
2024-08-03T01:31:35.532Z,975,39.62662454,-105.00078149,1750.566,-43.2,-22.9,-85.0,2.19,13
2024-08-03T01:31:35.565Z,976,39.62662533,-105.00078189,1750.667,-43.2,-22.9,-85.0,2.19,13
2024-08-03T01:31:35.599Z,977,39.62662612,-105.00078229,1750.769,-43.2,-22.9,-85.0,2.19,13
2024-08-03T01:31:35.632Z,978,39.62662688,-105.00078253,1750.970,-43.2,-22.9,-85.0,2.22,13
2024-08-03T01:31:35.665Z,979,39.62662764,-105.00078276,1751.174,-43.2,-22.9,-85.0,2.24,13
2024-08-03T01:31:35.699Z,980,39.62662841,-105.00078300,1751.377,-43.2,-22.9,-85.0,2.27,13
2024-08-03T01:31:35.732Z,981,39.62662892,-105.00078359,1751.580,-43.2,-22.9,-85.0,2.29,13
2024-08-03T01:31:35.766Z,982,39.62662942,-105.00078419,1751.784,-43.1,-22.9,-85.0,2.31,13
2024-08-03T01:31:35.799Z,983,39.62662993,-105.00078479,1751.987,-43.1,-22.9,-85.0,2.33,13
2024-08-03T01:31:35.832Z,984,39.62663082,-105.00078519,1752.090,-43.1,-22.9,-85.0,2.33,13
2024-08-03T01:31:35.866Z,985,39.62663171,-105.00078559,1752.192,-43.2,-22.9,-85.0,2.33,13
2024-08-03T01:31:35.899Z,986,39.62663260,-105.00078599,1752.294,-43.2,-22.9,-85.0,2.33,13
2024-08-03T01:31:35.932Z,987,39.62663308,-105.00078656,1752.496,-43.2,-22.9,-85.0,2.33,13
2024-08-03T01:31:35.966Z,988,39.62663355,-105.00078713,1752.699,-43.3,-22.9,-85.0,2.33,13
2024-08-03T01:31:35.999Z,989,39.62663403,-105.00078769,1752.903,-43.3,-22.9,-85.0,2.33,13
2024-08-03T01:31:36.033Z,990,39.62663489,-105.00078806,1753.005,-43.3,-22.9,-85.0,2.36,13
2024-08-03T01:31:36.066Z,991,39.62663575,-105.00078843,1753.107,-43.3,-22.9,-85.0,2.38,13
2024-08-03T01:31:36.099Z,992,39.62663661,-105.00078880,1753.209,-43.3,-22.9,-85.0,2.41,13
2024-08-03T01:31:36.133Z,993,39.62663716,-105.00078943,1753.311,-43.3,-22.9,-85.0,2.41,13
2024-08-03T01:31:36.166Z,994,39.62663770,-105.00079006,1753.412,-43.3,-22.9,-85.0,2.41,13
2024-08-03T01:31:36.199Z,995,39.62663825,-105.00079070,1753.514,-43.3,-22.9,-85.0,2.41,13
2024-08-03T01:31:36.233Z,996,39.62663907,-105.00079093,1753.717,-43.3,-22.9,-85.0,2.41,13
2024-08-03T01:31:36.266Z,997,39.62663990,-105.00079117,1753.920,-43.3,-22.9,-85.0,2.41,13
2024-08-03T01:31:36.299Z,998,39.62664072,-105.00079140,1754.124,-43.3,-22.9,-85.0,2.41,13
2024-08-03T01:31:36.333Z,999,39.62664137,-105.00079213,1754.226,-43.3,-22.9,-85.0,2.43,13
2024-08-03T01:31:36.366Z,1000,39.62664201,-105.00079287,1754.327,-43.4,-22.9,-85.0,2.46,13
2024-08-03T01:31:36.400Z,1001,39.62664266,-105.00079360,1754.429,-43.4,-22.9,-85.0,2.48,13
2024-08-03T01:31:36.433Z,1002,39.62664321,-105.00079424,1754.531,-43.4,-22.9,-85.0,2.48,13
2024-08-03T01:31:36.466Z,1003,39.62664377,-105.00079487,1754.632,-43.4,-22.9,-85.0,2.48,13
2024-08-03T01:31:36.500Z,1004,39.62664432,-105.00079550,1754.734,-43.4,-22.9,-85.0,2.48,13
2024-08-03T01:31:36.533Z,1005,39.62664514,-105.00079570,1754.836,-43.4,-22.9,-85.0,2.48,13
2024-08-03T01:31:36.566Z,1006,39.62664596,-105.00079590,1754.938,-43.4,-22.9,-85.0,2.48,13
2024-08-03T01:31:36.600Z,1007,39.62664677,-105.00079611,1755.038,-43.4,-22.9,-85.0,2.48,13
2024-08-03T01:31:36.633Z,1008,39.62664737,-105.00079674,1755.038,-43.4,-22.9,-85.0,2.46,13
2024-08-03T01:31:36.667Z,1009,39.62664796,-105.00079737,1755.038,-43.4,-22.9,-85.0,2.44,13
2024-08-03T01:31:36.700Z,1010,39.62664856,-105.00079800,1755.040,-43.4,-22.9,-85.0,2.42,13
2024-08-03T01:31:36.733Z,1011,39.62664950,-105.00079824,1755.141,-43.4,-22.9,-85.0,2.45,13
2024-08-03T01:31:36.767Z,1012,39.62665044,-105.00079847,1755.243,-43.4,-22.9,-85.0,2.47,13
2024-08-03T01:31:36.800Z,1013,39.62665138,-105.00079870,1755.345,-43.4,-22.9,-85.0,2.50,13
2024-08-03T01:31:36.833Z,1014,39.62665228,-105.00079890,1755.446,-43.4,-22.9,-85.0,2.50,13
2024-08-03T01:31:36.867Z,1015,39.62665318,-105.00079910,1755.548,-43.4,-22.9,-85.0,2.50,13
2024-08-03T01:31:36.900Z,1016,39.62665408,-105.00079931,1755.648,-43.4,-22.9,-85.0,2.50,13
2024-08-03T01:31:36.933Z,1017,39.62665469,-105.00079984,1755.648,-43.4,-22.9,-85.0,2.50,13
2024-08-03T01:31:36.967Z,1018,39.62665530,-105.00080038,1755.648,-43.5,-22.9,-85.0,2.50,13
2024-08-03T01:31:37.000Z,1019,39.62665592,-105.00080090,1755.650,-43.5,-22.9,-85.0,2.50,13
2024-08-03T01:31:37.034Z,1020,39.62665682,-105.00080114,1755.752,-43.5,-22.9,-85.0,2.51,13
2024-08-03T01:31:37.067Z,1021,39.62665773,-105.00080137,1755.853,-43.4,-22.9,-85.0,2.52,13
2024-08-03T01:31:37.100Z,1022,39.62665862,-105.00080161,1755.953,-43.4,-22.9,-85.0,2.52,14
2024-08-03T01:31:37.134Z,1023,39.62665926,-105.00080215,1755.953,-43.4,-22.9,-85.0,2.52,14
2024-08-03T01:31:37.167Z,1024,39.62665989,-105.00080268,1755.953,-43.4,-22.9,-85.0,2.52,14
2024-08-03T01:31:37.200Z,1025,39.62666053,-105.00080320,1755.955,-43.4,-22.9,-85.0,2.52,14
2024-08-03T01:31:37.234Z,1026,39.62666144,-105.00080334,1756.057,-43.4,-22.9,-85.0,2.52,14
2024-08-03T01:31:37.267Z,1027,39.62666234,-105.00080347,1756.159,-43.4,-22.9,-85.0,2.52,14
2024-08-03T01:31:37.300Z,1028,39.62666324,-105.00080361,1756.258,-43.4,-22.9,-85.0,2.53,14
2024-08-03T01:31:37.334Z,1029,39.62666395,-105.00080412,1756.258,-42.8,-22.9,-85.0,2.56,14
2024-08-03T01:31:37.367Z,1030,39.62666466,-105.00080462,1756.258,-42.2,-22.9,-85.0,2.60,14
2024-08-03T01:31:37.401Z,1031,39.62666538,-105.00080510,1756.261,-41.7,-22.9,-85.0,2.64,14
2024-08-03T01:31:37.434Z,1032,39.62666632,-105.00080524,1756.363,-41.5,-22.9,-85.0,2.66,14
2024-08-03T01:31:37.467Z,1033,39.62666726,-105.00080537,1756.464,-41.3,-22.9,-85.0,2.67,14
2024-08-03T01:31:37.501Z,1034,39.62666819,-105.00080552,1756.562,-41.1,-22.9,-85.0,2.68,14
2024-08-03T01:31:37.534Z,1035,39.62666893,-105.00080595,1756.562,-40.6,-22.9,-85.0,2.69,14
2024-08-03T01:31:37.567Z,1036,39.62666968,-105.00080638,1756.562,-40.1,-22.9,-85.0,2.69,14
2024-08-03T01:31:37.601Z,1037,39.62667044,-105.00080680,1756.566,-39.6,-22.9,-85.0,2.69,14
2024-08-03T01:31:37.634Z,1038,39.62667138,-105.00080683,1756.668,-39.5,-22.9,-85.0,2.71,14
2024-08-03T01:31:37.668Z,1039,39.62667233,-105.00080687,1756.770,-39.4,-22.9,-85.0,2.73,14
2024-08-03T01:31:37.701Z,1040,39.62667327,-105.00080691,1756.867,-39.3,-22.9,-85.0,2.75,14
2024-08-03T01:31:37.734Z,1041,39.62667408,-105.00080725,1756.867,-39.0,-22.9,-85.0,2.80,14
2024-08-03T01:31:37.768Z,1042,39.62667489,-105.00080758,1756.867,-38.7,-22.9,-85.0,2.84,14
2024-08-03T01:31:37.801Z,1043,39.62667570,-105.00080790,1756.867,-38.4,-22.9,-85.0,2.89,14
2024-08-03T01:31:37.834Z,1044,39.62667673,-105.00080787,1756.867,-38.4,-22.9,-85.0,2.91,14
2024-08-03T01:31:37.868Z,1045,39.62667775,-105.00080783,1756.867,-38.3,-22.9,-85.0,2.94,14
2024-08-03T01:31:37.901Z,1046,39.62667877,-105.00080781,1756.867,-38.3,-22.9,-85.0,2.96,14
2024-08-03T01:31:37.934Z,1047,39.62667981,-105.00080801,1756.867,-38.1,-22.9,-85.0,3.02,14
2024-08-03T01:31:37.968Z,1048,39.62668086,-105.00080821,1756.867,-37.8,-22.9,-85.0,3.07,14
2024-08-03T01:31:38.001Z,1049,39.62668190,-105.00080839,1756.872,-37.6,-22.9,-85.0,3.13,14
2024-08-03T01:31:38.035Z,1050,39.62668290,-105.00080822,1756.974,-37.5,-22.9,-85.0,3.19,14
2024-08-03T01:31:38.068Z,1051,39.62668390,-105.00080806,1757.076,-37.4,-22.9,-85.0,3.25,14
2024-08-03T01:31:38.101Z,1052,39.62668490,-105.00080790,1757.172,-37.3,-22.9,-85.0,3.31,14
2024-08-03T01:31:38.135Z,1053,39.62668600,-105.00080797,1757.172,-37.1,-22.9,-85.0,3.34,14
2024-08-03T01:31:38.168Z,1054,39.62668710,-105.00080804,1757.172,-36.8,-22.9,-85.0,3.37,14
2024-08-03T01:31:38.201Z,1055,39.62668820,-105.00080810,1757.172,-36.6,-22.9,-85.0,3.41,14
2024-08-03T01:31:38.235Z,1056,39.62668929,-105.00080814,1757.172,-36.5,-22.9,-85.0,3.47,14
2024-08-03T01:31:38.268Z,1057,39.62669038,-105.00080817,1757.172,-36.5,-22.9,-85.0,3.54,14
2024-08-03T01:31:38.301Z,1058,39.62669149,-105.00080818,1757.172,-36.4,-22.9,-85.0,3.60,14
2024-08-03T01:31:38.335Z,1059,39.62669282,-105.00080792,1757.172,-36.2,-22.9,-85.0,3.67,14
2024-08-03T01:31:38.368Z,1060,39.62669416,-105.00080765,1757.172,-36.1,-22.9,-85.0,3.74,14
2024-08-03T01:31:38.402Z,1061,39.62669547,-105.00080740,1757.172,-35.9,-22.9,-85.0,3.80,14
2024-08-03T01:31:38.435Z,1062,39.62669648,-105.00080733,1757.172,-35.8,-22.9,-85.0,3.84,14
2024-08-03T01:31:38.468Z,1063,39.62669749,-105.00080726,1757.172,-35.8,-22.9,-85.0,3.87,14
2024-08-03T01:31:38.502Z,1064,39.62669853,-105.00080718,1757.172,-35.7,-22.9,-85.0,3.91,14
2024-08-03T01:31:38.535Z,1065,39.62669989,-105.00080681,1757.172,-35.5,-22.9,-85.0,3.94,14
2024-08-03T01:31:38.568Z,1066,39.62670126,-105.00080644,1757.172,-35.4,-22.9,-85.0,3.98,14
2024-08-03T01:31:38.602Z,1067,39.62670262,-105.00080608,1757.179,-35.2,-22.9,-85.0,4.02,14
2024-08-03T01:31:38.635Z,1068,39.62670394,-105.00080574,1757.281,-35.2,-22.9,-85.0,4.09,14
2024-08-03T01:31:38.669Z,1069,39.62670527,-105.00080541,1757.382,-35.1,-22.9,-85.0,4.15,14
2024-08-03T01:31:38.702Z,1070,39.62670660,-105.00080508,1757.477,-35.1,-22.9,-85.0,4.22,14
2024-08-03T01:31:38.735Z,1071,39.62670804,-105.00080481,1757.477,-35.0,-22.9,-85.0,4.26,14
2024-08-03T01:31:38.769Z,1072,39.62670949,-105.00080455,1757.477,-34.9,-22.9,-85.0,4.30,14
2024-08-03T01:31:38.802Z,1073,39.62671091,-105.00080428,1757.477,-34.8,-22.9,-85.0,4.35,14
2024-08-03T01:31:38.835Z,1074,39.62671206,-105.00080401,1757.477,-34.8,-22.9,-85.0,4.42,14
2024-08-03T01:31:38.869Z,1075,39.62671321,-105.00080375,1757.477,-34.7,-22.9,-85.0,4.50,14
2024-08-03T01:31:38.902Z,1076,39.62671440,-105.00080346,1757.477,-34.7,-22.9,-85.0,4.57,14
2024-08-03T01:31:38.935Z,1077,39.62671603,-105.00080293,1757.477,-34.6,-22.9,-85.0,4.62,14
2024-08-03T01:31:38.969Z,1078,39.62671766,-105.00080239,1757.477,-34.6,-22.9,-85.0,4.67,14
2024-08-03T01:31:39.002Z,1079,39.62671928,-105.00080185,1757.477,-34.5,-22.9,-85.0,4.71,14
2024-08-03T01:31:39.036Z,1080,39.62672081,-105.00080125,1757.477,-34.5,-22.9,-85.0,4.79,14
2024-08-03T01:31:39.069Z,1081,39.62672233,-105.00080065,1757.477,-34.6,-22.9,-85.0,4.87,14
2024-08-03T01:31:39.102Z,1082,39.62672385,-105.00080006,1757.477,-34.6,-22.9,-85.0,4.95,14
2024-08-03T01:31:39.136Z,1083,39.62672527,-105.00079956,1757.477,-34.6,-22.9,-85.0,4.99,14
2024-08-03T01:31:39.169Z,1084,39.62672668,-105.00079906,1757.477,-34.5,-22.9,-85.0,5.03,14
2024-08-03T01:31:39.202Z,1085,39.62672812,-105.00079854,1757.477,-34.5,-22.9,-85.0,5.08,14
2024-08-03T01:31:39.236Z,1086,39.62672973,-105.00079780,1757.477,-34.5,-22.9,-85.0,5.16,14
2024-08-03T01:31:39.269Z,1087,39.62673135,-105.00079707,1757.477,-34.4,-22.9,-85.0,5.24,14
2024-08-03T01:31:39.302Z,1088,39.62673298,-105.00079633,1757.477,-34.4,-22.9,-85.0,5.32,14
2024-08-03T01:31:39.336Z,1089,39.62673473,-105.00079549,1757.477,-34.4,-22.9,-85.0,5.37,14
2024-08-03T01:31:39.369Z,1090,39.62673649,-105.00079466,1757.477,-34.4,-22.9,-85.0,5.42,14
2024-08-03T01:31:39.403Z,1091,39.62673822,-105.00079385,1757.477,-34.4,-22.9,-85.0,5.48,14
2024-08-03T01:31:39.436Z,1092,39.62673958,-105.00079328,1757.477,-34.4,-22.9,-85.0,5.55,14
2024-08-03T01:31:39.469Z,1093,39.62674094,-105.00079271,1757.477,-34.4,-22.9,-85.0,5.63,14
2024-08-03T01:31:39.503Z,1094,39.62674235,-105.00079211,1757.477,-34.4,-22.9,-85.0,5.70,14
2024-08-03T01:31:39.536Z,1095,39.62674421,-105.00079118,1757.477,-34.4,-22.9,-85.0,5.75,14
2024-08-03T01:31:39.569Z,1096,39.62674606,-105.00079024,1757.477,-34.4,-22.9,-85.0,5.80,14
2024-08-03T01:31:39.603Z,1097,39.62674791,-105.00078932,1757.477,-34.4,-22.9,-85.0,5.86,14
2024-08-03T01:31:39.636Z,1098,39.62674963,-105.00078848,1757.477,-34.4,-22.9,-85.0,5.90,14
2024-08-03T01:31:39.670Z,1099,39.62675135,-105.00078765,1757.477,-34.4,-22.9,-85.0,5.94,14
2024-08-03T01:31:39.703Z,1100,39.62675306,-105.00078682,1757.477,-34.4,-22.9,-85.0,5.99,14
2024-08-03T01:31:39.736Z,1101,39.62675472,-105.00078598,1757.477,-34.4,-22.9,-85.0,6.03,14
2024-08-03T01:31:39.770Z,1102,39.62675639,-105.00078515,1757.477,-34.3,-22.9,-85.0,6.07,14
2024-08-03T01:31:39.803Z,1103,39.62675810,-105.00078428,1757.477,-34.3,-22.9,-85.0,6.12,14
2024-08-03T01:31:39.836Z,1104,39.62676018,-105.00078315,1757.477,-34.3,-22.9,-85.0,6.19,14
2024-08-03T01:31:39.870Z,1105,39.62676227,-105.00078201,1757.477,-34.3,-22.9,-85.0,6.27,14
2024-08-03T01:31:39.903Z,1106,39.62676432,-105.00078090,1757.477,-34.3,-22.9,-85.0,6.34,14
2024-08-03T01:31:39.936Z,1107,39.62676606,-105.00078000,1757.477,-34.3,-22.9,-85.0,6.39,14
2024-08-03T01:31:39.970Z,1108,39.62676781,-105.00077910,1757.477,-34.2,-22.9,-85.0,6.45,14
2024-08-03T01:31:40.003Z,1109,39.62676955,-105.00077820,1757.477,-34.2,-22.9,-85.0,6.50,14
2024-08-03T01:31:40.037Z,1110,39.62677126,-105.00077726,1757.477,-34.2,-22.9,-85.0,6.55,14
2024-08-03T01:31:40.070Z,1111,39.62677296,-105.00077633,1757.477,-34.3,-22.9,-85.0,6.59,14
2024-08-03T01:31:40.103Z,1112,39.62677471,-105.00077536,1757.477,-34.3,-22.9,-85.0,6.64,14
2024-08-03T01:31:40.137Z,1113,39.62677673,-105.00077416,1757.477,-34.3,-22.9,-85.0,6.69,14
2024-08-03T01:31:40.170Z,1114,39.62677876,-105.00077296,1757.477,-34.3,-22.9,-85.0,6.75,14
2024-08-03T01:31:40.203Z,1115,39.62678077,-105.00077176,1757.477,-34.3,-22.9,-85.0,6.81,14
2024-08-03T01:31:40.237Z,1116,39.62678270,-105.00077056,1757.477,-34.3,-22.9,-85.0,6.89,14
2024-08-03T01:31:40.270Z,1117,39.62678463,-105.00076936,1757.477,-34.3,-22.9,-85.0,6.96,14
2024-08-03T01:31:40.303Z,1118,39.62678656,-105.00076817,1757.477,-34.3,-22.9,-85.0,7.03,14
2024-08-03T01:31:40.337Z,1119,39.62678847,-105.00076707,1757.477,-34.2,-22.9,-85.0,7.08,14
2024-08-03T01:31:40.370Z,1120,39.62679039,-105.00076597,1757.477,-34.1,-22.9,-84.9,7.12,14
2024-08-03T01:31:40.404Z,1121,39.62679230,-105.00076485,1757.489,-34.0,-22.9,-84.9,7.17,14
2024-08-03T01:31:40.437Z,1122,39.62679419,-105.00076358,1757.591,-33.9,-22.9,-84.9,7.22,14
2024-08-03T01:31:40.470Z,1123,39.62679608,-105.00076231,1757.693,-33.8,-22.9,-84.9,7.28,14
2024-08-03T01:31:40.504Z,1124,39.62679803,-105.00076103,1757.782,-33.7,-22.9,-84.9,7.34,14
2024-08-03T01:31:40.537Z,1125,39.62680032,-105.00075966,1757.782,-33.7,-22.9,-84.9,7.39,14
2024-08-03T01:31:40.570Z,1126,39.62680262,-105.00075829,1757.782,-33.8,-22.9,-84.8,7.43,14
2024-08-03T01:31:40.604Z,1127,39.62680488,-105.00075692,1757.782,-33.8,-22.9,-84.8,7.47,14
2024-08-03T01:31:40.637Z,1128,39.62680690,-105.00075548,1757.782,-33.8,-22.9,-84.8,7.52,14
2024-08-03T01:31:40.671Z,1129,39.62680892,-105.00075405,1757.782,-33.7,-22.9,-84.7,7.56,14
2024-08-03T01:31:40.704Z,1130,39.62681098,-105.00075261,1757.782,-33.7,-22.9,-84.7,7.60,14
2024-08-03T01:31:40.737Z,1131,39.62681331,-105.00075114,1757.782,-33.5,-22.9,-84.6,7.62,14
2024-08-03T01:31:40.771Z,1132,39.62681564,-105.00074967,1757.782,-33.4,-22.9,-84.6,7.63,14
2024-08-03T01:31:40.804Z,1133,39.62681790,-105.00074823,1757.782,-33.3,-22.9,-84.5,7.65,14
2024-08-03T01:31:40.837Z,1134,39.62681966,-105.00074692,1757.782,-33.2,-22.9,-84.4,7.70,14
2024-08-03T01:31:40.871Z,1135,39.62682142,-105.00074562,1757.782,-33.2,-22.9,-84.3,7.74,14
2024-08-03T01:31:40.904Z,1136,39.62682324,-105.00074430,1757.782,-33.1,-22.9,-84.2,7.79,14
2024-08-03T01:31:40.937Z,1137,39.62682541,-105.00074287,1757.782,-32.9,-22.9,-84.1,7.82,14
2024-08-03T01:31:40.971Z,1138,39.62682757,-105.00074143,1757.782,-32.8,-22.9,-84.0,7.85,14
2024-08-03T01:31:41.004Z,1139,39.62682976,-105.00073996,1757.782,-32.7,-22.9,-83.9,7.88,14
2024-08-03T01:31:41.038Z,1140,39.62683206,-105.00073822,1757.782,-32.5,-22.9,-83.7,7.93,14
2024-08-03T01:31:41.071Z,1141,39.62683437,-105.00073649,1757.782,-32.3,-22.9,-83.6,7.97,14
2024-08-03T01:31:41.104Z,1142,39.62683664,-105.00073479,1757.782,-32.1,-22.9,-83.5,8.02,14
2024-08-03T01:31:41.138Z,1143,39.62683875,-105.00073336,1757.782,-31.9,-22.9,-83.3,8.03,14
2024-08-03T01:31:41.171Z,1144,39.62684086,-105.00073193,1757.782,-31.8,-22.9,-83.2,8.05,14
2024-08-03T01:31:41.204Z,1145,39.62684296,-105.00073045,1757.782,-31.7,-22.9,-83.1,8.07,14
2024-08-03T01:31:41.238Z,1146,39.62684505,-105.00072871,1757.782,-31.6,-22.9,-83.0,8.11,14
2024-08-03T01:31:41.271Z,1147,39.62684714,-105.00072698,1757.782,-31.5,-22.9,-82.9,8.16,14
2024-08-03T01:31:41.304Z,1148,39.62684922,-105.00072527,1757.782,-31.4,-22.9,-82.8,8.20,14
2024-08-03T01:31:41.338Z,1149,39.62685132,-105.00072374,1757.782,-31.2,-22.9,-82.6,8.24,14
2024-08-03T01:31:41.371Z,1150,39.62685342,-105.00072220,1757.782,-31.0,-22.9,-82.5,8.27,14
2024-08-03T01:31:41.405Z,1151,39.62685556,-105.00072061,1757.782,-30.9,-22.9,-82.4,8.30,14
2024-08-03T01:31:41.438Z,1152,39.62685790,-105.00071867,1757.782,-30.8,-22.9,-82.3,8.32,14
2024-08-03T01:31:41.471Z,1153,39.62686025,-105.00071674,1757.782,-30.7,-22.9,-82.2,8.34,14
2024-08-03T01:31:41.505Z,1154,39.62686255,-105.00071485,1757.782,-30.6,-22.9,-82.1,8.36,14
2024-08-03T01:31:41.538Z,1155,39.62686464,-105.00071321,1757.782,-30.4,-22.9,-81.9,8.37,14
2024-08-03T01:31:41.571Z,1156,39.62686673,-105.00071158,1757.782,-30.3,-22.9,-81.8,8.39,14
2024-08-03T01:31:41.605Z,1157,39.62686883,-105.00070990,1757.782,-30.2,-22.9,-81.7,8.41,14
2024-08-03T01:31:41.638Z,1158,39.62687102,-105.00070804,1757.782,-30.0,-22.9,-81.5,8.46,14
2024-08-03T01:31:41.672Z,1159,39.62687320,-105.00070617,1757.782,-29.9,-22.9,-81.4,8.51,14
2024-08-03T01:31:41.705Z,1160,39.62687542,-105.00070428,1757.782,-29.8,-22.9,-81.3,8.55,14
2024-08-03T01:31:41.738Z,1161,39.62687788,-105.00070231,1757.782,-29.6,-22.9,-81.2,8.59,14
2024-08-03T01:31:41.772Z,1162,39.62688033,-105.00070035,1757.782,-29.5,-22.9,-81.1,8.62,14
2024-08-03T01:31:41.805Z,1163,39.62688274,-105.00069837,1757.782,-29.4,-22.9,-81.0,8.66,14
2024-08-03T01:31:41.838Z,1164,39.62688490,-105.00069633,1757.782,-29.2,-22.9,-80.8,8.68,14
2024-08-03T01:31:41.872Z,1165,39.62688707,-105.00069430,1757.782,-29.1,-22.9,-80.7,8.69,14
2024-08-03T01:31:41.905Z,1166,39.62688923,-105.00069230,1757.782,-29.0,-22.9,-80.6,8.71,14
2024-08-03T01:31:41.938Z,1167,39.62689136,-105.00069054,1757.782,-28.9,-22.9,-80.4,8.73,14
2024-08-03T01:31:41.972Z,1168,39.62689348,-105.00068877,1757.782,-28.8,-22.9,-80.3,8.75,14
2024-08-03T01:31:42.005Z,1169,39.62689558,-105.00068701,1757.782,-28.7,-22.9,-80.2,8.77,14
2024-08-03T01:31:42.039Z,1170,39.62689758,-105.00068527,1757.782,-28.5,-22.9,-80.1,8.79,14
2024-08-03T01:31:42.072Z,1171,39.62689958,-105.00068353,1757.782,-28.4,-22.9,-80.0,8.81,14
2024-08-03T01:31:42.105Z,1172,39.62690164,-105.00068172,1757.782,-28.3,-22.9,-79.9,8.83,14
2024-08-03T01:31:42.139Z,1173,39.62690392,-105.00067956,1757.782,-28.1,-22.9,-79.7,8.88,14
2024-08-03T01:31:42.172Z,1174,39.62690621,-105.00067739,1757.782,-27.9,-22.9,-79.6,8.92,14
2024-08-03T01:31:42.205Z,1175,39.62690849,-105.00067522,1757.782,-27.8,-22.9,-79.5,8.97,14
2024-08-03T01:31:42.239Z,1176,39.62691071,-105.00067305,1757.782,-27.6,-22.9,-79.3,8.99,14
2024-08-03T01:31:42.272Z,1177,39.62691293,-105.00067088,1757.782,-27.4,-22.9,-79.2,9.01,14
2024-08-03T01:31:42.305Z,1178,39.62691513,-105.00066876,1757.782,-27.2,-22.9,-79.1,9.02,14
2024-08-03T01:31:42.339Z,1179,39.62691727,-105.00066686,1757.782,-27.1,-22.9,-79.0,9.04,14
2024-08-03T01:31:42.372Z,1180,39.62691941,-105.00066496,1757.782,-27.1,-22.9,-78.9,9.06,14
2024-08-03T01:31:42.406Z,1181,39.62692160,-105.00066294,1757.782,-27.0,-22.9,-78.8,9.08,14
2024-08-03T01:31:42.439Z,1182,39.62692402,-105.00066040,1757.782,-26.8,-22.9,-78.6,9.07,14
2024-08-03T01:31:42.472Z,1183,39.62692643,-105.00065787,1757.782,-26.7,-22.9,-78.5,9.07,14
2024-08-03T01:31:42.506Z,1184,39.62692879,-105.00065544,1757.782,-26.6,-22.9,-78.4,9.06,14
2024-08-03T01:31:42.539Z,1185,39.62693092,-105.00065347,1757.782,-26.4,-22.9,-78.2,9.08,14
2024-08-03T01:31:42.572Z,1186,39.62693304,-105.00065150,1757.782,-26.2,-22.9,-78.1,9.10,14
2024-08-03T01:31:42.606Z,1187,39.62693518,-105.00064945,1757.782,-26.0,-22.9,-78.0,9.13,14
2024-08-03T01:31:42.639Z,1188,39.62693737,-105.00064709,1757.782,-25.8,-22.9,-77.8,9.15,14
2024-08-03T01:31:42.673Z,1189,39.62693956,-105.00064472,1757.782,-25.7,-22.9,-77.7,9.17,14
2024-08-03T01:31:42.706Z,1190,39.62694173,-105.00064240,1757.782,-25.6,-22.9,-77.6,9.19,14
2024-08-03T01:31:42.739Z,1191,39.62694385,-105.00064034,1757.782,-25.4,-22.9,-77.5,9.21,14
2024-08-03T01:31:42.773Z,1192,39.62694597,-105.00063827,1757.782,-25.3,-22.9,-77.4,9.23,14
2024-08-03T01:31:42.806Z,1193,39.62694811,-105.00063617,1757.782,-25.2,-22.9,-77.3,9.25,14
2024-08-03T01:31:42.839Z,1194,39.62695035,-105.00063397,1757.782,-25.1,-22.9,-77.1,9.27,14
2024-08-03T01:31:42.873Z,1195,39.62695258,-105.00063177,1757.782,-25.0,-22.9,-77.0,9.29,14
2024-08-03T01:31:42.906Z,1196,39.62695485,-105.00062946,1757.782,-24.9,-22.9,-76.9,9.31,14
2024-08-03T01:31:42.939Z,1197,39.62695726,-105.00062672,1757.782,-24.7,-22.9,-76.7,9.33,14
2024-08-03T01:31:42.973Z,1198,39.62695968,-105.00062399,1757.782,-24.6,-22.9,-76.6,9.36,14
2024-08-03T01:31:43.006Z,1199,39.62696205,-105.00062130,1757.782,-24.5,-22.9,-76.5,9.38,14
2024-08-03T01:31:43.040Z,1200,39.62696423,-105.00061880,1757.782,-24.3,-22.9,-76.3,9.40,14
2024-08-03T01:31:43.073Z,1201,39.62696642,-105.00061629,1757.782,-24.1,-22.9,-76.2,9.42,14
2024-08-03T01:31:43.106Z,1202,39.62696859,-105.00061385,1757.802,-24.0,-22.9,-76.1,9.44,14
2024-08-03T01:31:43.140Z,1203,39.62697069,-105.00061161,1757.904,-23.9,-22.9,-76.0,9.46,14
2024-08-03T01:31:43.173Z,1204,39.62697280,-105.00060938,1758.006,-23.8,-22.9,-75.9,9.48,14
2024-08-03T01:31:43.206Z,1205,39.62697492,-105.00060707,1758.086,-23.7,-22.9,-75.8,9.50,14
2024-08-03T01:31:43.240Z,1206,39.62697710,-105.00060450,1758.086,-23.6,-22.9,-75.6,9.50,14
2024-08-03T01:31:43.273Z,1207,39.62697928,-105.00060193,1758.086,-23.5,-22.9,-75.5,9.49,14
2024-08-03T01:31:43.306Z,1208,39.62698152,-105.00059934,1758.086,-23.4,-22.9,-75.4,9.50,14
2024-08-03T01:31:43.340Z,1209,39.62698394,-105.00059667,1758.086,-23.2,-22.9,-75.2,9.52,14
2024-08-03T01:31:43.373Z,1210,39.62698636,-105.00059400,1758.086,-23.0,-22.9,-75.1,9.54,14
2024-08-03T01:31:43.407Z,1211,39.62698871,-105.00059137,1758.086,-22.8,-22.9,-75.0,9.56,14
2024-08-03T01:31:43.440Z,1212,39.62699079,-105.00058887,1758.086,-22.6,-22.9,-74.8,9.59,14
2024-08-03T01:31:43.473Z,1213,39.62699288,-105.00058636,1758.086,-22.5,-22.9,-74.7,9.61,14
2024-08-03T01:31:43.507Z,1214,39.62699497,-105.00058391,1758.086,-22.4,-22.9,-74.6,9.63,14
2024-08-03T01:31:43.540Z,1215,39.62699712,-105.00058160,1758.086,-22.2,-22.9,-74.4,9.65,14
2024-08-03T01:31:43.573Z,1216,39.62699926,-105.00057930,1758.086,-22.1,-22.9,-74.3,9.68,14
2024-08-03T01:31:43.607Z,1217,39.62700139,-105.00057689,1758.086,-22.0,-22.9,-74.2,9.69,14
2024-08-03T01:31:43.640Z,1218,39.62700348,-105.00057409,1758.086,-21.8,-22.9,-74.0,9.69,14
2024-08-03T01:31:43.674Z,1219,39.62700557,-105.00057128,1758.086,-21.6,-22.9,-73.9,9.69,14
2024-08-03T01:31:43.707Z,1220,39.62700772,-105.00056848,1758.086,-21.5,-22.9,-73.8,9.69,14
2024-08-03T01:31:43.740Z,1221,39.62701014,-105.00056568,1758.086,-21.3,-22.9,-73.6,9.72,14
2024-08-03T01:31:43.774Z,1222,39.62701256,-105.00056287,1758.086,-21.1,-22.9,-73.5,9.74,14
2024-08-03T01:31:43.807Z,1223,39.62701491,-105.00056006,1758.086,-20.9,-22.9,-73.4,9.76,14
2024-08-03T01:31:43.840Z,1224,39.62701700,-105.00055723,1758.086,-20.8,-22.9,-73.3,9.79,14
2024-08-03T01:31:43.874Z,1225,39.62701909,-105.00055439,1758.086,-20.7,-22.9,-73.2,9.81,14
2024-08-03T01:31:43.907Z,1226,39.62702112,-105.00055168,1758.086,-20.6,-22.9,-73.1,9.83,14
2024-08-03T01:31:43.940Z,1227,39.62702294,-105.00054942,1758.086,-20.5,-22.9,-72.9,9.86,14
2024-08-03T01:31:43.974Z,1228,39.62702477,-105.00054715,1758.086,-20.4,-22.9,-72.7,9.88,14
2024-08-03T01:31:44.007Z,1229,39.62702671,-105.00054469,1758.086,-20.3,-22.9,-72.6,9.89,14
2024-08-03T01:31:44.041Z,1230,39.62702904,-105.00054162,1758.086,-20.1,-22.9,-72.4,9.87,14
2024-08-03T01:31:44.074Z,1231,39.62703137,-105.00053855,1758.086,-20.0,-22.9,-72.3,9.85,14
2024-08-03T01:31:44.107Z,1232,39.62703362,-105.00053560,1758.086,-19.9,-22.9,-72.2,9.83,14
2024-08-03T01:31:44.141Z,1233,39.62703564,-105.00053303,1758.086,-19.7,-22.9,-72.0,9.86,14
2024-08-03T01:31:44.174Z,1234,39.62703766,-105.00053046,1758.086,-19.5,-22.9,-71.9,9.88,14
2024-08-03T01:31:44.207Z,1235,39.62703969,-105.00052785,1758.086,-19.3,-22.9,-71.8,9.90,14
2024-08-03T01:31:44.241Z,1236,39.62704178,-105.00052508,1758.086,-19.1,-22.9,-71.6,9.90,14
2024-08-03T01:31:44.274Z,1237,39.62704387,-105.00052231,1758.086,-18.9,-22.9,-71.5,9.90,14
2024-08-03T01:31:44.307Z,1238,39.62704594,-105.00051953,1758.086,-18.8,-22.9,-71.4,9.91,14
2024-08-03T01:31:44.341Z,1239,39.62704793,-105.00051673,1758.086,-18.7,-22.9,-71.2,9.93,14
2024-08-03T01:31:44.374Z,1240,39.62704992,-105.00051392,1758.086,-18.6,-22.9,-71.1,9.96,14
2024-08-03T01:31:44.408Z,1241,39.62705192,-105.00051112,1758.086,-18.5,-22.9,-71.0,9.98,14
2024-08-03T01:31:44.441Z,1242,39.62705392,-105.00050832,1758.086,-18.4,-22.9,-70.8,9.98,14
2024-08-03T01:31:44.474Z,1243,39.62705593,-105.00050552,1758.086,-18.3,-22.9,-70.7,9.98,14
2024-08-03T01:31:44.508Z,1244,39.62705800,-105.00050265,1758.086,-18.2,-22.9,-70.6,9.98,14
2024-08-03T01:31:44.541Z,1245,39.62706027,-105.00049958,1758.086,-18.0,-22.9,-70.4,9.98,14
2024-08-03T01:31:44.574Z,1246,39.62706254,-105.00049651,1758.086,-17.8,-22.9,-70.3,9.98,14
2024-08-03T01:31:44.608Z,1247,39.62706477,-105.00049345,1758.086,-17.6,-22.9,-70.2,9.99,14
2024-08-03T01:31:44.641Z,1248,39.62706686,-105.00049041,1758.086,-17.4,-22.9,-70.0,10.01,14
2024-08-03T01:31:44.675Z,1249,39.62706895,-105.00048737,1758.086,-17.2,-22.9,-69.8,10.04,14
2024-08-03T01:31:44.708Z,1250,39.62707109,-105.00048430,1758.086,-17.1,-22.9,-69.7,10.05,14
2024-08-03T01:31:44.741Z,1251,39.62707338,-105.00048113,1758.086,-16.9,-22.9,-69.5,10.03,14
2024-08-03T01:31:44.775Z,1252,39.62707566,-105.00047796,1758.086,-16.8,-22.9,-69.4,10.01,14
2024-08-03T01:31:44.808Z,1253,39.62707787,-105.00047482,1758.086,-16.7,-22.9,-69.3,10.00,14
2024-08-03T01:31:44.841Z,1254,39.62707986,-105.00047175,1758.086,-16.5,-22.9,-69.1,10.02,14
2024-08-03T01:31:44.875Z,1255,39.62708186,-105.00046868,1758.086,-16.4,-22.9,-69.0,10.05,14
2024-08-03T01:31:44.908Z,1256,39.62708384,-105.00046569,1758.086,-16.3,-22.9,-68.9,10.07,14
2024-08-03T01:31:44.941Z,1257,39.62708581,-105.00046292,1758.086,-16.1,-22.9,-68.7,10.07,14
2024-08-03T01:31:44.975Z,1258,39.62708777,-105.00046015,1758.086,-15.9,-22.9,-68.6,10.07,14
2024-08-03T01:31:45.008Z,1259,39.62708968,-105.00045735,1758.086,-15.8,-22.9,-68.5,10.08,14
2024-08-03T01:31:45.042Z,1260,39.62709145,-105.00045448,1758.086,-15.6,-22.9,-68.3,10.08,14
2024-08-03T01:31:45.075Z,1261,39.62709322,-105.00045161,1758.086,-15.4,-22.9,-68.2,10.08,14
2024-08-03T01:31:45.108Z,1262,39.62709509,-105.00044868,1758.086,-15.3,-22.9,-68.1,10.08,14
2024-08-03T01:31:45.142Z,1263,39.62709725,-105.00044558,1758.086,-15.3,-22.9,-68.0,10.08,14
2024-08-03T01:31:45.175Z,1264,39.62709941,-105.00044248,1758.086,-15.2,-22.9,-67.9,10.09,14
2024-08-03T01:31:45.208Z,1265,39.62710154,-105.00043940,1758.086,-15.2,-22.9,-67.8,10.09,14
2024-08-03T01:31:45.242Z,1266,39.62710355,-105.00043640,1758.086,-15.2,-22.9,-67.7,10.09,14
2024-08-03T01:31:45.275Z,1267,39.62710556,-105.00043340,1758.086,-15.2,-22.9,-67.6,10.09,14
2024-08-03T01:31:45.308Z,1268,39.62710759,-105.00043026,1758.086,-15.2,-22.9,-67.5,10.09,14
2024-08-03T01:31:45.342Z,1269,39.62710967,-105.00042675,1758.086,-15.2,-22.9,-67.4,10.09,14
2024-08-03T01:31:45.375Z,1270,39.62711175,-105.00042325,1758.086,-15.3,-22.9,-67.3,10.09,14
2024-08-03T01:31:45.409Z,1271,39.62711375,-105.00041992,1758.086,-15.3,-22.9,-67.2,10.10,14
2024-08-03T01:31:45.442Z,1272,39.62711551,-105.00041705,1758.086,-15.1,-22.9,-67.1,10.12,14
2024-08-03T01:31:45.475Z,1273,39.62711727,-105.00041418,1758.086,-15.0,-22.9,-67.0,10.14,14
2024-08-03T01:31:45.509Z,1274,39.62711910,-105.00041127,1758.086,-14.9,-22.9,-66.9,10.15,14
2024-08-03T01:31:45.542Z,1275,39.62712114,-105.00040827,1758.086,-14.9,-22.9,-66.8,10.12,14
2024-08-03T01:31:45.575Z,1276,39.62712318,-105.00040527,1758.086,-14.8,-22.9,-66.7,10.10,14
2024-08-03T01:31:45.609Z,1277,39.62712521,-105.00040224,1758.086,-14.8,-22.9,-66.6,10.08,14
2024-08-03T01:31:45.642Z,1278,39.62712720,-105.00039913,1758.086,-14.9,-22.9,-66.5,10.10,14
2024-08-03T01:31:45.676Z,1279,39.62712920,-105.00039603,1758.086,-15.0,-22.9,-66.4,10.13,14
2024-08-03T01:31:45.709Z,1280,39.62713128,-105.00039288,1758.086,-15.0,-22.9,-66.4,10.15,14
2024-08-03T01:31:45.742Z,1281,39.62713357,-105.00038961,1758.086,-15.0,-22.9,-66.3,10.17,14
2024-08-03T01:31:45.776Z,1282,39.62713586,-105.00038634,1758.086,-15.1,-22.9,-66.2,10.18,14
2024-08-03T01:31:45.809Z,1283,39.62713802,-105.00038330,1758.086,-15.1,-22.9,-66.2,10.20,14
2024-08-03T01:31:45.842Z,1284,39.62713984,-105.00038083,1758.086,-15.0,-22.9,-66.2,10.19,14
2024-08-03T01:31:45.876Z,1285,39.62714166,-105.00037836,1758.086,-14.9,-22.9,-66.1,10.19,14
2024-08-03T01:31:45.909Z,1286,39.62714365,-105.00037569,1758.086,-14.9,-22.9,-66.1,10.18,14
2024-08-03T01:31:45.942Z,1287,39.62714606,-105.00037252,1758.086,-14.8,-22.9,-66.1,10.15,14
2024-08-03T01:31:45.976Z,1288,39.62714846,-105.00036935,1758.086,-14.7,-22.9,-66.1,10.13,14
2024-08-03T01:31:46.009Z,1289,39.62715082,-105.00036629,1758.086,-14.6,-22.9,-66.1,10.11,14
2024-08-03T01:31:46.043Z,1290,39.62715306,-105.00036348,1758.086,-14.6,-22.9,-66.1,10.11,14
2024-08-03T01:31:46.076Z,1291,39.62715530,-105.00036068,1758.086,-14.5,-22.9,-66.0,10.12,14
2024-08-03T01:31:46.109Z,1292,39.62715755,-105.00035796,1758.086,-14.5,-22.9,-66.0,10.12,14
2024-08-03T01:31:46.143Z,1293,39.62715980,-105.00035542,1758.086,-14.5,-22.9,-66.0,10.12,14
2024-08-03T01:31:46.176Z,1294,39.62716205,-105.00035289,1758.086,-14.4,-22.9,-66.0,10.13,14
2024-08-03T01:31:46.209Z,1295,39.62716432,-105.00035031,1758.086,-14.4,-22.9,-66.0,10.13,14
2024-08-03T01:31:46.243Z,1296,39.62716666,-105.00034764,1758.086,-14.3,-22.9,-66.0,10.11,14
2024-08-03T01:31:46.276Z,1297,39.62716900,-105.00034497,1758.086,-14.2,-22.9,-66.0,10.09,14
2024-08-03T01:31:46.309Z,1298,39.62717144,-105.00034227,1758.086,-14.2,-22.9,-66.0,10.09,14
2024-08-03T01:31:46.343Z,1299,39.62717411,-105.00033950,1758.086,-14.2,-22.9,-66.0,10.12,14
2024-08-03T01:31:46.376Z,1300,39.62717678,-105.00033673,1758.086,-14.1,-22.9,-66.0,10.15,14
2024-08-03T01:31:46.410Z,1301,39.62717934,-105.00033407,1758.086,-14.1,-22.9,-66.0,10.17,14
2024-08-03T01:31:46.443Z,1302,39.62718163,-105.00033167,1758.086,-14.1,-22.9,-66.0,10.18,14
2024-08-03T01:31:46.476Z,1303,39.62718392,-105.00032927,1758.086,-14.1,-22.9,-66.0,10.19,14
2024-08-03T01:31:46.510Z,1304,39.62718625,-105.00032691,1758.086,-14.1,-22.9,-66.0,10.20,14
2024-08-03T01:31:46.543Z,1305,39.62718870,-105.00032464,1758.086,-14.1,-22.9,-66.0,10.18,14
2024-08-03T01:31:46.576Z,1306,39.62719114,-105.00032237,1758.086,-14.0,-22.9,-66.0,10.17,14
2024-08-03T01:31:46.610Z,1307,39.62719364,-105.00032009,1758.086,-14.0,-22.9,-66.0,10.17,14
2024-08-03T01:31:46.643Z,1308,39.62719626,-105.00031779,1758.086,-14.0,-22.9,-66.0,10.18,14
2024-08-03T01:31:46.677Z,1309,39.62719888,-105.00031549,1758.086,-13.9,-22.9,-66.0,10.20,14
2024-08-03T01:31:46.710Z,1310,39.62720154,-105.00031309,1758.086,-13.9,-22.9,-66.0,10.21,14
2024-08-03T01:31:46.743Z,1311,39.62720428,-105.00031049,1758.086,-13.9,-22.9,-66.0,10.22,14
2024-08-03T01:31:46.777Z,1312,39.62720703,-105.00030789,1758.086,-13.9,-22.9,-66.0,10.23,14
2024-08-03T01:31:46.810Z,1313,39.62720973,-105.00030539,1758.086,-13.9,-22.9,-66.0,10.24,14
2024-08-03T01:31:46.843Z,1314,39.62721230,-105.00030312,1758.086,-13.8,-22.9,-66.0,10.25,14
2024-08-03T01:31:46.877Z,1315,39.62721487,-105.00030085,1758.086,-13.7,-22.9,-66.0,10.26,14
2024-08-03T01:31:46.910Z,1316,39.62721743,-105.00029865,1758.086,-13.7,-22.9,-66.0,10.27,14
2024-08-03T01:31:46.943Z,1317,39.62722000,-105.00029662,1758.086,-13.7,-22.9,-66.0,10.29,14
2024-08-03T01:31:46.977Z,1318,39.62722257,-105.00029458,1758.086,-13.6,-22.9,-66.0,10.31,14
2024-08-03T01:31:47.010Z,1319,39.62722510,-105.00029259,1758.086,-13.6,-22.9,-66.0,10.32,14
2024-08-03T01:31:47.044Z,1320,39.62722759,-105.00029069,1758.086,-13.6,-22.9,-66.0,10.32,14
2024-08-03T01:31:47.077Z,1321,39.62723007,-105.00028879,1758.086,-13.6,-22.9,-66.0,10.31,14
2024-08-03T01:31:47.110Z,1322,39.62723267,-105.00028678,1758.086,-13.6,-22.9,-66.0,10.31,14
2024-08-03T01:31:47.144Z,1323,39.62723551,-105.00028454,1758.086,-13.6,-22.9,-66.0,10.32,14
2024-08-03T01:31:47.177Z,1324,39.62723835,-105.00028231,1758.086,-13.6,-22.9,-66.0,10.34,14
2024-08-03T01:31:47.210Z,1325,39.62724115,-105.00028015,1758.086,-13.6,-22.9,-66.0,10.35,14
2024-08-03T01:31:47.244Z,1326,39.62724386,-105.00027815,1758.086,-13.5,-22.9,-66.0,10.36,14
2024-08-03T01:31:47.277Z,1327,39.62724658,-105.00027614,1758.086,-13.4,-22.9,-66.0,10.37,14
2024-08-03T01:31:47.310Z,1328,39.62724942,-105.00027410,1758.086,-13.4,-22.9,-66.0,10.38,14
2024-08-03T01:31:47.344Z,1329,39.62725252,-105.00027196,1758.086,-13.4,-22.9,-66.0,10.38,14
2024-08-03T01:31:47.377Z,1330,39.62725563,-105.00026983,1758.086,-13.3,-22.9,-66.0,10.38,14
2024-08-03T01:31:47.411Z,1331,39.62725851,-105.00026786,1758.086,-13.3,-22.9,-66.0,10.38,14
2024-08-03T01:31:47.444Z,1332,39.62726093,-105.00026622,1758.086,-13.3,-22.9,-66.0,10.40,14
2024-08-03T01:31:47.477Z,1333,39.62726336,-105.00026459,1758.086,-13.3,-22.9,-66.0,10.41,14
2024-08-03T01:31:47.511Z,1334,39.62726597,-105.00026284,1758.086,-13.3,-22.9,-66.0,10.43,14
2024-08-03T01:31:47.544Z,1335,39.62726894,-105.00026087,1758.086,-13.3,-22.9,-66.0,10.44,14
2024-08-03T01:31:47.577Z,1336,39.62727191,-105.00025890,1758.086,-13.4,-22.9,-66.0,10.46,14
2024-08-03T01:31:47.611Z,1337,39.62727485,-105.00025698,1758.086,-13.4,-22.9,-66.0,10.47,14
2024-08-03T01:31:47.644Z,1338,39.62727771,-105.00025514,1758.086,-13.4,-22.9,-66.0,10.49,14
2024-08-03T01:31:47.678Z,1339,39.62728057,-105.00025331,1758.086,-13.3,-22.9,-66.0,10.50,14
2024-08-03T01:31:47.711Z,1340,39.62728341,-105.00025152,1758.086,-13.3,-22.9,-66.0,10.52,14
2024-08-03T01:31:47.744Z,1341,39.62728619,-105.00024982,1758.086,-13.2,-22.9,-66.0,10.53,14
2024-08-03T01:31:47.778Z,1342,39.62728897,-105.00024812,1758.086,-13.1,-22.9,-66.0,10.55,14
2024-08-03T01:31:47.811Z,1343,39.62729180,-105.00024640,1758.086,-13.1,-22.9,-66.0,10.57,14
2024-08-03T01:31:47.844Z,1344,39.62729475,-105.00024467,1758.086,-13.1,-22.9,-66.0,10.58,14
2024-08-03T01:31:47.878Z,1345,39.62729769,-105.00024293,1758.086,-13.2,-22.9,-66.0,10.60,14
2024-08-03T01:31:47.911Z,1346,39.62730075,-105.00024114,1758.086,-13.2,-22.9,-66.0,10.62,14
2024-08-03T01:31:47.944Z,1347,39.62730403,-105.00023924,1758.086,-13.2,-22.9,-66.0,10.63,14
2024-08-03T01:31:47.978Z,1348,39.62730731,-105.00023734,1758.086,-13.3,-22.9,-66.0,10.65,14
2024-08-03T01:31:48.011Z,1349,39.62731049,-105.00023552,1758.086,-13.2,-22.9,-66.0,10.67,14
2024-08-03T01:31:48.045Z,1350,39.62731348,-105.00023385,1758.086,-13.0,-22.9,-66.0,10.69,14
2024-08-03T01:31:48.078Z,1351,39.62731647,-105.00023218,1758.086,-12.8,-22.9,-66.0,10.70,14
2024-08-03T01:31:48.111Z,1352,39.62731942,-105.00023056,1758.086,-12.5,-22.9,-66.0,10.71,14
2024-08-03T01:31:48.145Z,1353,39.62732230,-105.00022902,1758.086,-11.8,-22.9,-66.0,10.68,14
2024-08-03T01:31:48.178Z,1354,39.62732518,-105.00022749,1758.086,-11.1,-22.9,-66.0,10.66,14
2024-08-03T01:31:48.211Z,1355,39.62732810,-105.00022595,1758.086,-10.9,-22.9,-66.0,10.60,14
2024-08-03T01:31:48.245Z,1356,39.62733107,-105.00022442,1758.086,-11.7,-22.9,-66.0,10.48,14
2024-08-03T01:31:48.278Z,1357,39.62733404,-105.00022288,1758.086,-12.6,-22.9,-66.0,10.36,14
2024-08-03T01:31:48.311Z,1358,39.62733706,-105.00022133,1758.086,-13.3,-22.9,-66.0,10.23,14
2024-08-03T01:31:48.345Z,1359,39.62734014,-105.00021972,1758.086,-14.0,-22.9,-66.0,10.07,14
2024-08-03T01:31:48.378Z,1360,39.62734323,-105.00021812,1758.086,-14.7,-22.9,-66.0,9.91,14
2024-08-03T01:31:48.412Z,1361,39.62734614,-105.00021671,1758.086,-15.0,-22.9,-66.0,9.75,14
2024-08-03T01:31:48.445Z,1362,39.62734872,-105.00021565,1758.086,-14.8,-22.9,-66.0,9.60,14
2024-08-03T01:31:48.478Z,1363,39.62735131,-105.00021458,1758.086,-14.5,-22.9,-66.0,9.46,14
2024-08-03T01:31:48.512Z,1364,39.62735387,-105.00021355,1758.086,-14.3,-22.9,-66.0,9.31,14
2024-08-03T01:31:48.545Z,1365,39.62735639,-105.00021258,1758.086,-14.0,-22.9,-66.0,9.16,14
2024-08-03T01:31:48.578Z,1366,39.62735891,-105.00021161,1758.086,-13.8,-22.9,-66.0,9.02,14
2024-08-03T01:31:48.612Z,1367,39.62736144,-105.00021067,1758.086,-13.6,-22.9,-66.0,8.87,14
2024-08-03T01:31:48.645Z,1368,39.62736400,-105.00020977,1758.086,-13.7,-22.9,-66.0,8.70,14
2024-08-03T01:31:48.679Z,1369,39.62736656,-105.00020887,1758.086,-13.8,-22.9,-66.0,8.52,14
2024-08-03T01:31:48.712Z,1370,39.62736915,-105.00020804,1758.086,-13.9,-22.9,-66.0,8.37,14
2024-08-03T01:31:48.745Z,1371,39.62737179,-105.00020734,1758.086,-13.8,-22.9,-66.0,8.25,14
2024-08-03T01:31:48.779Z,1372,39.62737444,-105.00020664,1758.086,-13.7,-22.9,-66.0,8.13,14
2024-08-03T01:31:48.812Z,1373,39.62737698,-105.00020594,1758.086,-13.5,-22.9,-66.0,8.01,14
2024-08-03T01:31:48.845Z,1374,39.62737935,-105.00020524,1758.086,-13.0,-22.9,-66.0,7.86,14
2024-08-03T01:31:48.879Z,1375,39.62738171,-105.00020454,1758.086,-12.4,-22.9,-66.0,7.72,14
2024-08-03T01:31:48.912Z,1376,39.62738397,-105.00020394,1758.048,-12.0,-22.9,-66.0,7.59,14
2024-08-03T01:31:48.945Z,1377,39.62738602,-105.00020350,1757.946,-11.6,-22.9,-66.0,7.49,14
2024-08-03T01:31:48.979Z,1378,39.62738808,-105.00020307,1757.845,-11.3,-22.8,-66.0,7.38,14
2024-08-03T01:31:49.012Z,1379,39.62739021,-105.00020256,1757.782,-11.1,-22.8,-66.0,7.28,14
2024-08-03T01:31:49.046Z,1380,39.62739244,-105.00020193,1757.782,-11.1,-22.7,-66.0,7.18,14
2024-08-03T01:31:49.079Z,1381,39.62739467,-105.00020129,1757.782,-11.1,-22.6,-66.0,7.08,14
2024-08-03T01:31:49.112Z,1382,39.62739680,-105.00020072,1757.782,-11.1,-22.6,-66.0,7.01,14
2024-08-03T01:31:49.146Z,1383,39.62739875,-105.00020025,1757.782,-11.2,-22.5,-66.0,6.99,14
2024-08-03T01:31:49.179Z,1384,39.62740070,-105.00019979,1757.782,-11.3,-22.4,-66.0,6.96,14
2024-08-03T01:31:49.212Z,1385,39.62740269,-105.00019929,1757.782,-11.5,-22.3,-66.0,6.94,14
2024-08-03T01:31:49.246Z,1386,39.62740475,-105.00019876,1757.782,-11.8,-22.2,-66.0,6.94,14
2024-08-03T01:31:49.279Z,1387,39.62740680,-105.00019823,1757.782,-12.0,-22.1,-66.0,6.94,14
2024-08-03T01:31:49.312Z,1388,39.62740883,-105.00019768,1757.782,-12.2,-21.9,-66.0,6.96,14
2024-08-03T01:31:49.346Z,1389,39.62741081,-105.00019711,1757.782,-12.3,-21.8,-66.0,6.99,14
2024-08-03T01:31:49.379Z,1390,39.62741279,-105.00019654,1757.782,-12.4,-21.7,-66.0,7.02,14
2024-08-03T01:31:49.413Z,1391,39.62741484,-105.00019603,1757.782,-12.5,-21.5,-66.0,7.05,14
2024-08-03T01:31:49.446Z,1392,39.62741700,-105.00019560,1757.782,-12.5,-21.4,-66.0,7.09,14
2024-08-03T01:31:49.479Z,1393,39.62741915,-105.00019516,1757.782,-12.5,-21.3,-66.0,7.12,14
2024-08-03T01:31:49.513Z,1394,39.62742139,-105.00019461,1757.782,-12.6,-21.1,-66.0,7.15,14
2024-08-03T01:31:49.546Z,1395,39.62742378,-105.00019388,1757.782,-12.7,-21.0,-66.0,7.18,14
2024-08-03T01:31:49.579Z,1396,39.62742616,-105.00019314,1757.782,-12.8,-20.9,-66.0,7.22,14
2024-08-03T01:31:49.613Z,1397,39.62742846,-105.00019251,1757.782,-12.9,-20.7,-66.0,7.26,14
2024-08-03T01:31:49.646Z,1398,39.62743062,-105.00019205,1757.782,-13.0,-20.6,-66.0,7.33,14
2024-08-03T01:31:49.680Z,1399,39.62743278,-105.00019158,1757.782,-13.1,-20.5,-66.0,7.39,14
2024-08-03T01:31:49.713Z,1400,39.62743499,-105.00019099,1757.782,-13.1,-20.3,-66.0,7.46,14
2024-08-03T01:31:49.746Z,1401,39.62743730,-105.00019022,1757.782,-13.1,-20.2,-66.0,7.53,14
2024-08-03T01:31:49.780Z,1402,39.62743960,-105.00018946,1757.782,-13.1,-20.1,-66.0,7.61,14
2024-08-03T01:31:49.813Z,1403,39.62744190,-105.00018878,1757.782,-13.1,-19.9,-66.0,7.66,14
2024-08-03T01:31:49.846Z,1404,39.62744419,-105.00018825,1757.782,-13.1,-19.8,-66.0,7.69,14
2024-08-03T01:31:49.880Z,1405,39.62744648,-105.00018772,1757.782,-13.0,-19.7,-66.0,7.73,14
2024-08-03T01:31:49.913Z,1406,39.62744895,-105.00018703,1757.782,-13.0,-19.5,-66.0,7.77,14
2024-08-03T01:31:49.946Z,1407,39.62745168,-105.00018613,1757.782,-13.0,-19.4,-66.0,7.84,14
2024-08-03T01:31:49.980Z,1408,39.62745442,-105.00018523,1757.782,-13.0,-19.3,-66.0,7.90,14
2024-08-03T01:31:50.013Z,1409,39.62745706,-105.00018439,1757.782,-13.0,-19.1,-66.0,7.97,14
2024-08-03T01:31:50.047Z,1410,39.62745956,-105.00018362,1757.782,-13.0,-19.0,-66.0,8.04,14
2024-08-03T01:31:50.080Z,1411,39.62746206,-105.00018285,1757.782,-13.1,-18.9,-66.0,8.10,14
2024-08-03T01:31:50.113Z,1412,39.62746451,-105.00018218,1757.782,-13.1,-18.7,-66.0,8.15,14
2024-08-03T01:31:50.147Z,1413,39.62746690,-105.00018165,1757.782,-13.1,-18.6,-66.0,8.19,14
2024-08-03T01:31:50.180Z,1414,39.62746928,-105.00018111,1757.782,-13.0,-18.4,-66.0,8.22,14
2024-08-03T01:31:50.213Z,1415,39.62747172,-105.00018056,1757.782,-13.0,-18.2,-66.0,8.27,14
2024-08-03T01:31:50.247Z,1416,39.62747424,-105.00018000,1757.782,-13.0,-18.1,-66.0,8.33,14
2024-08-03T01:31:50.280Z,1417,39.62747676,-105.00017943,1757.782,-12.9,-18.0,-66.0,8.40,14
2024-08-03T01:31:50.313Z,1418,39.62747927,-105.00017878,1757.782,-12.9,-17.8,-66.0,8.45,14
2024-08-03T01:31:50.347Z,1419,39.62748174,-105.00017801,1757.782,-12.9,-17.7,-66.0,8.48,14
2024-08-03T01:31:50.380Z,1420,39.62748421,-105.00017724,1757.782,-12.9,-17.6,-66.0,8.51,14
2024-08-03T01:31:50.414Z,1421,39.62748685,-105.00017646,1757.782,-12.9,-17.4,-66.0,8.55,14
2024-08-03T01:31:50.447Z,1422,39.62748973,-105.00017566,1757.782,-12.9,-17.3,-66.0,8.58,14
2024-08-03T01:31:50.480Z,1423,39.62749260,-105.00017486,1757.782,-12.9,-17.2,-66.0,8.61,14
2024-08-03T01:31:50.514Z,1424,39.62749533,-105.00017410,1757.782,-12.9,-17.0,-66.0,8.66,14
2024-08-03T01:31:50.547Z,1425,39.62749788,-105.00017340,1757.782,-12.9,-16.9,-66.0,8.73,14
2024-08-03T01:31:50.580Z,1426,39.62750043,-105.00017270,1757.782,-13.0,-16.8,-66.0,8.79,14
2024-08-03T01:31:50.614Z,1427,39.62750306,-105.00017200,1757.782,-13.0,-16.6,-66.0,8.84,14
2024-08-03T01:31:50.647Z,1428,39.62750578,-105.00017130,1757.782,-13.0,-16.5,-66.0,8.88,14
2024-08-03T01:31:50.681Z,1429,39.62750851,-105.00017060,1757.782,-13.0,-16.3,-66.0,8.91,14
2024-08-03T01:31:50.714Z,1430,39.62751138,-105.00016983,1757.782,-13.0,-16.1,-66.0,8.96,14
2024-08-03T01:31:50.747Z,1431,39.62751443,-105.00016896,1757.782,-13.0,-16.0,-66.0,9.02,14
2024-08-03T01:31:50.781Z,1432,39.62751748,-105.00016809,1757.782,-12.9,-15.9,-66.0,9.09,14
2024-08-03T01:31:50.814Z,1433,39.62752021,-105.00016744,1757.782,-12.9,-15.7,-66.0,9.14,14
2024-08-03T01:31:50.847Z,1434,39.62752253,-105.00016707,1757.782,-12.9,-15.6,-66.0,9.17,14
2024-08-03T01:31:50.881Z,1435,39.62752484,-105.00016671,1757.782,-12.8,-15.5,-66.0,9.20,14
2024-08-03T01:31:50.914Z,1436,39.62752736,-105.00016622,1757.782,-12.8,-15.3,-66.0,9.24,14
2024-08-03T01:31:50.947Z,1437,39.62753016,-105.00016559,1757.782,-12.8,-15.2,-66.0,9.27,14
2024-08-03T01:31:50.981Z,1438,39.62753295,-105.00016496,1757.782,-12.9,-15.1,-66.0,9.30,14
2024-08-03T01:31:51.014Z,1439,39.62753590,-105.00016431,1757.782,-12.9,-15.0,-66.0,9.34,14
2024-08-03T01:31:51.048Z,1440,39.62753902,-105.00016364,1757.782,-12.9,-14.9,-66.0,9.37,14
2024-08-03T01:31:51.081Z,1441,39.62754215,-105.00016297,1757.782,-12.9,-14.8,-66.0,9.40,14
2024-08-03T01:31:51.114Z,1442,39.62754510,-105.00016230,1757.782,-12.9,-14.7,-66.0,9.43,14
2024-08-03T01:31:51.148Z,1443,39.62754783,-105.00016164,1757.782,-12.9,-14.6,-66.0,9.47,14
2024-08-03T01:31:51.181Z,1444,39.62755056,-105.00016097,1757.782,-12.8,-14.5,-66.0,9.50,14
2024-08-03T01:31:51.214Z,1445,39.62755336,-105.00016030,1757.782,-12.8,-14.5,-66.0,9.53,14
2024-08-03T01:31:51.248Z,1446,39.62755625,-105.00015964,1757.782,-12.8,-14.4,-66.0,9.57,14
2024-08-03T01:31:51.281Z,1447,39.62755914,-105.00015897,1757.782,-12.9,-14.3,-66.0,9.60,14
2024-08-03T01:31:51.314Z,1448,39.62756196,-105.00015836,1757.782,-12.9,-14.3,-66.0,9.62,14
2024-08-03T01:31:51.348Z,1449,39.62756471,-105.00015783,1757.782,-12.9,-14.3,-66.0,9.62,14
2024-08-03T01:31:51.381Z,1450,39.62756746,-105.00015729,1757.782,-12.9,-14.3,-66.0,9.62,14
2024-08-03T01:31:51.415Z,1451,39.62757030,-105.00015671,1757.782,-12.9,-14.3,-66.0,9.63,14
2024-08-03T01:31:51.448Z,1452,39.62757324,-105.00015608,1757.782,-12.9,-14.3,-66.0,9.67,14
2024-08-03T01:31:51.481Z,1453,39.62757618,-105.00015545,1757.782,-12.9,-14.3,-66.0,9.70,14
2024-08-03T01:31:51.515Z,1454,39.62757921,-105.00015480,1757.782,-12.9,-14.3,-66.0,9.73,14
2024-08-03T01:31:51.548Z,1455,39.62758234,-105.00015413,1757.782,-12.9,-14.3,-66.0,9.76,14
2024-08-03T01:31:51.581Z,1456,39.62758547,-105.00015346,1757.782,-12.9,-14.3,-66.0,9.80,14
2024-08-03T01:31:51.615Z,1457,39.62758855,-105.00015284,1757.782,-12.9,-14.3,-66.0,9.83,14
2024-08-03T01:31:51.648Z,1458,39.62759157,-105.00015227,1757.782,-12.9,-14.3,-66.0,9.86,14
2024-08-03T01:31:51.682Z,1459,39.62759459,-105.00015171,1757.782,-13.0,-14.3,-66.0,9.90,14
2024-08-03T01:31:51.715Z,1460,39.62759753,-105.00015111,1757.782,-13.0,-14.3,-66.0,9.93,14
2024-08-03T01:31:51.748Z,1461,39.62760036,-105.00015047,1757.782,-13.0,-14.3,-66.0,9.96,14
2024-08-03T01:31:51.782Z,1462,39.62760319,-105.00014984,1757.782,-13.0,-14.3,-66.0,10.00,14
2024-08-03T01:31:51.815Z,1463,39.62760634,-105.00014919,1757.782,-13.0,-14.3,-66.0,10.01,14
2024-08-03T01:31:51.848Z,1464,39.62760986,-105.00014852,1757.782,-13.0,-14.3,-66.0,10.01,15
2024-08-03T01:31:51.882Z,1465,39.62761338,-105.00014786,1757.782,-13.0,-14.3,-66.0,10.01,16
2024-08-03T01:31:51.915Z,1466,39.62761660,-105.00014724,1757.782,-13.0,-14.3,-66.0,10.03,17
2024-08-03T01:31:51.948Z,1467,39.62761948,-105.00014667,1757.782,-13.0,-14.3,-66.0,10.06,17
2024-08-03T01:31:51.982Z,1468,39.62762236,-105.00014610,1757.782,-13.1,-14.3,-66.0,10.09,17
2024-08-03T01:31:52.015Z,1469,39.62762517,-105.00014555,1757.782,-13.1,-14.3,-66.0,10.13,17
2024-08-03T01:31:52.049Z,1470,39.62762790,-105.00014502,1757.782,-13.1,-14.3,-66.0,10.15,17
2024-08-03T01:31:52.082Z,1471,39.62763064,-105.00014448,1757.782,-13.1,-14.3,-66.0,10.18,17
2024-08-03T01:31:52.115Z,1472,39.62763363,-105.00014390,1757.782,-13.1,-14.3,-66.0,10.20,17
2024-08-03T01:31:52.149Z,1473,39.62763691,-105.00014327,1757.782,-13.1,-14.3,-66.0,10.20,17
2024-08-03T01:31:52.182Z,1474,39.62764019,-105.00014263,1757.782,-13.0,-14.3,-66.0,10.20,17
2024-08-03T01:31:52.215Z,1475,39.62764342,-105.00014201,1757.782,-13.0,-14.3,-66.0,10.21,17
2024-08-03T01:31:52.249Z,1476,39.62764660,-105.00014141,1757.782,-13.0,-14.3,-66.0,10.25,17
2024-08-03T01:31:52.282Z,1477,39.62764978,-105.00014081,1757.782,-13.1,-14.3,-66.0,10.28,17
2024-08-03T01:31:52.315Z,1478,39.62765306,-105.00014021,1757.782,-13.1,-14.3,-66.0,10.31,17
2024-08-03T01:31:52.349Z,1479,39.62765647,-105.00013961,1757.782,-13.1,-14.3,-66.0,10.34,17
2024-08-03T01:31:52.382Z,1480,39.62765988,-105.00013901,1757.782,-13.1,-14.3,-66.0,10.38,17
2024-08-03T01:31:52.416Z,1481,39.62766312,-105.00013841,1757.782,-13.1,-14.3,-66.0,10.39,17
2024-08-03T01:31:52.449Z,1482,39.62766618,-105.00013781,1757.782,-13.1,-14.3,-66.0,10.39,17
2024-08-03T01:31:52.482Z,1483,39.62766924,-105.00013721,1757.782,-13.1,-14.3,-66.0,10.39,17
2024-08-03T01:31:52.516Z,1484,39.62767226,-105.00013664,1757.782,-13.1,-14.3,-66.0,10.41,17
2024-08-03T01:31:52.549Z,1485,39.62767522,-105.00013611,1757.782,-13.1,-14.3,-66.0,10.44,17
2024-08-03T01:31:52.582Z,1486,39.62767818,-105.00013557,1757.782,-13.2,-14.3,-66.0,10.48,17
2024-08-03T01:31:52.616Z,1487,39.62768128,-105.00013499,1757.782,-13.2,-14.3,-66.0,10.49,17
2024-08-03T01:31:52.649Z,1488,39.62768452,-105.00013436,1757.782,-13.2,-14.3,-66.0,10.49,17
2024-08-03T01:31:52.683Z,1489,39.62768776,-105.00013372,1757.782,-13.2,-14.3,-66.0,10.49,17
2024-08-03T01:31:52.716Z,1490,39.62769112,-105.00013312,1757.782,-13.2,-14.3,-66.0,10.51,17
2024-08-03T01:31:52.749Z,1491,39.62769459,-105.00013255,1757.782,-13.2,-14.3,-66.0,10.54,17
2024-08-03T01:31:52.783Z,1492,39.62769806,-105.00013199,1757.782,-13.2,-14.3,-66.0,10.58,17
2024-08-03T01:31:52.816Z,1493,39.62770115,-105.00013147,1757.782,-13.2,-14.3,-66.0,10.59,17
2024-08-03T01:31:52.849Z,1494,39.62770385,-105.00013100,1757.782,-13.2,-14.3,-66.0,10.59,17
2024-08-03T01:31:52.883Z,1495,39.62770655,-105.00013053,1757.782,-13.2,-14.3,-66.0,10.59,17
2024-08-03T01:31:52.916Z,1496,39.62770976,-105.00012992,1757.782,-13.2,-14.3,-66.0,10.61,17
2024-08-03T01:31:52.949Z,1497,39.62771347,-105.00012915,1757.782,-13.2,-14.3,-66.0,10.64,17
2024-08-03T01:31:52.983Z,1498,39.62771719,-105.00012838,1757.782,-13.3,-14.3,-66.0,10.68,17
2024-08-03T01:31:53.016Z,1499,39.62772071,-105.00012767,1757.782,-13.3,-14.3,-66.0,10.69,17
2024-08-03T01:31:53.050Z,1500,39.62772404,-105.00012700,1757.782,-13.3,-14.3,-66.0,10.69,17
2024-08-03T01:31:53.083Z,1501,39.62772737,-105.00012633,1757.782,-13.3,-14.3,-66.0,10.69,17
2024-08-03T01:31:53.116Z,1502,39.62773088,-105.00012563,1757.782,-13.3,-14.3,-66.0,10.71,17
2024-08-03T01:31:53.150Z,1503,39.62773455,-105.00012490,1757.782,-13.2,-14.3,-66.0,10.75,17
2024-08-03T01:31:53.183Z,1504,39.62773822,-105.00012416,1757.782,-13.1,-14.3,-66.0,10.79,17
2024-08-03T01:31:53.216Z,1505,39.62774138,-105.00012358,1757.782,-13.1,-14.3,-66.0,10.80,17
2024-08-03T01:31:53.250Z,1506,39.62774404,-105.00012315,1757.782,-13.0,-14.3,-66.0,10.80,17
2024-08-03T01:31:53.283Z,1507,39.62774671,-105.00012271,1757.782,-13.0,-14.3,-66.0,10.80,17
2024-08-03T01:31:53.316Z,1508,39.62774978,-105.00012214,1757.782,-13.0,-14.3,-66.0,10.82,17
2024-08-03T01:31:53.350Z,1509,39.62775324,-105.00012144,1757.782,-13.0,-14.3,-66.0,10.85,17
2024-08-03T01:31:53.383Z,1510,39.62775669,-105.00012074,1757.782,-13.0,-14.3,-66.0,10.89,17
2024-08-03T01:31:53.417Z,1511,39.62776026,-105.00012002,1757.782,-13.0,-14.3,-66.0,10.90,17
2024-08-03T01:31:53.450Z,1512,39.62776392,-105.00011929,1757.782,-13.1,-14.3,-66.0,10.90,17
2024-08-03T01:31:53.483Z,1513,39.62776758,-105.00011856,1757.782,-13.1,-14.3,-66.0,10.90,17
2024-08-03T01:31:53.517Z,1514,39.62777098,-105.00011796,1757.782,-13.1,-14.3,-66.0,10.92,17
2024-08-03T01:31:53.550Z,1515,39.62777412,-105.00011749,1757.782,-13.0,-14.3,-66.0,10.95,17
2024-08-03T01:31:53.583Z,1516,39.62777726,-105.00011703,1757.782,-12.9,-14.3,-66.0,10.99,17
2024-08-03T01:31:53.617Z,1517,39.62778031,-105.00011656,1757.782,-12.9,-14.3,-66.0,11.00,17
2024-08-03T01:31:53.650Z,1518,39.62778328,-105.00011609,1757.782,-13.0,-14.3,-66.0,11.00,17
2024-08-03T01:31:53.684Z,1519,39.62778625,-105.00011562,1757.782,-13.0,-14.3,-66.0,11.00,17
2024-08-03T01:31:53.717Z,1520,39.62778970,-105.00011502,1757.782,-13.0,-14.3,-66.0,11.00,17
2024-08-03T01:31:53.750Z,1521,39.62779359,-105.00011428,1757.782,-13.1,-14.3,-66.0,11.00,17
2024-08-03T01:31:53.784Z,1522,39.62779748,-105.00011355,1757.782,-13.2,-14.3,-66.0,11.00,17
2024-08-03T01:31:53.817Z,1523,39.62780092,-105.00011290,1757.782,-13.2,-14.3,-66.0,11.02,17
2024-08-03T01:31:53.850Z,1524,39.62780397,-105.00011234,1757.782,-13.3,-14.3,-66.0,11.06,17
2024-08-03T01:31:53.884Z,1525,39.62780701,-105.00011177,1757.782,-13.3,-14.3,-66.0,11.10,17
2024-08-03T01:31:53.917Z,1526,39.62781014,-105.00011118,1757.782,-13.3,-14.3,-66.0,11.12,17
2024-08-03T01:31:53.950Z,1527,39.62781336,-105.00011058,1757.782,-13.4,-14.3,-66.0,11.12,17
2024-08-03T01:31:53.984Z,1528,39.62781657,-105.00010998,1757.782,-13.4,-14.3,-66.0,11.13,17
2024-08-03T01:31:54.017Z,1529,39.62781967,-105.00010936,1757.782,-13.4,-14.3,-66.0,11.12,17
2024-08-03T01:31:54.051Z,1530,39.62782267,-105.00010873,1757.782,-13.4,-14.3,-66.0,11.09,17
2024-08-03T01:31:54.084Z,1531,39.62782567,-105.00010810,1757.782,-13.4,-14.3,-66.0,11.06,17
2024-08-03T01:31:54.117Z,1532,39.62782874,-105.00010739,1757.782,-13.4,-14.3,-66.0,11.05,17
2024-08-03T01:31:54.151Z,1533,39.62783187,-105.00010662,1757.782,-13.4,-14.3,-66.0,11.07,17
2024-08-03T01:31:54.184Z,1534,39.62783501,-105.00010586,1757.782,-13.4,-14.3,-66.0,11.08,17
2024-08-03T01:31:54.217Z,1535,39.62783836,-105.00010500,1757.782,-13.4,-14.3,-66.0,11.09,17
2024-08-03T01:31:54.251Z,1536,39.62784191,-105.00010406,1757.782,-13.4,-14.3,-66.0,11.09,17
2024-08-03T01:31:54.284Z,1537,39.62784545,-105.00010313,1757.782,-13.4,-14.3,-66.0,11.10,17
2024-08-03T01:31:54.317Z,1538,39.62784882,-105.00010225,1757.782,-13.4,-14.3,-66.0,11.11,17
2024-08-03T01:31:54.351Z,1539,39.62785202,-105.00010142,1757.782,-13.5,-14.3,-66.0,11.12,17
2024-08-03T01:31:54.384Z,1540,39.62785523,-105.00010058,1757.782,-13.5,-14.3,-66.0,11.13,17
2024-08-03T01:31:54.418Z,1541,39.62785851,-105.00009968,1757.782,-13.5,-14.3,-66.0,11.13,17
2024-08-03T01:31:54.451Z,1542,39.62786185,-105.00009871,1757.782,-13.6,-14.3,-66.0,11.10,17
2024-08-03T01:31:54.484Z,1543,39.62786519,-105.00009774,1757.782,-13.6,-14.3,-66.0,11.08,17
2024-08-03T01:31:54.518Z,1544,39.62786849,-105.00009677,1757.782,-13.6,-14.3,-66.0,11.07,17
2024-08-03T01:31:54.551Z,1545,39.62787175,-105.00009581,1757.782,-13.6,-14.3,-66.0,11.09,17
2024-08-03T01:31:54.584Z,1546,39.62787501,-105.00009484,1757.782,-13.6,-14.3,-66.0,11.10,17
2024-08-03T01:31:54.618Z,1547,39.62787828,-105.00009378,1757.782,-13.6,-14.3,-66.0,11.11,17
2024-08-03T01:31:54.651Z,1548,39.62788156,-105.00009264,1757.782,-13.6,-14.3,-66.0,11.12,17
2024-08-03T01:31:54.685Z,1549,39.62788484,-105.00009151,1757.782,-13.6,-14.3,-66.0,11.13,17
2024-08-03T01:31:54.718Z,1550,39.62788799,-105.00009045,1757.782,-13.6,-14.3,-66.0,11.12,17
2024-08-03T01:31:54.751Z,1551,39.62789103,-105.00008945,1757.782,-13.7,-14.3,-66.0,11.10,17
2024-08-03T01:31:54.785Z,1552,39.62789407,-105.00008845,1757.782,-13.8,-14.3,-66.0,11.07,17
2024-08-03T01:31:54.818Z,1553,39.62789726,-105.00008735,1757.725,-13.8,-14.3,-66.0,11.07,17
2024-08-03T01:31:54.851Z,1554,39.62790056,-105.00008619,1757.624,-13.8,-14.3,-66.0,11.07,17
2024-08-03T01:31:54.885Z,1555,39.62790387,-105.00008502,1757.522,-13.8,-14.3,-66.0,11.08,17
2024-08-03T01:31:54.918Z,1556,39.62790712,-105.00008383,1757.477,-13.8,-14.3,-66.0,11.10,17
2024-08-03T01:31:54.951Z,1557,39.62791034,-105.00008263,1757.477,-13.7,-14.3,-66.0,11.11,17
2024-08-03T01:31:54.985Z,1558,39.62791356,-105.00008143,1757.477,-13.6,-14.3,-66.0,11.13,17
2024-08-03T01:31:55.018Z,1559,39.62791682,-105.00008019,1757.477,-13.6,-14.3,-66.0,11.15,17
2024-08-03T01:31:55.052Z,1560,39.62792010,-105.00007892,1757.477,-13.7,-14.3,-66.0,11.15,17
2024-08-03T01:31:55.085Z,1561,39.62792339,-105.00007765,1757.477,-13.8,-14.3,-66.0,11.16,17
2024-08-03T01:31:55.118Z,1562,39.62792682,-105.00007629,1757.477,-13.9,-14.3,-66.0,11.17,17
2024-08-03T01:31:55.152Z,1563,39.62793036,-105.00007486,1757.477,-14.0,-14.3,-66.0,11.18,17
2024-08-03T01:31:55.185Z,1564,39.62793391,-105.00007342,1757.477,-14.1,-14.3,-66.0,11.19,17
2024-08-03T01:31:55.218Z,1565,39.62793719,-105.00007212,1757.477,-14.1,-14.3,-66.0,11.20,17
2024-08-03T01:31:55.252Z,1566,39.62794027,-105.00007092,1757.477,-14.0,-14.3,-66.0,11.21,17
2024-08-03T01:31:55.285Z,1567,39.62794335,-105.00006972,1757.477,-13.9,-14.3,-66.0,11.22,17
2024-08-03T01:31:55.318Z,1568,39.62794644,-105.00006844,1757.477,-13.9,-14.3,-66.0,11.23,17
2024-08-03T01:31:55.352Z,1569,39.62794954,-105.00006711,1757.477,-13.8,-14.3,-66.0,11.24,17
2024-08-03T01:31:55.385Z,1570,39.62795264,-105.00006577,1757.477,-13.7,-14.3,-66.0,11.25,17
2024-08-03T01:31:55.419Z,1571,39.62795601,-105.00006430,1757.477,-13.7,-14.3,-66.0,11.25,17
2024-08-03T01:31:55.452Z,1572,39.62795958,-105.00006273,1757.477,-13.8,-14.3,-66.0,11.22,17
2024-08-03T01:31:55.485Z,1573,39.62796314,-105.00006117,1757.477,-13.8,-14.3,-66.0,11.20,17
2024-08-03T01:31:55.519Z,1574,39.62796639,-105.00005973,1757.477,-13.8,-14.3,-66.0,11.20,17
2024-08-03T01:31:55.552Z,1575,39.62796941,-105.00005840,1757.477,-13.9,-14.3,-66.0,11.21,17
2024-08-03T01:31:55.585Z,1576,39.62797243,-105.00005706,1757.477,-14.0,-14.3,-66.0,11.22,17
2024-08-03T01:31:55.619Z,1577,39.62797555,-105.00005563,1757.477,-14.0,-14.3,-66.0,11.23,17
2024-08-03T01:31:55.652Z,1578,39.62797874,-105.00005413,1757.477,-14.0,-14.3,-66.0,11.24,17
2024-08-03T01:31:55.686Z,1579,39.62798193,-105.00005263,1757.477,-14.0,-14.3,-66.0,11.26,17
2024-08-03T01:31:55.719Z,1580,39.62798532,-105.00005107,1757.477,-14.0,-14.3,-66.0,11.26,17
2024-08-03T01:31:55.752Z,1581,39.62798886,-105.00004947,1757.477,-13.9,-14.3,-66.0,11.26,17
2024-08-03T01:31:55.786Z,1582,39.62799239,-105.00004787,1757.477,-13.9,-14.3,-66.0,11.26,17
2024-08-03T01:31:55.819Z,1583,39.62799574,-105.00004632,1757.477,-13.9,-14.3,-66.0,11.25,17
2024-08-03T01:31:55.852Z,1584,39.62799897,-105.00004482,1757.477,-14.0,-14.3,-66.0,11.23,17
2024-08-03T01:31:55.886Z,1585,39.62800220,-105.00004332,1757.477,-14.0,-14.3,-66.0,11.21,17
2024-08-03T01:31:55.919Z,1586,39.62800511,-105.00004192,1757.477,-14.0,-14.3,-66.0,11.21,17
2024-08-03T01:31:55.952Z,1587,39.62800781,-105.00004058,1757.477,-14.1,-14.3,-65.9,11.22,17
2024-08-03T01:31:55.986Z,1588,39.62801051,-105.00003925,1757.477,-14.1,-14.3,-65.9,11.23,17
2024-08-03T01:31:56.019Z,1589,39.62801370,-105.00003770,1757.477,-14.1,-14.3,-65.9,11.24,17
2024-08-03T01:31:56.053Z,1590,39.62801723,-105.00003599,1757.477,-14.0,-14.3,-65.9,11.26,17
2024-08-03T01:31:56.086Z,1591,39.62802075,-105.00003429,1757.477,-14.0,-14.3,-65.9,11.27,17
2024-08-03T01:31:56.119Z,1592,39.62802409,-105.00003265,1757.477,-14.0,-14.3,-65.9,11.28,17
2024-08-03T01:31:56.153Z,1593,39.62802729,-105.00003105,1757.477,-13.9,-14.3,-65.8,11.29,17
2024-08-03T01:31:56.186Z,1594,39.62803050,-105.00002945,1757.477,-13.9,-14.3,-65.8,11.30,17
2024-08-03T01:31:56.219Z,1595,39.62803359,-105.00002789,1757.477,-13.9,-14.3,-65.8,11.31,17
2024-08-03T01:31:56.253Z,1596,39.62803661,-105.00002635,1757.477,-13.8,-14.3,-65.7,11.31,17
2024-08-03T01:31:56.286Z,1597,39.62803963,-105.00002482,1757.477,-13.8,-14.3,-65.7,11.31,17
2024-08-03T01:31:56.319Z,1598,39.62804264,-105.00002324,1757.477,-13.8,-14.3,-65.7,11.32,17
2024-08-03T01:31:56.353Z,1599,39.62804565,-105.00002164,1757.477,-13.8,-14.3,-65.7,11.33,17
2024-08-03T01:31:56.386Z,1600,39.62804865,-105.00002004,1757.477,-13.8,-14.3,-65.7,11.34,17
2024-08-03T01:31:56.420Z,1601,39.62805194,-105.00001828,1757.477,-13.8,-14.3,-65.7,11.34,17
2024-08-03T01:31:56.453Z,1602,39.62805541,-105.00001641,1757.477,-13.7,-14.3,-65.6,11.32,17
2024-08-03T01:31:56.486Z,1603,39.62805888,-105.00001454,1757.477,-13.7,-14.3,-65.6,11.30,17
2024-08-03T01:31:56.520Z,1604,39.62806207,-105.00001279,1757.477,-13.7,-14.3,-65.6,11.29,17
2024-08-03T01:31:56.553Z,1605,39.62806509,-105.00001112,1757.477,-13.8,-14.3,-65.5,11.29,17
2024-08-03T01:31:56.586Z,1606,39.62806810,-105.00000945,1757.477,-13.8,-14.3,-65.5,11.29,17
2024-08-03T01:31:56.620Z,1607,39.62807122,-105.00000772,1757.477,-13.8,-14.3,-65.5,11.30,17
2024-08-03T01:31:56.653Z,1608,39.62807440,-105.00000596,1757.477,-13.7,-14.3,-65.4,11.31,17
2024-08-03T01:31:56.687Z,1609,39.62807758,-105.00000419,1757.477,-13.7,-14.3,-65.4,11.33,17
2024-08-03T01:31:56.720Z,1610,39.62808065,-105.00000248,1757.477,-13.7,-14.3,-65.4,11.34,17
2024-08-03T01:31:56.753Z,1611,39.62808364,-105.00000081,1757.477,-13.6,-14.3,-65.3,11.35,17
2024-08-03T01:31:56.787Z,1612,39.62808663,-104.99999914,1757.477,-13.6,-14.3,-65.3,11.37,17
2024-08-03T01:31:56.820Z,1613,39.62809002,-104.99999723,1757.477,-13.6,-14.3,-65.3,11.37,17
2024-08-03T01:31:56.853Z,1614,39.62809367,-104.99999516,1757.477,-13.5,-14.3,-65.3,11.37,17
2024-08-03T01:31:56.887Z,1615,39.62809731,-104.99999309,1757.477,-13.5,-14.3,-65.3,11.37,17
2024-08-03T01:31:56.920Z,1616,39.62810056,-104.99999123,1757.477,-13.5,-14.3,-65.3,11.38,17
2024-08-03T01:31:56.953Z,1617,39.62810357,-104.99998949,1757.477,-13.4,-14.3,-65.2,11.39,17
2024-08-03T01:31:56.987Z,1618,39.62810657,-104.99998776,1757.477,-13.3,-14.3,-65.2,11.41,17
2024-08-03T01:31:57.020Z,1619,39.62810947,-104.99998604,1757.477,-13.3,-14.3,-65.2,11.42,17
2024-08-03T01:31:57.054Z,1620,39.62811232,-104.99998434,1757.477,-13.4,-14.3,-65.1,11.44,17
2024-08-03T01:31:57.087Z,1621,39.62811517,-104.99998264,1757.477,-13.4,-14.3,-65.1,11.45,17
2024-08-03T01:31:57.120Z,1622,39.62811810,-104.99998090,1757.477,-13.4,-14.3,-65.1,11.45,17
2024-08-03T01:31:57.154Z,1623,39.62812108,-104.99997913,1757.477,-13.3,-14.3,-65.0,11.45,17
2024-08-03T01:31:57.187Z,1624,39.62812406,-104.99997736,1757.477,-13.2,-14.3,-65.0,11.45,17
2024-08-03T01:31:57.220Z,1625,39.62812733,-104.99997543,1757.477,-13.2,-14.3,-65.0,11.45,17
2024-08-03T01:31:57.254Z,1626,39.62813079,-104.99997339,1757.477,-13.1,-14.3,-64.9,11.45,17
2024-08-03T01:31:57.287Z,1627,39.62813424,-104.99997136,1757.477,-13.1,-14.3,-64.9,11.45,17
2024-08-03T01:31:57.320Z,1628,39.62813772,-104.99996926,1757.477,-13.1,-14.3,-64.9,11.45,17
2024-08-03T01:31:57.354Z,1629,39.62814121,-104.99996712,1757.477,-13.0,-14.3,-64.8,11.45,17
2024-08-03T01:31:57.387Z,1630,39.62814470,-104.99996499,1757.477,-13.0,-14.3,-64.8,11.45,17
2024-08-03T01:31:57.421Z,1631,39.62814788,-104.99996308,1757.477,-13.0,-14.3,-64.8,11.45,17
2024-08-03T01:31:57.454Z,1632,39.62815087,-104.99996131,1757.477,-12.9,-14.3,-64.7,11.45,17
2024-08-03T01:31:57.487Z,1633,39.62815386,-104.99995955,1757.477,-12.8,-14.3,-64.7,11.45,17
2024-08-03T01:31:57.521Z,1634,39.62815669,-104.99995786,1757.477,-12.8,-14.3,-64.7,11.46,17
2024-08-03T01:31:57.554Z,1635,39.62815942,-104.99995623,1757.477,-12.7,-14.3,-64.6,11.48,17
2024-08-03T01:31:57.587Z,1636,39.62816215,-104.99995459,1757.477,-12.6,-14.3,-64.6,11.49,17
2024-08-03T01:31:57.621Z,1637,39.62816535,-104.99995266,1757.477,-12.6,-14.3,-64.6,11.50,17
2024-08-03T01:31:57.654Z,1638,39.62816882,-104.99995056,1757.477,-12.5,-14.3,-64.5,11.50,17
2024-08-03T01:31:57.688Z,1639,39.62817229,-104.99994845,1757.477,-12.5,-14.3,-64.5,11.50,17
2024-08-03T01:31:57.721Z,1640,39.62817579,-104.99994631,1757.477,-12.5,-14.3,-64.5,11.50,17
2024-08-03T01:31:57.754Z,1641,39.62817929,-104.99994414,1757.477,-12.4,-14.3,-64.4,11.50,17
2024-08-03T01:31:57.788Z,1642,39.62818279,-104.99994197,1757.477,-12.4,-14.3,-64.4,11.50,17
2024-08-03T01:31:57.821Z,1643,39.62818580,-104.99994017,1757.477,-12.3,-14.3,-64.4,11.51,17
2024-08-03T01:31:57.854Z,1644,39.62818852,-104.99993857,1757.477,-12.2,-14.3,-64.3,11.52,17
2024-08-03T01:31:57.888Z,1645,39.62819125,-104.99993697,1757.477,-12.0,-14.3,-64.3,11.53,17
2024-08-03T01:31:57.921Z,1646,39.62819424,-104.99993510,1757.543,-11.9,-14.3,-64.3,11.54,17
2024-08-03T01:31:57.954Z,1647,39.62819738,-104.99993310,1757.644,-11.8,-14.3,-64.2,11.54,17
2024-08-03T01:31:57.988Z,1648,39.62820052,-104.99993110,1757.746,-11.6,-14.3,-64.2,11.54,17
2024-08-03T01:31:58.021Z,1649,39.62820388,-104.99992899,1757.782,-11.6,-14.3,-64.2,11.53,17
2024-08-03T01:31:58.055Z,1650,39.62820735,-104.99992682,1757.782,-11.6,-14.3,-64.1,11.51,17
2024-08-03T01:31:58.088Z,1651,39.62821082,-104.99992465,1757.782,-11.6,-14.3,-64.0,11.50,17
2024-08-03T01:31:58.121Z,1652,39.62821404,-104.99992257,1757.782,-11.6,-14.3,-64.0,11.49,17
2024-08-03T01:31:58.155Z,1653,39.62821714,-104.99992054,1757.782,-11.6,-14.3,-63.9,11.49,17
2024-08-03T01:31:58.188Z,1654,39.62822024,-104.99991850,1757.782,-11.6,-14.3,-63.9,11.49,17
2024-08-03T01:31:58.221Z,1655,39.62822324,-104.99991655,1757.782,-11.6,-14.3,-63.9,11.47,17
2024-08-03T01:31:58.255Z,1656,39.62822617,-104.99991465,1757.782,-11.5,-14.3,-63.8,11.44,17
2024-08-03T01:31:58.288Z,1657,39.62822911,-104.99991275,1757.782,-11.4,-14.3,-63.7,11.41,17
2024-08-03T01:31:58.321Z,1658,39.62823239,-104.99991069,1757.782,-11.3,-14.3,-63.7,11.40,17
2024-08-03T01:31:58.355Z,1659,39.62823584,-104.99990856,1757.782,-11.1,-14.3,-63.6,11.40,17
2024-08-03T01:31:58.388Z,1660,39.62823930,-104.99990642,1757.782,-11.0,-14.3,-63.6,11.40,17
2024-08-03T01:31:58.422Z,1661,39.62824240,-104.99990444,1757.782,-10.9,-14.3,-63.6,11.39,17
2024-08-03T01:31:58.455Z,1662,39.62824531,-104.99990254,1757.782,-10.9,-14.3,-63.5,11.38,17
2024-08-03T01:31:58.488Z,1663,39.62824822,-104.99990064,1757.782,-10.9,-14.3,-63.5,11.36,17
2024-08-03T01:31:58.522Z,1664,39.62825113,-104.99989867,1757.782,-10.9,-14.3,-63.5,11.36,17
2024-08-03T01:31:58.555Z,1665,39.62825406,-104.99989667,1757.782,-11.0,-14.3,-63.4,11.36,17
2024-08-03T01:31:58.588Z,1666,39.62825698,-104.99989466,1757.782,-11.0,-14.3,-63.3,11.36,17
2024-08-03T01:31:58.622Z,1667,39.62825997,-104.99989264,1757.782,-11.0,-14.3,-63.3,11.34,17
2024-08-03T01:31:58.655Z,1668,39.62826300,-104.99989061,1757.782,-10.9,-14.3,-63.2,11.31,17
2024-08-03T01:31:58.689Z,1669,39.62826603,-104.99988857,1757.782,-10.8,-14.3,-63.2,11.28,17
2024-08-03T01:31:58.722Z,1670,39.62826928,-104.99988636,1757.782,-10.8,-14.3,-63.2,11.27,17
2024-08-03T01:31:58.755Z,1671,39.62827263,-104.99988405,1757.782,-10.7,-14.3,-63.1,11.27,17
2024-08-03T01:31:58.789Z,1672,39.62827599,-104.99988175,1757.782,-10.7,-14.3,-63.0,11.27,17
2024-08-03T01:31:58.822Z,1673,39.62827913,-104.99987961,1757.782,-10.7,-14.3,-63.0,11.28,17
2024-08-03T01:31:58.855Z,1674,39.62828217,-104.99987754,1757.782,-10.6,-14.3,-62.9,11.30,17
2024-08-03T01:31:58.889Z,1675,39.62828521,-104.99987547,1757.782,-10.5,-14.3,-62.9,11.31,17
2024-08-03T01:31:58.922Z,1676,39.62828811,-104.99987347,1757.782,-10.5,-14.3,-62.9,11.30,17
2024-08-03T01:31:58.955Z,1677,39.62829095,-104.99987150,1757.782,-10.4,-14.3,-62.8,11.27,17
2024-08-03T01:31:58.989Z,1678,39.62829379,-104.99986953,1757.782,-10.3,-14.3,-62.7,11.24,17
2024-08-03T01:31:59.022Z,1679,39.62829652,-104.99986761,1757.782,-10.3,-14.3,-62.7,11.23,17
2024-08-03T01:31:59.056Z,1680,39.62829920,-104.99986570,1757.782,-10.3,-14.3,-62.6,11.23,17
2024-08-03T01:31:59.089Z,1681,39.62830188,-104.99986380,1757.782,-10.3,-14.3,-62.6,11.23,17
2024-08-03T01:31:59.122Z,1682,39.62830469,-104.99986186,1757.782,-10.3,-14.3,-62.6,11.21,17
2024-08-03T01:31:59.156Z,1683,39.62830757,-104.99985989,1757.782,-10.2,-14.3,-62.5,11.18,17
2024-08-03T01:31:59.189Z,1684,39.62831045,-104.99985792,1757.782,-10.1,-14.3,-62.5,11.15,17
2024-08-03T01:31:59.222Z,1685,39.62831362,-104.99985572,1757.782,-10.0,-14.3,-62.5,11.15,17
2024-08-03T01:31:59.256Z,1686,39.62831692,-104.99985342,1757.782,-9.9,-14.3,-62.4,11.17,17
2024-08-03T01:31:59.289Z,1687,39.62832022,-104.99985112,1757.782,-9.8,-14.3,-62.3,11.18,17
2024-08-03T01:31:59.322Z,1688,39.62832348,-104.99984879,1757.782,-9.7,-14.3,-62.3,11.19,17
2024-08-03T01:31:59.356Z,1689,39.62832672,-104.99984646,1757.782,-9.6,-14.3,-62.2,11.19,17
2024-08-03T01:31:59.389Z,1690,39.62832995,-104.99984412,1757.782,-9.5,-14.3,-62.1,11.19,17
2024-08-03T01:31:59.423Z,1691,39.62833287,-104.99984199,1757.782,-9.5,-14.3,-62.1,11.17,17
2024-08-03T01:31:59.456Z,1692,39.62833565,-104.99983996,1757.782,-9.5,-14.3,-62.0,11.14,17
2024-08-03T01:31:59.489Z,1693,39.62833843,-104.99983792,1757.782,-9.5,-14.3,-62.0,11.11,17
2024-08-03T01:31:59.523Z,1694,39.62834115,-104.99983598,1757.782,-9.5,-14.3,-62.0,11.11,17
2024-08-03T01:31:59.556Z,1695,39.62834384,-104.99983408,1757.782,-9.4,-14.3,-61.9,11.13,17
2024-08-03T01:31:59.589Z,1696,39.62834654,-104.99983217,1757.782,-9.3,-14.3,-61.8,11.15,17
2024-08-03T01:31:59.623Z,1697,39.62834952,-104.99983002,1757.782,-9.2,-14.3,-61.8,11.13,17
2024-08-03T01:31:59.656Z,1698,39.62835262,-104.99982775,1757.782,-9.1,-14.3,-61.7,11.10,17
2024-08-03T01:31:59.690Z,1699,39.62835572,-104.99982548,1757.782,-9.0,-14.3,-61.6,11.07,17
2024-08-03T01:31:59.723Z,1700,39.62835858,-104.99982335,1757.782,-9.0,-14.3,-61.6,11.08,17
2024-08-03T01:31:59.756Z,1701,39.62836133,-104.99982128,1757.782,-8.9,-14.3,-61.5,11.09,17
2024-08-03T01:31:59.790Z,1702,39.62836408,-104.99981921,1757.782,-8.9,-14.3,-61.4,11.11,17
2024-08-03T01:31:59.823Z,1703,39.62836696,-104.99981707,1757.782,-8.9,-14.3,-61.4,11.09,17
2024-08-03T01:31:59.856Z,1704,39.62836990,-104.99981490,1757.782,-8.8,-14.3,-61.3,11.06,17
2024-08-03T01:31:59.890Z,1705,39.62837284,-104.99981274,1757.782,-8.7,-14.3,-61.2,11.04,17
2024-08-03T01:31:59.923Z,1706,39.62837594,-104.99981040,1757.782,-8.7,-14.3,-61.2,11.03,17
2024-08-03T01:31:59.956Z,1707,39.62837910,-104.99980800,1757.782,-8.6,-14.3,-61.1,11.03,17
2024-08-03T01:31:59.990Z,1708,39.62838226,-104.99980560,1757.782,-8.5,-14.3,-61.0,11.03,17
2024-08-03T01:32:00.023Z,1709,39.62838525,-104.99980331,1757.782,-8.5,-14.3,-61.0,11.04,17
2024-08-03T01:32:00.057Z,1710,39.62838816,-104.99980108,1757.782,-8.4,-14.3,-60.9,11.06,17
2024-08-03T01:32:00.090Z,1711,39.62839107,-104.99979884,1757.782,-8.3,-14.3,-60.8,11.07,17
2024-08-03T01:32:00.123Z,1712,39.62839394,-104.99979661,1757.782,-8.3,-14.3,-60.8,11.06,17
2024-08-03T01:32:00.157Z,1713,39.62839680,-104.99979437,1757.782,-8.2,-14.3,-60.7,11.03,17
2024-08-03T01:32:00.190Z,1714,39.62839965,-104.99979213,1757.782,-8.1,-14.3,-60.6,11.00,17
2024-08-03T01:32:00.223Z,1715,39.62840239,-104.99978997,1757.782,-8.0,-14.3,-60.6,11.01,17
2024-08-03T01:32:00.257Z,1716,39.62840509,-104.99978784,1757.782,-7.9,-14.3,-60.5,11.02,17
2024-08-03T01:32:00.290Z,1717,39.62840779,-104.99978570,1757.782,-7.8,-14.3,-60.4,11.04,17
2024-08-03T01:32:00.323Z,1718,39.62841083,-104.99978328,1757.782,-7.8,-14.3,-60.4,11.05,17
2024-08-03T01:32:00.357Z,1719,39.62841399,-104.99978074,1757.782,-7.8,-14.3,-60.3,11.05,17
2024-08-03T01:32:00.390Z,1720,39.62841716,-104.99977820,1757.782,-7.8,-14.3,-60.3,11.05,17
2024-08-03T01:32:00.424Z,1721,39.62841997,-104.99977593,1757.782,-7.8,-14.3,-60.3,11.02,17
2024-08-03T01:32:00.457Z,1722,39.62842265,-104.99977377,1757.782,-7.7,-14.3,-60.2,11.00,17
2024-08-03T01:32:00.490Z,1723,39.62842532,-104.99977160,1757.782,-7.7,-14.3,-60.1,10.97,17
2024-08-03T01:32:00.524Z,1724,39.62842802,-104.99976945,1757.782,-7.7,-14.3,-60.1,10.96,17
2024-08-03T01:32:00.557Z,1725,39.62843073,-104.99976732,1757.782,-7.6,-14.3,-60.0,10.96,17
2024-08-03T01:32:00.590Z,1726,39.62843343,-104.99976518,1757.782,-7.5,-14.3,-59.9,10.96,17
2024-08-03T01:32:00.624Z,1727,39.62843625,-104.99976292,1757.782,-7.4,-14.3,-59.9,10.97,17
2024-08-03T01:32:00.657Z,1728,39.62843911,-104.99976062,1757.782,-7.3,-14.3,-59.8,10.99,17
2024-08-03T01:32:00.691Z,1729,39.62844196,-104.99975832,1757.782,-7.2,-14.3,-59.7,11.01,17
2024-08-03T01:32:00.724Z,1730,39.62844498,-104.99975582,1757.782,-7.1,-14.3,-59.7,11.01,17
2024-08-03T01:32:00.757Z,1731,39.62844806,-104.99975325,1757.782,-7.0,-14.3,-59.6,11.01,17
2024-08-03T01:32:00.791Z,1732,39.62845113,-104.99975068,1757.782,-6.9,-14.3,-59.6,11.01,17
2024-08-03T01:32:00.824Z,1733,39.62845403,-104.99974829,1757.782,-6.9,-14.3,-59.6,11.01,17
2024-08-03T01:32:00.857Z,1734,39.62845687,-104.99974595,1757.782,-6.8,-14.3,-59.5,11.00,17
2024-08-03T01:32:00.891Z,1735,39.62845970,-104.99974361,1757.782,-6.8,-14.3,-59.4,10.99,17
2024-08-03T01:32:00.924Z,1736,39.62846239,-104.99974135,1757.782,-6.8,-14.3,-59.4,10.98,17
2024-08-03T01:32:00.957Z,1737,39.62846502,-104.99973912,1757.782,-6.7,-14.3,-59.3,10.98,17
2024-08-03T01:32:00.991Z,1738,39.62846766,-104.99973688,1757.782,-6.7,-14.3,-59.2,10.98,17
2024-08-03T01:32:01.024Z,1739,39.62847042,-104.99973457,1757.782,-6.6,-14.3,-59.2,10.98,17
2024-08-03T01:32:01.058Z,1740,39.62847323,-104.99973224,1757.782,-6.5,-14.3,-59.1,10.98,17
2024-08-03T01:32:01.091Z,1741,39.62847604,-104.99972990,1757.782,-6.4,-14.3,-59.0,10.98,17
2024-08-03T01:32:01.124Z,1742,39.62847881,-104.99972754,1757.782,-6.4,-14.3,-59.0,10.96,17
2024-08-03T01:32:01.158Z,1743,39.62848156,-104.99972517,1757.782,-6.3,-14.3,-58.9,10.94,17
2024-08-03T01:32:01.191Z,1744,39.62848431,-104.99972280,1757.782,-6.3,-14.3,-58.9,10.91,17
2024-08-03T01:32:01.224Z,1745,39.62848698,-104.99972051,1757.782,-6.3,-14.3,-58.9,10.91,17
2024-08-03T01:32:01.258Z,1746,39.62848963,-104.99971824,1757.782,-6.2,-14.3,-58.8,10.93,17
2024-08-03T01:32:01.291Z,1747,39.62849228,-104.99971597,1757.782,-6.1,-14.3,-58.7,10.95,17
2024-08-03T01:32:01.324Z,1748,39.62849488,-104.99971370,1757.782,-6.1,-14.3,-58.7,10.96,17
2024-08-03T01:32:01.358Z,1749,39.62849747,-104.99971143,1757.782,-6.0,-14.3,-58.6,10.96,17
2024-08-03T01:32:01.391Z,1750,39.62850007,-104.99970916,1757.782,-5.9,-14.3,-58.5,10.96,17
2024-08-03T01:32:01.425Z,1751,39.62850276,-104.99970679,1757.782,-5.8,-14.3,-58.4,10.93,17
2024-08-03T01:32:01.458Z,1752,39.62850548,-104.99970439,1757.782,-5.8,-14.3,-58.4,10.91,17
2024-08-03T01:32:01.491Z,1753,39.62850820,-104.99970199,1757.782,-5.7,-14.3,-58.3,10.88,17
2024-08-03T01:32:01.525Z,1754,39.62851105,-104.99969949,1757.782,-5.7,-14.3,-58.3,10.89,17
2024-08-03T01:32:01.558Z,1755,39.62851394,-104.99969695,1757.782,-5.7,-14.3,-58.2,10.91,17
2024-08-03T01:32:01.591Z,1756,39.62851682,-104.99969441,1757.782,-5.7,-14.3,-58.2,10.92,17
2024-08-03T01:32:01.625Z,1757,39.62851961,-104.99969198,1757.782,-5.7,-14.3,-58.1,10.93,17
2024-08-03T01:32:01.658Z,1758,39.62852238,-104.99968958,1757.782,-5.6,-14.3,-58.1,10.93,17
2024-08-03T01:32:01.692Z,1759,39.62852514,-104.99968717,1757.782,-5.6,-14.3,-58.0,10.93,17
2024-08-03T01:32:01.725Z,1760,39.62852775,-104.99968485,1757.782,-5.5,-14.3,-57.9,10.91,17
2024-08-03T01:32:01.758Z,1761,39.62853031,-104.99968255,1757.782,-5.4,-14.3,-57.9,10.88,17
2024-08-03T01:32:01.792Z,1762,39.62853288,-104.99968024,1757.782,-5.3,-14.3,-57.8,10.85,17
2024-08-03T01:32:01.825Z,1763,39.62853565,-104.99967774,1757.782,-5.2,-14.3,-57.7,10.85,17
2024-08-03T01:32:01.858Z,1764,39.62853850,-104.99967517,1757.782,-5.2,-14.3,-57.7,10.85,17
2024-08-03T01:32:01.892Z,1765,39.62854135,-104.99967260,1757.782,-5.1,-14.3,-57.6,10.85,17
2024-08-03T01:32:01.925Z,1766,39.62854416,-104.99967000,1757.782,-5.1,-14.3,-57.6,10.85,17
2024-08-03T01:32:01.958Z,1767,39.62854697,-104.99966740,1757.782,-5.0,-14.3,-57.6,10.85,17
2024-08-03T01:32:01.992Z,1768,39.62854977,-104.99966480,1757.782,-5.0,-14.3,-57.6,10.85,17
2024-08-03T01:32:02.025Z,1769,39.62855250,-104.99966232,1757.782,-4.9,-14.3,-57.5,10.84,17
2024-08-03T01:32:02.059Z,1770,39.62855520,-104.99965989,1757.782,-4.8,-14.3,-57.4,10.83,17
2024-08-03T01:32:02.092Z,1771,39.62855790,-104.99965745,1757.782,-4.7,-14.3,-57.3,10.82,17
2024-08-03T01:32:02.125Z,1772,39.62856026,-104.99965530,1757.782,-4.7,-14.3,-57.2,10.82,17
2024-08-03T01:32:02.159Z,1773,39.62856253,-104.99965323,1757.782,-4.6,-14.3,-57.2,10.82,17
2024-08-03T01:32:02.192Z,1774,39.62856480,-104.99965116,1757.782,-4.6,-14.3,-57.1,10.82,17
2024-08-03T01:32:02.225Z,1775,39.62856760,-104.99964855,1757.782,-4.6,-14.3,-57.0,10.82,17
2024-08-03T01:32:02.259Z,1776,39.62857056,-104.99964578,1757.782,-4.5,-14.3,-57.0,10.82,17
2024-08-03T01:32:02.292Z,1777,39.62857352,-104.99964301,1757.782,-4.5,-14.3,-56.9,10.82,17
2024-08-03T01:32:02.325Z,1778,39.62857643,-104.99964027,1757.782,-4.4,-14.3,-56.8,10.82,17
2024-08-03T01:32:02.359Z,1779,39.62857934,-104.99963753,1757.782,-4.4,-14.3,-56.8,10.81,17
2024-08-03T01:32:02.392Z,1780,39.62858225,-104.99963480,1757.782,-4.3,-14.3,-56.7,10.80,17
2024-08-03T01:32:02.426Z,1781,39.62858486,-104.99963235,1757.782,-4.2,-14.3,-56.6,10.80,17
2024-08-03T01:32:02.459Z,1782,39.62858739,-104.99962998,1757.782,-4.2,-14.3,-56.6,10.80,17
2024-08-03T01:32:02.492Z,1783,39.62858992,-104.99962761,1757.782,-4.1,-14.3,-56.5,10.80,17
2024-08-03T01:32:02.526Z,1784,39.62859241,-104.99962521,1757.782,-4.0,-14.3,-56.4,10.80,17
2024-08-03T01:32:02.559Z,1785,39.62859490,-104.99962281,1757.782,-4.0,-14.3,-56.4,10.80,17
2024-08-03T01:32:02.592Z,1786,39.62859739,-104.99962041,1757.782,-3.9,-14.3,-56.3,10.80,17
2024-08-03T01:32:02.626Z,1787,39.62859998,-104.99961790,1757.782,-3.8,-14.3,-56.3,10.80,17
2024-08-03T01:32:02.659Z,1788,39.62860259,-104.99961537,1757.782,-3.8,-14.3,-56.2,10.80,17
2024-08-03T01:32:02.693Z,1789,39.62860520,-104.99961283,1757.782,-3.7,-14.3,-56.2,10.80,17
2024-08-03T01:32:02.726Z,1790,39.62860805,-104.99961008,1757.782,-3.6,-14.3,-56.1,10.80,17
2024-08-03T01:32:02.759Z,1791,39.62861097,-104.99960728,1757.782,-3.5,-14.3,-56.1,10.79,17
2024-08-03T01:32:02.793Z,1792,39.62861388,-104.99960448,1757.782,-3.4,-14.3,-56.0,10.78,17
2024-08-03T01:32:02.826Z,1793,39.62861634,-104.99960207,1757.782,-3.4,-14.3,-55.9,10.78,17
2024-08-03T01:32:02.859Z,1794,39.62861868,-104.99959977,1757.782,-3.3,-14.3,-55.9,10.78,17
2024-08-03T01:32:02.893Z,1795,39.62862102,-104.99959747,1757.782,-3.3,-14.3,-55.8,10.78,17
2024-08-03T01:32:02.926Z,1796,39.62862349,-104.99959509,1757.782,-3.3,-14.3,-55.7,10.78,17
2024-08-03T01:32:02.959Z,1797,39.62862600,-104.99959268,1757.782,-3.2,-14.3,-55.7,10.78,17
2024-08-03T01:32:02.993Z,1798,39.62862851,-104.99959028,1757.782,-3.2,-14.3,-55.6,10.78,17
2024-08-03T01:32:03.026Z,1799,39.62863128,-104.99958753,1757.782,-3.1,-14.3,-55.5,10.80,17
2024-08-03T01:32:03.060Z,1800,39.62863412,-104.99958469,1757.782,-3.1,-14.3,-55.5,10.82,17
2024-08-03T01:32:03.093Z,1801,39.62863696,-104.99958186,1757.782,-3.0,-14.3,-55.4,10.84,17
2024-08-03T01:32:03.126Z,1802,39.62863962,-104.99957921,1757.782,-2.9,-14.3,-55.4,10.82,17
2024-08-03T01:32:03.160Z,1803,39.62864222,-104.99957661,1757.782,-2.9,-14.3,-55.3,10.79,17
2024-08-03T01:32:03.193Z,1804,39.62864483,-104.99957400,1757.782,-2.8,-14.3,-55.3,10.77,17
2024-08-03T01:32:03.226Z,1805,39.62864735,-104.99957148,1757.782,-2.7,-14.3,-55.2,10.76,17
2024-08-03T01:32:03.260Z,1806,39.62864984,-104.99956898,1757.782,-2.7,-14.3,-55.1,10.76,17
2024-08-03T01:32:03.293Z,1807,39.62865232,-104.99956648,1757.782,-2.6,-14.3,-55.0,10.76,17
2024-08-03T01:32:03.326Z,1808,39.62865508,-104.99956368,1757.782,-2.5,-14.3,-54.9,10.78,17
2024-08-03T01:32:03.360Z,1809,39.62865789,-104.99956081,1757.782,-2.4,-14.3,-54.9,10.80,17
2024-08-03T01:32:03.393Z,1810,39.62866071,-104.99955794,1757.782,-2.3,-14.3,-54.8,10.82,17
2024-08-03T01:32:03.427Z,1811,39.62866321,-104.99955537,1757.782,-2.2,-14.3,-54.7,10.80,17
2024-08-03T01:32:03.460Z,1812,39.62866564,-104.99955287,1757.782,-2.2,-14.3,-54.7,10.78,17
2024-08-03T01:32:03.493Z,1813,39.62866807,-104.99955036,1757.782,-2.1,-14.3,-54.6,10.75,17
2024-08-03T01:32:03.527Z,1814,39.62867053,-104.99954786,1757.782,-2.0,-14.3,-54.5,10.74,17
2024-08-03T01:32:03.560Z,1815,39.62867299,-104.99954536,1757.782,-2.0,-14.3,-54.4,10.74,17
2024-08-03T01:32:03.593Z,1816,39.62867545,-104.99954286,1757.782,-1.9,-14.3,-54.3,10.74,17
2024-08-03T01:32:03.627Z,1817,39.62867798,-104.99954022,1757.782,-1.8,-14.3,-54.2,10.76,17
2024-08-03T01:32:03.660Z,1818,39.62868052,-104.99953755,1757.782,-1.7,-14.3,-54.2,10.78,17
2024-08-03T01:32:03.694Z,1819,39.62868306,-104.99953488,1757.782,-1.6,-14.3,-54.1,10.80,17
2024-08-03T01:32:03.727Z,1820,39.62868581,-104.99953199,1757.782,-1.5,-14.3,-54.0,10.81,17
2024-08-03T01:32:03.760Z,1821,39.62868861,-104.99952905,1757.782,-1.4,-14.3,-53.9,10.81,17
2024-08-03T01:32:03.794Z,1822,39.62869142,-104.99952612,1757.782,-1.3,-14.3,-53.8,10.81,17
2024-08-03T01:32:03.827Z,1823,39.62869367,-104.99952370,1757.782,-1.2,-14.3,-53.7,10.79,17
2024-08-03T01:32:03.860Z,1824,39.62869581,-104.99952140,1757.782,-1.2,-14.3,-53.7,10.76,17
2024-08-03T01:32:03.894Z,1825,39.62869794,-104.99951910,1757.782,-1.1,-14.3,-53.6,10.73,17
2024-08-03T01:32:03.927Z,1826,39.62870061,-104.99951622,1757.782,-1.0,-14.3,-53.5,10.75,17
2024-08-03T01:32:03.960Z,1827,39.62870339,-104.99951321,1757.782,-1.0,-14.3,-53.4,10.77,17
2024-08-03T01:32:03.994Z,1828,39.62870617,-104.99951021,1757.782,-0.9,-14.3,-53.3,10.79,17
2024-08-03T01:32:04.027Z,1829,39.62870850,-104.99950768,1757.782,-0.8,-14.3,-53.2,10.77,17
2024-08-03T01:32:04.061Z,1830,39.62871075,-104.99950524,1757.782,-0.7,-14.3,-53.1,10.75,17
2024-08-03T01:32:04.094Z,1831,39.62871299,-104.99950281,1757.782,-0.6,-14.3,-53.0,10.72,17
2024-08-03T01:32:04.127Z,1832,39.62871568,-104.99949995,1757.782,-0.5,-14.3,-52.9,10.73,17
2024-08-03T01:32:04.161Z,1833,39.62871846,-104.99949702,1757.782,-0.4,-14.3,-52.8,10.76,17
2024-08-03T01:32:04.194Z,1834,39.62872123,-104.99949408,1757.782,-0.2,-14.3,-52.7,10.78,17
2024-08-03T01:32:04.227Z,1835,39.62872366,-104.99949137,1757.782,-0.1,-14.3,-52.6,10.78,17
2024-08-03T01:32:04.261Z,1836,39.62872603,-104.99948870,1757.782,0.0,-14.3,-52.5,10.78,17
2024-08-03T01:32:04.294Z,1837,39.62872839,-104.99948603,1757.782,0.2,-14.3,-52.4,10.78,17
2024-08-03T01:32:04.327Z,1838,39.62873104,-104.99948305,1757.782,0.2,-14.3,-52.3,10.78,17
2024-08-03T01:32:04.361Z,1839,39.62873374,-104.99948002,1757.782,0.3,-14.3,-52.2,10.78,17
2024-08-03T01:32:04.394Z,1840,39.62873644,-104.99947698,1757.782,0.3,-14.3,-52.1,10.77,17
2024-08-03T01:32:04.428Z,1841,39.62873882,-104.99947428,1757.782,0.4,-14.3,-52.0,10.77,17
2024-08-03T01:32:04.461Z,1842,39.62874114,-104.99947164,1757.782,0.5,-14.3,-51.9,10.77,17
2024-08-03T01:32:04.494Z,1843,39.62874346,-104.99946901,1757.782,0.6,-14.3,-51.8,10.77,17
2024-08-03T01:32:04.528Z,1844,39.62874568,-104.99946646,1757.782,0.7,-14.3,-51.7,10.75,17
2024-08-03T01:32:04.561Z,1845,39.62874789,-104.99946392,1757.782,0.8,-14.3,-51.6,10.73,17
2024-08-03T01:32:04.594Z,1846,39.62875009,-104.99946139,1757.782,0.9,-14.3,-51.4,10.70,17
2024-08-03T01:32:04.628Z,1847,39.62875258,-104.99945851,1757.782,1.0,-14.3,-51.3,10.72,17
2024-08-03T01:32:04.661Z,1848,39.62875512,-104.99945557,1757.782,1.1,-14.3,-51.2,10.74,17
2024-08-03T01:32:04.695Z,1849,39.62875765,-104.99945264,1757.782,1.2,-14.3,-51.1,10.76,17
2024-08-03T01:32:04.728Z,1850,39.62876029,-104.99944953,1757.782,1.3,-14.3,-51.0,10.74,17
2024-08-03T01:32:04.761Z,1851,39.62876294,-104.99944639,1757.782,1.4,-14.3,-50.9,10.72,17
2024-08-03T01:32:04.795Z,1852,39.62876559,-104.99944326,1757.782,1.5,-14.3,-50.8,10.69,17
2024-08-03T01:32:04.828Z,1853,39.62876782,-104.99944061,1757.782,1.6,-14.3,-50.7,10.69,17
2024-08-03T01:32:04.861Z,1854,39.62876996,-104.99943804,1757.782,1.7,-14.3,-50.6,10.69,17
2024-08-03T01:32:04.895Z,1855,39.62877211,-104.99943547,1757.782,1.8,-14.3,-50.5,10.69,17
2024-08-03T01:32:04.928Z,1856,39.62877457,-104.99943253,1757.782,1.9,-14.3,-50.4,10.71,17
2024-08-03T01:32:04.961Z,1857,39.62877708,-104.99942952,1757.782,2.0,-14.3,-50.3,10.73,17
2024-08-03T01:32:04.995Z,1858,39.62877959,-104.99942652,1757.782,2.1,-14.3,-50.2,10.75,17
2024-08-03T01:32:05.028Z,1859,39.62878199,-104.99942363,1757.782,2.2,-14.3,-50.1,10.74,17
2024-08-03T01:32:05.062Z,1860,39.62878438,-104.99942076,1757.782,2.3,-14.3,-50.0,10.71,17
2024-08-03T01:32:05.095Z,1861,39.62878676,-104.99941789,1757.782,2.5,-14.3,-49.8,10.69,17
2024-08-03T01:32:05.128Z,1862,39.62878911,-104.99941499,1757.782,2.6,-14.3,-49.7,10.70,17
2024-08-03T01:32:05.162Z,1863,39.62879145,-104.99941209,1757.782,2.7,-14.3,-49.6,10.73,17
2024-08-03T01:32:05.195Z,1864,39.62879379,-104.99940919,1757.782,2.9,-14.3,-49.5,10.75,17
2024-08-03T01:32:05.228Z,1865,39.62879602,-104.99940640,1757.782,3.0,-14.3,-49.4,10.73,17
2024-08-03T01:32:05.262Z,1866,39.62879823,-104.99940363,1757.782,3.0,-14.3,-49.3,10.71,17
2024-08-03T01:32:05.295Z,1867,39.62880044,-104.99940086,1757.782,3.1,-14.3,-49.2,10.68,17
2024-08-03T01:32:05.328Z,1868,39.62880298,-104.99939772,1757.782,3.2,-14.3,-49.1,10.70,17
2024-08-03T01:32:05.362Z,1869,39.62880557,-104.99939451,1757.782,3.3,-14.3,-49.0,10.72,17
2024-08-03T01:32:05.395Z,1870,39.62880816,-104.99939131,1757.782,3.4,-14.3,-48.9,10.75,17
2024-08-03T01:32:05.429Z,1871,39.62881043,-104.99938846,1757.782,3.5,-14.3,-48.8,10.73,17
2024-08-03T01:32:05.462Z,1872,39.62881266,-104.99938565,1757.782,3.6,-14.3,-48.7,10.70,17
2024-08-03T01:32:05.495Z,1873,39.62881489,-104.99938285,1757.782,3.8,-14.3,-48.6,10.68,17
2024-08-03T01:32:05.529Z,1874,39.62881708,-104.99938005,1757.782,3.9,-14.3,-48.5,10.70,17
2024-08-03T01:32:05.562Z,1875,39.62881926,-104.99937724,1757.782,3.9,-14.3,-48.4,10.72,17
2024-08-03T01:32:05.595Z,1876,39.62882143,-104.99937444,1757.782,4.0,-14.3,-48.3,10.75,17
2024-08-03T01:32:05.629Z,1877,39.62882372,-104.99937146,1757.782,4.1,-14.3,-48.2,10.75,17
2024-08-03T01:32:05.662Z,1878,39.62882602,-104.99936846,1757.782,4.2,-14.3,-48.1,10.75,17
2024-08-03T01:32:05.696Z,1879,39.62882832,-104.99936546,1757.782,4.3,-14.3,-48.0,10.75,17
2024-08-03T01:32:05.729Z,1880,39.62883079,-104.99936219,1757.782,4.4,-14.3,-47.9,10.73,17
2024-08-03T01:32:05.762Z,1881,39.62883330,-104.99935889,1757.782,4.5,-14.3,-47.8,10.70,17
2024-08-03T01:32:05.796Z,1882,39.62883580,-104.99935558,1757.782,4.6,-14.3,-47.7,10.68,17
2024-08-03T01:32:05.829Z,1883,39.62883809,-104.99935255,1757.782,4.7,-14.3,-47.6,10.70,17
2024-08-03T01:32:05.862Z,1884,39.62884036,-104.99934954,1757.782,4.9,-14.3,-47.5,10.72,17
2024-08-03T01:32:05.896Z,1885,39.62884262,-104.99934654,1757.782,5.0,-14.3,-47.4,10.75,17
2024-08-03T01:32:05.929Z,1886,39.62884479,-104.99934365,1757.782,5.1,-14.3,-47.3,10.73,17
2024-08-03T01:32:05.962Z,1887,39.62884694,-104.99934079,1757.782,5.3,-14.3,-47.2,10.71,17
2024-08-03T01:32:05.996Z,1888,39.62884909,-104.99933792,1757.782,5.4,-14.3,-47.1,10.68,17
2024-08-03T01:32:06.029Z,1889,39.62885112,-104.99933516,1757.782,5.5,-14.3,-47.0,10.68,17
2024-08-03T01:32:06.063Z,1890,39.62885313,-104.99933243,1757.782,5.6,-14.3,-46.9,10.68,17
2024-08-03T01:32:06.096Z,1891,39.62885514,-104.99932969,1757.782,5.7,-14.3,-46.8,10.68,17
2024-08-03T01:32:06.129Z,1892,39.62885758,-104.99932645,1757.782,5.8,-14.3,-46.7,10.68,17
2024-08-03T01:32:06.163Z,1893,39.62886007,-104.99932315,1757.782,5.8,-14.3,-46.6,10.68,17
2024-08-03T01:32:06.196Z,1894,39.62886256,-104.99931984,1757.782,5.9,-14.3,-46.5,10.68,17
2024-08-03T01:32:06.229Z,1895,39.62886470,-104.99931690,1757.782,6.0,-14.3,-46.4,10.68,17
2024-08-03T01:32:06.263Z,1896,39.62886680,-104.99931400,1757.782,6.0,-14.3,-46.3,10.68,17
2024-08-03T01:32:06.296Z,1897,39.62886890,-104.99931109,1757.782,6.1,-14.3,-46.2,10.68,17
2024-08-03T01:32:06.329Z,1898,39.62887129,-104.99930774,1757.782,6.2,-14.3,-46.1,10.71,17
2024-08-03T01:32:06.363Z,1899,39.62887372,-104.99930434,1757.782,6.4,-14.3,-46.0,10.73,17
2024-08-03T01:32:06.396Z,1900,39.62887615,-104.99930093,1757.782,6.5,-14.3,-45.9,10.75,17
2024-08-03T01:32:06.430Z,1901,39.62887826,-104.99929795,1757.782,6.6,-14.3,-45.8,10.74,17
2024-08-03T01:32:06.463Z,1902,39.62888033,-104.99929502,1757.782,6.8,-14.3,-45.7,10.71,17
2024-08-03T01:32:06.496Z,1903,39.62888240,-104.99929208,1757.782,6.9,-14.3,-45.6,10.69,17
2024-08-03T01:32:06.530Z,1904,39.62888447,-104.99928911,1757.782,7.0,-14.3,-45.5,10.69,17
2024-08-03T01:32:06.563Z,1905,39.62888653,-104.99928614,1757.782,7.1,-14.3,-45.4,10.69,17
2024-08-03T01:32:06.596Z,1906,39.62888859,-104.99928317,1757.782,7.2,-14.3,-45.3,10.69,17
2024-08-03T01:32:06.630Z,1907,39.62889076,-104.99928008,1757.782,7.3,-14.3,-45.2,10.69,17
2024-08-03T01:32:06.663Z,1908,39.62889294,-104.99927698,1757.782,7.4,-14.3,-45.0,10.69,17
2024-08-03T01:32:06.697Z,1909,39.62889513,-104.99927388,1757.782,7.5,-14.3,-44.9,10.70,17
2024-08-03T01:32:06.730Z,1910,39.62889745,-104.99927044,1757.782,7.6,-14.3,-44.8,10.68,17
2024-08-03T01:32:06.763Z,1911,39.62889978,-104.99926697,1757.782,7.8,-14.3,-44.6,10.65,17
2024-08-03T01:32:06.797Z,1912,39.62890212,-104.99926350,1757.782,7.9,-14.3,-44.5,10.63,17
2024-08-03T01:32:06.830Z,1913,39.62890425,-104.99926030,1757.689,8.0,-14.3,-44.4,10.65,17
2024-08-03T01:32:06.863Z,1914,39.62890636,-104.99925713,1757.587,8.1,-14.3,-44.2,10.68,17
2024-08-03T01:32:06.897Z,1915,39.62890846,-104.99925396,1757.485,8.2,-14.3,-44.1,10.70,17
2024-08-03T01:32:06.930Z,1916,39.62891047,-104.99925092,1757.477,8.3,-14.3,-44.0,10.69,17
2024-08-03T01:32:06.963Z,1917,39.62891247,-104.99924788,1757.477,8.5,-14.3,-43.8,10.66,17
2024-08-03T01:32:06.997Z,1918,39.62891446,-104.99924484,1757.477,8.6,-14.3,-43.7,10.64,17
2024-08-03T01:32:07.030Z,1919,39.62891655,-104.99924168,1757.477,8.7,-14.3,-43.5,10.66,17
2024-08-03T01:32:07.064Z,1920,39.62891865,-104.99923851,1757.477,8.9,-14.3,-43.4,10.69,17
2024-08-03T01:32:07.097Z,1921,39.62892075,-104.99923534,1757.477,9.0,-14.3,-43.2,10.71,17
2024-08-03T01:32:07.130Z,1922,39.62892281,-104.99923214,1757.477,9.2,-14.3,-43.1,10.70,17
2024-08-03T01:32:07.164Z,1923,39.62892486,-104.99922894,1757.477,9.3,-14.3,-42.9,10.68,17
2024-08-03T01:32:07.197Z,1924,39.62892692,-104.99922574,1757.477,9.5,-14.3,-42.8,10.65,17
2024-08-03T01:32:07.230Z,1925,39.62892868,-104.99922297,1757.571,9.6,-14.3,-42.7,10.65,17
2024-08-03T01:32:07.264Z,1926,39.62893042,-104.99922023,1757.673,9.8,-14.3,-42.5,10.65,17
2024-08-03T01:32:07.297Z,1927,39.62893217,-104.99921749,1757.774,9.9,-14.3,-42.4,10.65,17
2024-08-03T01:32:07.330Z,1928,39.62893457,-104.99921367,1757.687,10.0,-14.3,-42.3,10.66,17
2024-08-03T01:32:07.364Z,1929,39.62893702,-104.99920977,1757.585,10.2,-14.3,-42.1,10.66,17
2024-08-03T01:32:07.397Z,1930,39.62893947,-104.99920587,1757.484,10.3,-14.3,-42.0,10.67,17
2024-08-03T01:32:07.431Z,1931,39.62894141,-104.99920271,1757.477,10.5,-14.3,-41.9,10.65,17
2024-08-03T01:32:07.464Z,1932,39.62894331,-104.99919960,1757.477,10.6,-14.3,-41.7,10.63,17
2024-08-03T01:32:07.497Z,1933,39.62894522,-104.99919650,1757.477,10.8,-14.3,-41.6,10.61,17
2024-08-03T01:32:07.531Z,1934,39.62894712,-104.99919337,1757.477,10.9,-14.3,-41.4,10.61,17
2024-08-03T01:32:07.564Z,1935,39.62894902,-104.99919023,1757.477,11.0,-14.3,-41.3,10.62,17
2024-08-03T01:32:07.597Z,1936,39.62895092,-104.99918709,1757.477,11.1,-14.3,-41.1,10.62,17
2024-08-03T01:32:07.631Z,1937,39.62895290,-104.99918377,1757.477,11.2,-14.3,-41.0,10.62,17
2024-08-03T01:32:07.664Z,1938,39.62895487,-104.99918043,1757.477,11.3,-14.3,-40.8,10.62,17
2024-08-03T01:32:07.698Z,1939,39.62895685,-104.99917710,1757.477,11.4,-14.3,-40.7,10.62,17
2024-08-03T01:32:07.731Z,1940,39.62895900,-104.99917345,1757.477,11.6,-14.3,-40.6,10.63,17
2024-08-03T01:32:07.764Z,1941,39.62896116,-104.99916978,1757.477,11.7,-14.3,-40.4,10.63,17
2024-08-03T01:32:07.798Z,1942,39.62896332,-104.99916611,1757.477,11.9,-14.3,-40.3,10.64,17
2024-08-03T01:32:07.831Z,1943,39.62896509,-104.99916303,1757.477,12.1,-14.3,-40.2,10.64,17
2024-08-03T01:32:07.864Z,1944,39.62896684,-104.99916000,1757.477,12.2,-14.3,-40.0,10.64,17
2024-08-03T01:32:07.898Z,1945,39.62896859,-104.99915696,1757.477,12.4,-14.3,-39.9,10.64,17
2024-08-03T01:32:07.931Z,1946,39.62897056,-104.99915348,1757.477,12.6,-14.3,-39.8,10.65,17
2024-08-03T01:32:07.964Z,1947,39.62897255,-104.99914998,1757.477,12.8,-14.3,-39.6,10.65,17
2024-08-03T01:32:07.998Z,1948,39.62897453,-104.99914648,1757.477,13.0,-14.3,-39.5,10.66,17
2024-08-03T01:32:08.031Z,1949,39.62897647,-104.99914310,1757.477,13.1,-14.3,-39.4,10.66,17
2024-08-03T01:32:08.065Z,1950,39.62897840,-104.99913973,1757.477,13.2,-14.3,-39.2,10.66,17
2024-08-03T01:32:08.098Z,1951,39.62898033,-104.99913636,1757.477,13.3,-14.3,-39.1,10.66,17
2024-08-03T01:32:08.131Z,1952,39.62898219,-104.99913302,1757.574,13.4,-14.3,-38.9,10.67,17
2024-08-03T01:32:08.165Z,1953,39.62898405,-104.99912968,1757.675,13.6,-14.3,-38.8,10.68,17
2024-08-03T01:32:08.198Z,1954,39.62898591,-104.99912635,1757.777,13.7,-14.3,-38.6,10.68,17
2024-08-03T01:32:08.231Z,1955,39.62898769,-104.99912304,1757.684,13.8,-14.3,-38.5,10.66,17
2024-08-03T01:32:08.265Z,1956,39.62898948,-104.99911974,1757.583,14.0,-14.3,-38.3,10.65,17
2024-08-03T01:32:08.298Z,1957,39.62899126,-104.99911644,1757.481,14.1,-14.3,-38.2,10.63,17
2024-08-03T01:32:08.331Z,1958,39.62899299,-104.99911320,1757.477,14.2,-14.3,-38.1,10.63,17
2024-08-03T01:32:08.365Z,1959,39.62899473,-104.99910996,1757.477,14.4,-14.3,-37.9,10.64,17
2024-08-03T01:32:08.398Z,1960,39.62899646,-104.99910672,1757.477,14.5,-14.3,-37.8,10.65,17
2024-08-03T01:32:08.432Z,1961,39.62899827,-104.99910329,1757.477,14.6,-14.3,-37.7,10.65,17
2024-08-03T01:32:08.465Z,1962,39.62900008,-104.99909986,1757.477,14.8,-14.3,-37.5,10.65,17
2024-08-03T01:32:08.498Z,1963,39.62900189,-104.99909642,1757.477,14.9,-14.3,-37.4,10.65,17
2024-08-03T01:32:08.532Z,1964,39.62900381,-104.99909276,1757.477,15.1,-14.3,-37.2,10.66,17
2024-08-03T01:32:08.565Z,1965,39.62900574,-104.99908909,1757.477,15.2,-14.3,-37.1,10.67,17
2024-08-03T01:32:08.598Z,1966,39.62900767,-104.99908542,1757.477,15.4,-14.3,-36.9,10.68,17
2024-08-03T01:32:08.632Z,1967,39.62900945,-104.99908191,1757.477,15.5,-14.3,-36.8,10.68,17
2024-08-03T01:32:08.665Z,1968,39.62901123,-104.99907841,1757.477,15.7,-14.3,-36.6,10.68,17
2024-08-03T01:32:08.699Z,1969,39.62901301,-104.99907490,1757.477,15.8,-14.3,-36.5,10.68,17
2024-08-03T01:32:08.732Z,1970,39.62901494,-104.99907104,1757.477,16.0,-14.3,-36.4,10.69,17
2024-08-03T01:32:08.765Z,1971,39.62901688,-104.99906717,1757.477,16.2,-14.3,-36.2,10.70,17
2024-08-03T01:32:08.799Z,1972,39.62901882,-104.99906330,1757.477,16.4,-14.3,-36.1,10.71,17
2024-08-03T01:32:08.832Z,1973,39.62902039,-104.99906011,1757.477,16.5,-14.3,-35.9,10.69,17
2024-08-03T01:32:08.865Z,1974,39.62902195,-104.99905694,1757.477,16.6,-14.3,-35.8,10.67,17
2024-08-03T01:32:08.899Z,1975,39.62902350,-104.99905377,1757.477,16.7,-14.3,-35.6,10.65,17
2024-08-03T01:32:08.932Z,1976,39.62902533,-104.99905008,1757.477,16.8,-14.3,-35.5,10.65,17
2024-08-03T01:32:08.965Z,1977,39.62902716,-104.99904638,1757.477,17.0,-14.3,-35.3,10.65,17
2024-08-03T01:32:08.999Z,1978,39.62902899,-104.99904267,1757.477,17.1,-14.3,-35.2,10.65,17
2024-08-03T01:32:09.032Z,1979,39.62903069,-104.99903913,1757.477,17.3,-14.3,-35.0,10.66,17
2024-08-03T01:32:09.066Z,1980,39.62903239,-104.99903560,1757.477,17.5,-14.3,-34.9,10.67,17
2024-08-03T01:32:09.099Z,1981,39.62903408,-104.99903206,1757.477,17.7,-14.3,-34.7,10.68,17
2024-08-03T01:32:09.132Z,1982,39.62903553,-104.99902902,1757.477,17.9,-14.3,-34.6,10.67,17
2024-08-03T01:32:09.166Z,1983,39.62903698,-104.99902598,1757.477,18.0,-14.3,-34.4,10.65,17
2024-08-03T01:32:09.199Z,1984,39.62903843,-104.99902294,1757.477,18.2,-14.3,-34.3,10.63,17
2024-08-03T01:32:09.232Z,1985,39.62904025,-104.99901902,1757.477,18.4,-14.3,-34.1,10.62,17
2024-08-03T01:32:09.266Z,1986,39.62904207,-104.99901508,1757.477,18.5,-14.3,-34.0,10.60,17
2024-08-03T01:32:09.299Z,1987,39.62904390,-104.99901114,1757.477,18.7,-14.3,-33.8,10.58,17
2024-08-03T01:32:09.333Z,1988,39.62904569,-104.99900717,1757.477,18.8,-14.3,-33.6,10.59,17
2024-08-03T01:32:09.366Z,1989,39.62904748,-104.99900320,1757.477,19.0,-14.3,-33.5,10.61,17
2024-08-03T01:32:09.399Z,1990,39.62904928,-104.99899923,1757.477,19.1,-14.3,-33.3,10.62,17
2024-08-03T01:32:09.433Z,1991,39.62905080,-104.99899582,1757.477,19.2,-14.3,-33.1,10.62,17
2024-08-03T01:32:09.466Z,1992,39.62905233,-104.99899242,1757.477,19.4,-14.3,-32.9,10.62,17
2024-08-03T01:32:09.499Z,1993,39.62905385,-104.99898902,1757.477,19.5,-14.3,-32.7,10.62,17
2024-08-03T01:32:09.533Z,1994,39.62905536,-104.99898561,1757.477,19.7,-14.3,-32.5,10.60,17
2024-08-03T01:32:09.566Z,1995,39.62905688,-104.99898221,1757.477,20.0,-14.3,-32.4,10.58,17
2024-08-03T01:32:09.599Z,1996,39.62905839,-104.99897881,1757.477,20.2,-14.3,-32.2,10.57,17
2024-08-03T01:32:09.633Z,1997,39.62905996,-104.99897517,1757.477,20.4,-14.3,-32.0,10.55,17
2024-08-03T01:32:09.666Z,1998,39.62906152,-104.99897153,1757.477,20.6,-14.3,-31.9,10.54,17
2024-08-03T01:32:09.700Z,1999,39.62906309,-104.99896790,1757.477,20.8,-14.3,-31.7,10.52,17
2024-08-03T01:32:09.733Z,2000,39.62906478,-104.99896393,1757.477,20.9,-14.3,-31.5,10.53,17
2024-08-03T01:32:09.766Z,2001,39.62906646,-104.99895995,1757.477,21.1,-14.3,-31.3,10.55,17
2024-08-03T01:32:09.800Z,2002,39.62906815,-104.99895599,1757.477,21.2,-14.3,-31.1,10.56,17
2024-08-03T01:32:09.833Z,2003,39.62906950,-104.99895268,1757.477,21.4,-14.3,-30.9,10.54,17
2024-08-03T01:32:09.866Z,2004,39.62907085,-104.99894938,1757.477,21.6,-14.3,-30.8,10.53,17
2024-08-03T01:32:09.900Z,2005,39.62907221,-104.99894607,1757.477,21.8,-14.3,-30.6,10.51,17
2024-08-03T01:32:09.933Z,2006,39.62907377,-104.99894224,1757.477,21.9,-14.3,-30.4,10.53,17
2024-08-03T01:32:09.966Z,2007,39.62907532,-104.99893840,1757.477,22.1,-14.3,-30.3,10.54,17
2024-08-03T01:32:10.000Z,2008,39.62907687,-104.99893456,1757.477,22.2,-14.3,-30.1,10.55,17
2024-08-03T01:32:10.033Z,2009,39.62907834,-104.99893089,1757.477,22.3,-14.3,-29.9,10.55,17
2024-08-03T01:32:10.067Z,2010,39.62907980,-104.99892722,1757.477,22.5,-14.3,-29.8,10.55,17
2024-08-03T01:32:10.100Z,2011,39.62908127,-104.99892355,1757.477,22.6,-14.3,-29.6,10.55,17
2024-08-03T01:32:10.133Z,2012,39.62908269,-104.99891985,1757.477,22.8,-14.3,-29.4,10.54,17
2024-08-03T01:32:10.167Z,2013,39.62908410,-104.99891614,1757.477,23.0,-14.3,-29.3,10.52,17
2024-08-03T01:32:10.200Z,2014,39.62908552,-104.99891245,1757.477,23.2,-14.3,-29.1,10.51,17
2024-08-03T01:32:10.233Z,2015,39.62908678,-104.99890911,1757.477,23.4,-14.3,-28.9,10.52,17
2024-08-03T01:32:10.267Z,2016,39.62908804,-104.99890577,1757.477,23.7,-14.3,-28.8,10.54,17
2024-08-03T01:32:10.300Z,2017,39.62908931,-104.99890242,1757.477,23.9,-14.3,-28.6,10.55,17
2024-08-03T01:32:10.334Z,2018,39.62909092,-104.99889815,1757.477,24.0,-14.3,-28.4,10.54,17
2024-08-03T01:32:10.367Z,2019,39.62909252,-104.99889388,1757.477,24.2,-14.3,-28.3,10.53,17
2024-08-03T01:32:10.400Z,2020,39.62909412,-104.99888962,1757.477,24.3,-14.3,-28.1,10.51,17
2024-08-03T01:32:10.434Z,2021,39.62909543,-104.99888605,1757.477,24.4,-14.3,-27.9,10.50,17
2024-08-03T01:32:10.467Z,2022,39.62909673,-104.99888248,1757.477,24.6,-14.3,-27.8,10.48,17
2024-08-03T01:32:10.500Z,2023,39.62909804,-104.99887891,1757.479,24.7,-14.3,-27.6,10.47,17
2024-08-03T01:32:10.534Z,2024,39.62909931,-104.99887534,1757.581,24.9,-14.3,-27.4,10.50,17
2024-08-03T01:32:10.567Z,2025,39.62910058,-104.99887177,1757.683,25.0,-14.3,-27.3,10.53,17
2024-08-03T01:32:10.600Z,2026,39.62910185,-104.99886819,1757.779,25.2,-14.3,-27.1,10.56,17
2024-08-03T01:32:10.634Z,2027,39.62910317,-104.99886442,1757.677,25.4,-14.3,-26.9,10.55,17
2024-08-03T01:32:10.667Z,2028,39.62910449,-104.99886065,1757.575,25.7,-14.3,-26.8,10.53,17
2024-08-03T01:32:10.701Z,2029,39.62910581,-104.99885687,1757.477,25.9,-14.3,-26.6,10.52,17
2024-08-03T01:32:10.734Z,2030,39.62910721,-104.99885273,1757.477,26.1,-14.3,-26.4,10.51,17
2024-08-03T01:32:10.767Z,2031,39.62910862,-104.99884860,1757.477,26.2,-14.3,-26.3,10.49,17
2024-08-03T01:32:10.801Z,2032,39.62911001,-104.99884447,1757.480,26.4,-14.3,-26.1,10.48,17
2024-08-03T01:32:10.834Z,2033,39.62911126,-104.99884070,1757.582,26.5,-14.3,-25.9,10.50,17
2024-08-03T01:32:10.867Z,2034,39.62911250,-104.99883693,1757.684,26.7,-14.3,-25.7,10.51,17
2024-08-03T01:32:10.901Z,2035,39.62911374,-104.99883317,1757.782,26.8,-14.3,-25.5,10.53,17
2024-08-03T01:32:10.934Z,2036,39.62911491,-104.99882956,1757.782,26.9,-14.3,-25.3,10.52,17
2024-08-03T01:32:10.967Z,2037,39.62911609,-104.99882596,1757.782,27.1,-14.3,-25.2,10.50,17
2024-08-03T01:32:11.001Z,2038,39.62911725,-104.99882236,1757.782,27.2,-14.3,-25.0,10.49,17
2024-08-03T01:32:11.034Z,2039,39.62911833,-104.99881893,1757.782,27.3,-14.3,-24.8,10.48,17
2024-08-03T01:32:11.068Z,2040,39.62911942,-104.99881549,1757.782,27.5,-14.3,-24.7,10.47,17
2024-08-03T01:32:11.101Z,2041,39.62912051,-104.99881202,1757.782,27.6,-14.3,-24.5,10.46,17
2024-08-03T01:32:11.134Z,2042,39.62912185,-104.99880782,1757.782,27.8,-14.3,-24.3,10.49,17
2024-08-03T01:32:11.168Z,2043,39.62912320,-104.99880361,1757.782,28.1,-14.3,-24.2,10.52,17
2024-08-03T01:32:11.201Z,2044,39.62912453,-104.99879942,1757.782,28.3,-14.3,-24.0,10.55,17
2024-08-03T01:32:11.234Z,2045,39.62912570,-104.99879555,1757.782,28.5,-14.3,-23.8,10.53,17
2024-08-03T01:32:11.268Z,2046,39.62912686,-104.99879168,1757.782,28.8,-14.3,-23.7,10.52,17
2024-08-03T01:32:11.301Z,2047,39.62912803,-104.99878780,1757.782,29.0,-14.3,-23.5,10.51,17
2024-08-03T01:32:11.335Z,2048,39.62912921,-104.99878376,1757.782,29.1,-14.3,-23.3,10.50,17
2024-08-03T01:32:11.368Z,2049,39.62913038,-104.99877973,1757.782,29.3,-14.3,-23.1,10.49,17
2024-08-03T01:32:11.401Z,2050,39.62913155,-104.99877573,1757.782,29.4,-14.3,-22.9,10.47,17
2024-08-03T01:32:11.435Z,2051,39.62913248,-104.99877246,1757.782,29.6,-14.3,-22.7,10.46,17
2024-08-03T01:32:11.468Z,2052,39.62913341,-104.99876919,1757.782,29.7,-14.3,-22.6,10.45,17
2024-08-03T01:32:11.501Z,2053,39.62913435,-104.99876588,1757.782,29.9,-14.3,-22.4,10.44,17
2024-08-03T01:32:11.535Z,2054,39.62913552,-104.99876181,1757.782,30.1,-14.3,-22.2,10.46,17
2024-08-03T01:32:11.568Z,2055,39.62913668,-104.99875773,1757.782,30.3,-14.3,-22.1,10.48,17
2024-08-03T01:32:11.601Z,2056,39.62913784,-104.99875367,1757.782,30.5,-14.3,-21.9,10.50,17
2024-08-03T01:32:11.635Z,2057,39.62913888,-104.99874977,1757.782,30.7,-14.3,-21.7,10.49,17
2024-08-03T01:32:11.668Z,2058,39.62913993,-104.99874587,1757.782,30.9,-14.3,-21.5,10.48,17
2024-08-03T01:32:11.702Z,2059,39.62914097,-104.99874198,1757.782,31.1,-14.3,-21.3,10.47,17
2024-08-03T01:32:11.735Z,2060,39.62914195,-104.99873831,1757.782,31.3,-14.3,-21.1,10.49,17
2024-08-03T01:32:11.768Z,2061,39.62914293,-104.99873464,1757.782,31.4,-14.3,-21.0,10.51,17
2024-08-03T01:32:11.802Z,2062,39.62914392,-104.99873094,1757.782,31.6,-14.3,-20.8,10.53,17
2024-08-03T01:32:11.835Z,2063,39.62914495,-104.99872683,1757.782,31.8,-14.3,-20.6,10.52,17
2024-08-03T01:32:11.868Z,2064,39.62914598,-104.99872273,1757.782,32.0,-14.3,-20.5,10.51,17
2024-08-03T01:32:11.902Z,2065,39.62914701,-104.99871865,1757.782,32.2,-14.3,-20.3,10.50,17
2024-08-03T01:32:11.935Z,2066,39.62914796,-104.99871495,1757.782,32.4,-14.3,-20.1,10.49,17
2024-08-03T01:32:11.968Z,2067,39.62914890,-104.99871124,1757.782,32.5,-14.3,-20.0,10.48,17
2024-08-03T01:32:12.002Z,2068,39.62914985,-104.99870750,1757.782,32.7,-14.3,-19.8,10.47,17
2024-08-03T01:32:12.035Z,2069,39.62915087,-104.99870319,1757.782,32.9,-14.3,-19.6,10.46,17
2024-08-03T01:32:12.069Z,2070,39.62915188,-104.99869889,1757.782,33.0,-14.3,-19.5,10.45,17
2024-08-03T01:32:12.102Z,2071,39.62915289,-104.99869461,1757.782,33.2,-14.3,-19.3,10.44,17
2024-08-03T01:32:12.135Z,2072,39.62915383,-104.99869068,1757.782,33.4,-14.3,-19.1,10.43,17
2024-08-03T01:32:12.169Z,2073,39.62915478,-104.99868674,1757.782,33.6,-14.3,-19.0,10.42,17
2024-08-03T01:32:12.202Z,2074,39.62915571,-104.99868283,1757.782,33.8,-14.3,-18.8,10.41,17
2024-08-03T01:32:12.235Z,2075,39.62915650,-104.99867929,1757.782,34.0,-14.3,-18.6,10.44,17
2024-08-03T01:32:12.269Z,2076,39.62915728,-104.99867576,1757.782,34.1,-14.3,-18.5,10.46,17
2024-08-03T01:32:12.302Z,2077,39.62915809,-104.99867214,1757.782,34.3,-14.3,-18.3,10.48,17
2024-08-03T01:32:12.336Z,2078,39.62915908,-104.99866760,1757.782,34.5,-14.3,-18.1,10.47,17
2024-08-03T01:32:12.369Z,2079,39.62916007,-104.99866307,1757.782,34.6,-14.3,-18.0,10.46,17
2024-08-03T01:32:12.402Z,2080,39.62916104,-104.99865859,1757.782,34.8,-14.3,-17.8,10.45,17
2024-08-03T01:32:12.436Z,2081,39.62916181,-104.99865486,1757.782,35.1,-14.3,-17.6,10.45,17
2024-08-03T01:32:12.469Z,2082,39.62916258,-104.99865112,1757.782,35.3,-14.3,-17.4,10.44,17
2024-08-03T01:32:12.502Z,2083,39.62916336,-104.99864738,1757.782,35.5,-14.3,-17.2,10.43,17
2024-08-03T01:32:12.536Z,2084,39.62916412,-104.99864365,1757.782,35.8,-14.3,-17.0,10.42,17
2024-08-03T01:32:12.569Z,2085,39.62916489,-104.99863991,1757.782,36.0,-14.3,-16.9,10.41,17
2024-08-03T01:32:12.602Z,2086,39.62916566,-104.99863615,1757.782,36.2,-14.3,-16.7,10.40,17
2024-08-03T01:32:12.636Z,2087,39.62916641,-104.99863222,1757.782,36.5,-14.3,-16.5,10.40,17
2024-08-03T01:32:12.669Z,2088,39.62916716,-104.99862828,1757.782,36.8,-14.3,-16.3,10.39,17
2024-08-03T01:32:12.703Z,2089,39.62916792,-104.99862430,1757.782,37.0,-14.3,-16.1,10.38,17
2024-08-03T01:32:12.736Z,2090,39.62916869,-104.99861993,1757.782,37.2,-14.3,-15.9,10.34,17
2024-08-03T01:32:12.769Z,2091,39.62916947,-104.99861556,1757.782,37.3,-14.3,-15.7,10.30,17
2024-08-03T01:32:12.803Z,2092,39.62917023,-104.99861123,1757.782,37.5,-14.3,-15.5,10.26,17
2024-08-03T01:32:12.836Z,2093,39.62917090,-104.99860733,1757.782,37.8,-14.3,-15.3,10.22,17
2024-08-03T01:32:12.869Z,2094,39.62917157,-104.99860343,1757.782,38.1,-14.3,-15.2,10.18,17
2024-08-03T01:32:12.903Z,2095,39.62917223,-104.99859959,1757.782,38.4,-14.3,-15.0,10.14,17
2024-08-03T01:32:12.936Z,2096,39.62917279,-104.99859639,1757.782,38.6,-14.3,-14.8,10.09,17
2024-08-03T01:32:12.969Z,2097,39.62917335,-104.99859318,1757.782,38.7,-14.3,-14.6,10.04,17
2024-08-03T01:32:13.003Z,2098,39.62917391,-104.99858992,1757.782,38.9,-14.3,-14.4,10.00,17
2024-08-03T01:32:13.036Z,2099,39.62917451,-104.99858608,1757.782,39.1,-14.3,-14.2,9.96,17
2024-08-03T01:32:13.070Z,2100,39.62917510,-104.99858224,1757.782,39.3,-14.3,-14.0,9.92,17
2024-08-03T01:32:13.103Z,2101,39.62917571,-104.99857837,1757.782,39.5,-14.3,-13.9,9.88,17
2024-08-03T01:32:13.136Z,2102,39.62917638,-104.99857420,1757.782,39.7,-14.3,-13.7,9.88,17
2024-08-03T01:32:13.170Z,2103,39.62917706,-104.99857003,1757.782,39.9,-14.3,-13.5,9.87,17
2024-08-03T01:32:13.203Z,2104,39.62917772,-104.99856590,1757.782,40.0,-14.3,-13.4,9.86,17
2024-08-03T01:32:13.236Z,2105,39.62917826,-104.99856217,1757.782,40.2,-14.3,-13.2,9.82,17
2024-08-03T01:32:13.270Z,2106,39.62917881,-104.99855843,1757.782,40.4,-14.3,-13.0,9.78,17
2024-08-03T01:32:13.303Z,2107,39.62917934,-104.99855474,1757.782,40.5,-14.3,-12.9,9.75,17
2024-08-03T01:32:13.337Z,2108,39.62917981,-104.99855140,1757.782,40.7,-14.3,-12.7,9.71,17
2024-08-03T01:32:13.370Z,2109,39.62918028,-104.99854806,1757.782,40.9,-14.3,-12.5,9.67,17
2024-08-03T01:32:13.403Z,2110,39.62918074,-104.99854469,1757.782,41.1,-14.3,-12.3,9.63,17
2024-08-03T01:32:13.437Z,2111,39.62918123,-104.99854102,1757.782,41.3,-14.3,-12.1,9.56,17
2024-08-03T01:32:13.470Z,2112,39.62918171,-104.99853735,1757.782,41.5,-14.3,-11.9,9.49,17
2024-08-03T01:32:13.503Z,2113,39.62918220,-104.99853365,1757.782,41.6,-14.3,-11.8,9.43,17
2024-08-03T01:32:13.537Z,2114,39.62918268,-104.99852978,1757.782,41.9,-14.3,-11.6,9.39,17
2024-08-03T01:32:13.570Z,2115,39.62918317,-104.99852591,1757.782,42.1,-14.3,-11.4,9.36,17
2024-08-03T01:32:13.603Z,2116,39.62918365,-104.99852208,1757.782,42.3,-14.3,-11.3,9.31,17
2024-08-03T01:32:13.637Z,2117,39.62918411,-104.99851855,1757.782,42.5,-14.3,-11.1,9.25,17
2024-08-03T01:32:13.670Z,2118,39.62918456,-104.99851501,1757.782,42.7,-14.3,-10.9,9.18,17
2024-08-03T01:32:13.704Z,2119,39.62918502,-104.99851144,1757.782,42.8,-14.3,-10.7,9.12,17
2024-08-03T01:32:13.737Z,2120,39.62918551,-104.99850760,1757.782,43.0,-14.3,-10.5,9.08,17
2024-08-03T01:32:13.770Z,2121,39.62918600,-104.99850376,1757.782,43.2,-14.3,-10.3,9.04,17
2024-08-03T01:32:13.804Z,2122,39.62918648,-104.99850002,1757.782,43.4,-14.3,-10.2,9.00,17
2024-08-03T01:32:13.837Z,2123,39.62918685,-104.99849691,1757.782,43.6,-14.3,-10.0,8.94,17
2024-08-03T01:32:13.870Z,2124,39.62918722,-104.99849381,1757.782,43.7,-14.3,-9.8,8.87,17
2024-08-03T01:32:13.904Z,2125,39.62918760,-104.99849065,1757.782,43.8,-14.3,-9.7,8.80,17
2024-08-03T01:32:13.937Z,2126,39.62918810,-104.99848708,1757.782,44.0,-14.3,-9.5,8.74,17
2024-08-03T01:32:13.970Z,2127,39.62918860,-104.99848351,1757.782,44.2,-14.3,-9.3,8.67,17
2024-08-03T01:32:14.004Z,2128,39.62918909,-104.99847997,1757.782,44.3,-14.3,-9.2,8.61,17
2024-08-03T01:32:14.037Z,2129,39.62918950,-104.99847670,1757.782,44.5,-14.3,-9.0,8.57,17
2024-08-03T01:32:14.071Z,2130,39.62918991,-104.99847344,1757.782,44.7,-14.3,-8.8,8.53,17
2024-08-03T01:32:14.104Z,2131,39.62919033,-104.99847019,1757.782,44.9,-14.3,-8.7,8.49,17
2024-08-03T01:32:14.137Z,2132,39.62919075,-104.99846708,1757.782,45.1,-14.3,-8.5,8.43,17
2024-08-03T01:32:14.171Z,2133,39.62919117,-104.99846398,1757.782,45.3,-14.3,-8.3,8.36,17
2024-08-03T01:32:14.204Z,2134,39.62919159,-104.99846085,1757.782,45.5,-14.3,-8.2,8.29,17
2024-08-03T01:32:14.237Z,2135,39.62919200,-104.99845751,1757.782,45.7,-14.3,-8.0,8.23,17
2024-08-03T01:32:14.271Z,2136,39.62919242,-104.99845417,1757.782,45.8,-14.3,-7.8,8.16,17
2024-08-03T01:32:14.304Z,2137,39.62919283,-104.99845092,1757.782,45.9,-14.3,-7.7,8.10,17
2024-08-03T01:32:14.338Z,2138,39.62919322,-104.99844815,1757.782,46.1,-14.3,-7.5,8.03,17
2024-08-03T01:32:14.371Z,2139,39.62919360,-104.99844538,1757.782,46.3,-14.3,-7.3,7.96,17
2024-08-03T01:32:14.404Z,2140,39.62919399,-104.99844253,1757.782,46.5,-14.3,-7.2,7.90,17
2024-08-03T01:32:14.438Z,2141,39.62919440,-104.99843919,1757.782,46.7,-14.3,-7.0,7.86,17
2024-08-03T01:32:14.471Z,2142,39.62919481,-104.99843585,1757.782,46.9,-14.3,-6.9,7.83,17
2024-08-03T01:32:14.504Z,2143,39.62919522,-104.99843258,1757.782,47.0,-14.3,-6.8,7.78,17
2024-08-03T01:32:14.538Z,2144,39.62919560,-104.99842971,1757.782,47.2,-14.3,-6.6,7.72,17
2024-08-03T01:32:14.571Z,2145,39.62919599,-104.99842684,1757.782,47.4,-14.3,-6.4,7.65,17
2024-08-03T01:32:14.604Z,2146,39.62919638,-104.99842397,1757.782,47.5,-14.3,-6.3,7.59,17
2024-08-03T01:32:14.638Z,2147,39.62919675,-104.99842103,1757.782,47.7,-14.3,-6.1,7.56,17
2024-08-03T01:32:14.671Z,2148,39.62919712,-104.99841809,1757.782,47.9,-14.3,-5.9,7.52,17
2024-08-03T01:32:14.705Z,2149,39.62919750,-104.99841513,1757.782,48.1,-14.3,-5.8,7.49,17
2024-08-03T01:32:14.738Z,2150,39.62919789,-104.99841203,1757.782,48.3,-14.3,-5.6,7.41,17
2024-08-03T01:32:14.771Z,2151,39.62919828,-104.99840893,1757.782,48.4,-14.3,-5.4,7.34,17
2024-08-03T01:32:14.805Z,2152,39.62919866,-104.99840591,1757.782,48.5,-14.3,-5.3,7.28,17
2024-08-03T01:32:14.838Z,2153,39.62919896,-104.99840341,1757.782,48.7,-14.3,-5.1,7.25,17
2024-08-03T01:32:14.871Z,2154,39.62919927,-104.99840091,1757.782,48.9,-14.3,-4.9,7.21,17
2024-08-03T01:32:14.905Z,2155,39.62919958,-104.99839839,1757.782,49.0,-14.3,-4.8,7.17,17
2024-08-03T01:32:14.938Z,2156,39.62919993,-104.99839579,1757.782,49.2,-14.3,-4.6,7.11,17
2024-08-03T01:32:14.971Z,2157,39.62920028,-104.99839319,1757.782,49.4,-14.3,-4.4,7.04,17
2024-08-03T01:32:15.005Z,2158,39.62920062,-104.99839057,1757.782,49.6,-14.3,-4.3,6.98,17
2024-08-03T01:32:15.038Z,2159,39.62920095,-104.99838790,1757.782,49.8,-14.3,-4.1,6.95,17
2024-08-03T01:32:15.072Z,2160,39.62920128,-104.99838523,1757.782,49.9,-14.3,-3.9,6.92,17
2024-08-03T01:32:15.105Z,2161,39.62920163,-104.99838252,1757.782,50.0,-14.3,-3.8,6.88,17
2024-08-03T01:32:15.138Z,2162,39.62920205,-104.99837959,1757.782,50.2,-14.3,-3.6,6.81,17
2024-08-03T01:32:15.172Z,2163,39.62920246,-104.99837665,1757.782,50.4,-14.3,-3.4,6.75,17
2024-08-03T01:32:15.205Z,2164,39.62920287,-104.99837377,1757.782,50.5,-14.3,-3.3,6.69,17
2024-08-03T01:32:15.238Z,2165,39.62920320,-104.99837120,1757.782,50.7,-14.3,-3.1,6.65,17
2024-08-03T01:32:15.272Z,2166,39.62920354,-104.99836864,1757.782,50.9,-14.3,-3.0,6.62,17
2024-08-03T01:32:15.305Z,2167,39.62920386,-104.99836612,1757.782,51.0,-14.3,-2.9,6.58,17
2024-08-03T01:32:15.339Z,2168,39.62920412,-104.99836385,1757.782,51.2,-14.3,-2.7,6.51,17
2024-08-03T01:32:15.372Z,2169,39.62920438,-104.99836158,1757.782,51.3,-14.3,-2.5,6.44,17
2024-08-03T01:32:15.405Z,2170,39.62920465,-104.99835928,1757.782,51.4,-14.3,-2.4,6.37,17
2024-08-03T01:32:15.439Z,2171,39.62920496,-104.99835681,1757.782,51.6,-14.3,-2.2,6.34,17
2024-08-03T01:32:15.472Z,2172,39.62920527,-104.99835434,1757.782,51.8,-14.3,-2.0,6.31,17
2024-08-03T01:32:15.505Z,2173,39.62920558,-104.99835190,1757.782,51.9,-14.3,-1.9,6.27,17
2024-08-03T01:32:15.539Z,2174,39.62920586,-104.99834963,1757.782,52.1,-14.3,-1.7,6.20,17
2024-08-03T01:32:15.572Z,2175,39.62920615,-104.99834737,1757.782,52.3,-14.3,-1.5,6.14,17
2024-08-03T01:32:15.605Z,2176,39.62920644,-104.99834504,1757.782,52.4,-14.3,-1.4,6.08,17
2024-08-03T01:32:15.639Z,2177,39.62920675,-104.99834243,1757.782,52.6,-14.3,-1.2,6.04,17
2024-08-03T01:32:15.672Z,2178,39.62920706,-104.99833983,1757.782,52.8,-14.3,-1.0,6.01,17
2024-08-03T01:32:15.706Z,2179,39.62920737,-104.99833731,1757.782,52.9,-14.3,-0.9,5.97,17
2024-08-03T01:32:15.739Z,2180,39.62920768,-104.99833514,1757.782,53.1,-14.3,-0.7,5.90,17
2024-08-03T01:32:15.772Z,2181,39.62920799,-104.99833297,1757.782,53.3,-14.3,-0.5,5.83,17
2024-08-03T01:32:15.806Z,2182,39.62920831,-104.99833072,1757.782,53.4,-14.3,-0.4,5.76,17
2024-08-03T01:32:15.839Z,2183,39.62920863,-104.99832812,1757.782,53.6,-14.3,-0.2,5.73,17
2024-08-03T01:32:15.872Z,2184,39.62920895,-104.99832552,1757.782,53.8,-14.3,-0.0,5.70,17
2024-08-03T01:32:15.906Z,2185,39.62920926,-104.99832302,1757.782,53.9,-14.3,0.1,5.66,17
2024-08-03T01:32:15.939Z,2186,39.62920952,-104.99832098,1757.782,54.1,-14.3,0.3,5.59,17
2024-08-03T01:32:15.972Z,2187,39.62920978,-104.99831895,1757.782,54.3,-14.3,0.5,5.52,17
2024-08-03T01:32:16.006Z,2188,39.62921003,-104.99831694,1757.782,54.5,-14.3,0.7,5.45,17
2024-08-03T01:32:16.039Z,2189,39.62921025,-104.99831504,1757.782,54.7,-14.3,0.9,5.42,17
2024-08-03T01:32:16.073Z,2190,39.62921046,-104.99831313,1757.782,54.8,-14.3,1.1,5.39,17
2024-08-03T01:32:16.106Z,2191,39.62921069,-104.99831121,1757.782,54.9,-14.3,1.2,5.35,17
2024-08-03T01:32:16.139Z,2192,39.62921093,-104.99830921,1757.782,55.1,-14.3,1.4,5.28,17
2024-08-03T01:32:16.173Z,2193,39.62921117,-104.99830721,1757.782,55.3,-14.3,1.6,5.20,17
2024-08-03T01:32:16.206Z,2194,39.62921142,-104.99830519,1757.782,55.5,-14.3,1.8,5.14,17
2024-08-03T01:32:16.239Z,2195,39.62921165,-104.99830309,1757.782,55.7,-14.3,2.0,5.11,17
2024-08-03T01:32:16.273Z,2196,39.62921188,-104.99830098,1757.782,55.9,-14.3,2.2,5.08,17
2024-08-03T01:32:16.306Z,2197,39.62921212,-104.99829887,1757.782,56.0,-14.3,2.3,5.04,17
2024-08-03T01:32:16.340Z,2198,39.62921239,-104.99829670,1757.782,56.2,-14.3,2.5,4.97,17
2024-08-03T01:32:16.373Z,2199,39.62921265,-104.99829453,1757.782,56.4,-14.3,2.7,4.90,17
2024-08-03T01:32:16.406Z,2200,39.62921290,-104.99829244,1757.782,56.5,-14.3,2.9,4.84,17
2024-08-03T01:32:16.440Z,2201,39.62921310,-104.99829067,1757.782,56.8,-14.3,3.1,4.77,17
2024-08-03T01:32:16.473Z,2202,39.62921329,-104.99828891,1757.782,57.0,-14.3,3.3,4.70,17
2024-08-03T01:32:16.506Z,2203,39.62921349,-104.99828716,1757.782,57.2,-14.3,3.5,4.63,17
2024-08-03T01:32:16.540Z,2204,39.62921366,-104.99828549,1757.782,57.4,-14.3,3.7,4.60,17
2024-08-03T01:32:16.573Z,2205,39.62921383,-104.99828382,1757.782,57.6,-14.3,3.9,4.57,17
2024-08-03T01:32:16.606Z,2206,39.62921401,-104.99828214,1757.782,57.7,-14.3,4.1,4.53,17
2024-08-03T01:32:16.640Z,2207,39.62921421,-104.99828040,1757.782,57.9,-14.3,4.3,4.46,17
2024-08-03T01:32:16.673Z,2208,39.62921441,-104.99827867,1757.782,58.1,-14.3,4.5,4.39,17
2024-08-03T01:32:16.707Z,2209,39.62921461,-104.99827691,1757.782,58.2,-14.3,4.7,4.33,17
2024-08-03T01:32:16.740Z,2210,39.62921480,-104.99827508,1757.782,58.4,-14.3,4.9,4.26,17
2024-08-03T01:32:16.773Z,2211,39.62921498,-104.99827324,1757.782,58.6,-14.3,5.1,4.20,17
2024-08-03T01:32:16.807Z,2212,39.62921516,-104.99827149,1757.782,58.7,-14.3,5.3,4.14,17
2024-08-03T01:32:16.840Z,2213,39.62921532,-104.99827002,1757.782,58.9,-14.3,5.6,4.10,17
2024-08-03T01:32:16.873Z,2214,39.62921548,-104.99826855,1757.782,59.1,-14.3,5.8,4.07,17
2024-08-03T01:32:16.907Z,2215,39.62921565,-104.99826709,1757.782,59.4,-14.3,6.0,4.03,17
2024-08-03T01:32:16.940Z,2216,39.62921583,-104.99826565,1757.782,59.6,-14.3,6.2,3.96,17
2024-08-03T01:32:16.973Z,2217,39.62921600,-104.99826422,1757.782,59.8,-14.3,6.4,3.90,17
2024-08-03T01:32:17.007Z,2218,39.62921618,-104.99826275,1757.782,60.0,-14.3,6.7,3.84,17
2024-08-03T01:32:17.040Z,2219,39.62921635,-104.99826115,1757.782,60.2,-14.3,6.9,3.81,17
2024-08-03T01:32:17.074Z,2220,39.62921653,-104.99825954,1757.782,60.4,-14.3,7.1,3.77,17
2024-08-03T01:32:17.107Z,2221,39.62921672,-104.99825797,1757.759,60.7,-14.3,7.4,3.73,17
2024-08-03T01:32:17.140Z,2222,39.62921698,-104.99825650,1757.657,60.9,-14.3,7.6,3.67,17
2024-08-03T01:32:17.174Z,2223,39.62921725,-104.99825504,1757.556,61.1,-14.3,7.8,3.60,17
2024-08-03T01:32:17.207Z,2224,39.62921750,-104.99825360,1757.477,61.4,-14.3,8.1,3.54,17
2024-08-03T01:32:17.240Z,2225,39.62921772,-104.99825226,1757.477,61.6,-14.3,8.3,3.47,17
2024-08-03T01:32:17.274Z,2226,39.62921793,-104.99825093,1757.477,61.8,-14.3,8.5,3.40,17
2024-08-03T01:32:17.307Z,2227,39.62921814,-104.99824963,1757.477,62.0,-14.3,8.8,3.35,17
2024-08-03T01:32:17.341Z,2228,39.62921833,-104.99824846,1757.477,62.2,-14.3,9.0,3.32,17
2024-08-03T01:32:17.374Z,2229,39.62921852,-104.99824730,1757.477,62.4,-14.3,9.2,3.30,17
2024-08-03T01:32:17.407Z,2230,39.62921872,-104.99824608,1757.477,62.6,-14.3,9.5,3.26,17
2024-08-03T01:32:17.441Z,2231,39.62921897,-104.99824471,1757.477,62.8,-14.3,9.7,3.20,17
2024-08-03T01:32:17.474Z,2232,39.62921922,-104.99824335,1757.477,63.0,-14.3,9.9,3.13,17
2024-08-03T01:32:17.507Z,2233,39.62921946,-104.99824204,1757.477,63.3,-14.3,10.2,3.07,17
2024-08-03T01:32:17.541Z,2234,39.62921969,-104.99824094,1757.477,63.5,-14.3,10.4,3.05,17
2024-08-03T01:32:17.574Z,2235,39.62921992,-104.99823984,1757.477,63.8,-14.3,10.6,3.03,17
2024-08-03T01:32:17.607Z,2236,39.62922014,-104.99823877,1757.477,64.1,-14.3,10.9,3.00,17
2024-08-03T01:32:17.641Z,2237,39.62922038,-104.99823780,1757.477,64.3,-14.3,11.1,2.94,17
2024-08-03T01:32:17.674Z,2238,39.62922061,-104.99823683,1757.477,64.5,-14.3,11.3,2.89,17
2024-08-03T01:32:17.708Z,2239,39.62922086,-104.99823579,1757.477,64.7,-14.3,11.6,2.84,17
2024-08-03T01:32:17.741Z,2240,39.62922121,-104.99823449,1757.477,64.9,-14.3,11.8,2.81,17
2024-08-03T01:32:17.774Z,2241,39.62922157,-104.99823318,1757.477,65.1,-14.3,12.0,2.78,17
2024-08-03T01:32:17.808Z,2242,39.62922190,-104.99823196,1757.477,65.4,-14.3,12.3,2.75,17
2024-08-03T01:32:17.841Z,2243,39.62922221,-104.99823100,1757.477,65.6,-14.3,12.5,2.73,17
2024-08-03T01:32:17.874Z,2244,39.62922252,-104.99823003,1757.477,65.9,-14.3,12.7,2.71,17
2024-08-03T01:32:17.908Z,2245,39.62922284,-104.99822906,1757.477,66.2,-14.3,13.0,2.68,17
2024-08-03T01:32:17.941Z,2246,39.62922320,-104.99822809,1757.477,66.4,-14.3,13.2,2.63,17
2024-08-03T01:32:17.974Z,2247,39.62922355,-104.99822713,1757.477,66.7,-14.3,13.4,2.59,17
2024-08-03T01:32:18.008Z,2248,39.62922390,-104.99822619,1757.477,67.0,-14.3,13.7,2.55,17
2024-08-03T01:32:18.041Z,2249,39.62922424,-104.99822536,1757.477,67.2,-14.3,13.9,2.53,17
2024-08-03T01:32:18.075Z,2250,39.62922458,-104.99822452,1757.477,67.4,-14.3,14.1,2.52,17
2024-08-03T01:32:18.108Z,2251,39.62922493,-104.99822369,1757.477,67.7,-14.3,14.4,2.50,17
2024-08-03T01:32:18.141Z,2252,39.62922532,-104.99822285,1757.477,67.9,-14.3,14.6,2.49,17
2024-08-03T01:32:18.175Z,2253,39.62922571,-104.99822202,1757.477,68.1,-14.3,14.8,2.48,17
2024-08-03T01:32:18.208Z,2254,39.62922612,-104.99822116,1757.477,68.3,-14.3,15.1,2.47,17
2024-08-03T01:32:18.241Z,2255,39.62922661,-104.99822023,1757.477,68.5,-14.3,15.3,2.46,17
2024-08-03T01:32:18.275Z,2256,39.62922710,-104.99821929,1757.477,68.7,-14.3,15.5,2.45,17
2024-08-03T01:32:18.308Z,2257,39.62922758,-104.99821838,1757.477,69.0,-14.3,15.8,2.44,17
2024-08-03T01:32:18.342Z,2258,39.62922806,-104.99821755,1757.477,69.2,-14.3,16.0,2.43,17
2024-08-03T01:32:18.375Z,2259,39.62922853,-104.99821672,1757.477,69.4,-14.3,16.2,2.43,17
2024-08-03T01:32:18.408Z,2260,39.62922900,-104.99821593,1757.477,69.7,-14.3,16.4,2.42,17
2024-08-03T01:32:18.442Z,2261,39.62922946,-104.99821526,1757.477,69.9,-14.3,16.6,2.42,17
2024-08-03T01:32:18.475Z,2262,39.62922991,-104.99821459,1757.477,70.1,-14.3,16.8,2.41,17
2024-08-03T01:32:18.508Z,2263,39.62923037,-104.99821393,1757.477,70.4,-14.3,17.1,2.41,17
2024-08-03T01:32:18.542Z,2264,39.62923084,-104.99821330,1757.477,70.6,-14.3,17.3,2.41,17
2024-08-03T01:32:18.575Z,2265,39.62923130,-104.99821266,1757.477,70.8,-14.3,17.5,2.41,17
2024-08-03T01:32:18.608Z,2266,39.62923178,-104.99821202,1757.477,71.1,-14.3,17.8,2.40,17
2024-08-03T01:32:18.642Z,2267,39.62923231,-104.99821135,1757.477,71.3,-14.3,18.0,2.41,17
2024-08-03T01:32:18.675Z,2268,39.62923284,-104.99821069,1757.477,71.5,-14.3,18.2,2.41,17
2024-08-03T01:32:18.709Z,2269,39.62923336,-104.99821006,1757.477,71.8,-14.3,18.5,2.41,17
2024-08-03T01:32:18.742Z,2270,39.62923385,-104.99820952,1757.477,72.0,-14.3,18.7,2.41,17
2024-08-03T01:32:18.775Z,2271,39.62923434,-104.99820899,1757.477,72.3,-14.3,18.9,2.42,17
2024-08-03T01:32:18.809Z,2272,39.62923487,-104.99820843,1757.477,72.6,-14.3,19.2,2.42,17
2024-08-03T01:32:18.842Z,2273,39.62923554,-104.99820779,1757.477,72.8,-14.3,19.4,2.43,17
2024-08-03T01:32:18.875Z,2274,39.62923620,-104.99820716,1757.477,73.1,-14.3,19.6,2.44,17
2024-08-03T01:32:18.909Z,2275,39.62923684,-104.99820655,1757.477,73.4,-14.3,19.9,2.44,17
2024-08-03T01:32:18.942Z,2276,39.62923741,-104.99820602,1757.477,73.6,-14.3,20.1,2.45,17
2024-08-03T01:32:18.975Z,2277,39.62923798,-104.99820548,1757.477,73.9,-14.3,20.3,2.46,17
2024-08-03T01:32:19.009Z,2278,39.62923857,-104.99820496,1757.477,74.2,-14.3,20.6,2.47,17
2024-08-03T01:32:19.042Z,2279,39.62923922,-104.99820446,1757.477,74.4,-14.3,20.8,2.49,17
2024-08-03T01:32:19.076Z,2280,39.62923987,-104.99820396,1757.477,74.6,-14.3,21.0,2.50,17
2024-08-03T01:32:19.109Z,2281,39.62924052,-104.99820346,1757.506,74.9,-14.3,21.3,2.51,18
2024-08-03T01:32:19.142Z,2282,39.62924119,-104.99820296,1757.607,75.1,-14.3,21.5,2.52,18
2024-08-03T01:32:19.176Z,2283,39.62924186,-104.99820246,1757.709,75.3,-14.3,21.7,2.54,18
2024-08-03T01:32:19.209Z,2284,39.62924253,-104.99820198,1757.782,75.6,-14.3,22.0,2.56,18
2024-08-03T01:32:19.242Z,2285,39.62924321,-104.99820154,1757.782,75.8,-14.3,22.2,2.59,18
2024-08-03T01:32:19.276Z,2286,39.62924388,-104.99820111,1757.782,76.0,-14.3,22.4,2.62,18
2024-08-03T01:32:19.309Z,2287,39.62924461,-104.99820066,1757.782,76.3,-14.3,22.7,2.65,18
2024-08-03T01:32:19.343Z,2288,39.62924550,-104.99820015,1757.782,76.5,-14.3,22.9,2.66,18
2024-08-03T01:32:19.376Z,2289,39.62924638,-104.99819965,1757.782,76.7,-14.3,23.1,2.68,18
2024-08-03T01:32:19.409Z,2290,39.62924722,-104.99819918,1757.782,77.0,-14.3,23.4,2.70,18
2024-08-03T01:32:19.443Z,2291,39.62924796,-104.99819878,1757.782,77.2,-14.3,23.6,2.73,18
2024-08-03T01:32:19.476Z,2292,39.62924871,-104.99819838,1757.782,77.4,-14.3,23.8,2.76,18
2024-08-03T01:32:19.509Z,2293,39.62924947,-104.99819798,1757.782,77.7,-14.3,24.1,2.80,18
2024-08-03T01:32:19.543Z,2294,39.62925028,-104.99819758,1757.782,77.9,-14.3,24.3,2.85,18
2024-08-03T01:32:19.576Z,2295,39.62925109,-104.99819718,1757.782,78.1,-14.3,24.5,2.90,18
2024-08-03T01:32:19.609Z,2296,39.62925190,-104.99819680,1757.782,78.4,-14.3,24.8,2.95,18
2024-08-03T01:32:19.643Z,2297,39.62925272,-104.99819647,1757.782,78.6,-14.3,25.0,2.98,18
2024-08-03T01:32:19.676Z,2298,39.62925353,-104.99819613,1757.782,78.8,-14.3,25.2,3.01,18
2024-08-03T01:32:19.710Z,2299,39.62925440,-104.99819578,1757.782,79.1,-14.3,25.5,3.04,18
2024-08-03T01:32:19.743Z,2300,39.62925540,-104.99819538,1757.782,79.3,-14.3,25.7,3.07,18
2024-08-03T01:32:19.776Z,2301,39.62925640,-104.99819498,1757.782,79.5,-14.3,25.9,3.09,18
2024-08-03T01:32:19.810Z,2302,39.62925737,-104.99819461,1757.782,79.8,-14.3,26.2,3.11,18
2024-08-03T01:32:19.843Z,2303,39.62925827,-104.99819431,1757.782,80.0,-14.3,26.4,3.15,18
2024-08-03T01:32:19.876Z,2304,39.62925917,-104.99819401,1757.782,80.3,-14.3,26.6,3.18,18
2024-08-03T01:32:19.910Z,2305,39.62926008,-104.99819369,1757.782,80.6,-14.3,26.9,3.21,18
2024-08-03T01:32:19.943Z,2306,39.62926103,-104.99819332,1757.782,80.8,-14.3,27.1,3.24,18
2024-08-03T01:32:19.976Z,2307,39.62926198,-104.99819295,1757.782,81.0,-14.3,27.3,3.28,18
2024-08-03T01:32:20.010Z,2308,39.62926294,-104.99819260,1757.782,81.3,-14.3,27.6,3.31,18
2024-08-03T01:32:20.043Z,2309,39.62926395,-104.99819226,1757.782,81.5,-14.3,27.8,3.33,18
2024-08-03T01:32:20.077Z,2310,39.62926497,-104.99819193,1757.782,81.7,-14.3,28.0,3.36,18
2024-08-03T01:32:20.110Z,2311,39.62926598,-104.99819160,1757.782,82.0,-14.3,28.3,3.38,18
2024-08-03T01:32:20.143Z,2312,39.62926700,-104.99819126,1757.782,82.2,-14.3,28.5,3.42,18
2024-08-03T01:32:20.177Z,2313,39.62926802,-104.99819093,1757.782,82.4,-14.3,28.7,3.45,18
2024-08-03T01:32:20.210Z,2314,39.62926905,-104.99819062,1757.782,82.7,-14.3,29.0,3.48,18
2024-08-03T01:32:20.243Z,2315,39.62927011,-104.99819035,1757.782,82.9,-14.3,29.2,3.51,18
2024-08-03T01:32:20.277Z,2316,39.62927117,-104.99819008,1757.782,83.1,-14.3,29.4,3.55,18
2024-08-03T01:32:20.310Z,2317,39.62927220,-104.99818980,1757.782,83.4,-14.3,29.7,3.58,18
2024-08-03T01:32:20.344Z,2318,39.62927317,-104.99818950,1757.782,83.7,-14.3,29.9,3.61,18
2024-08-03T01:32:20.377Z,2319,39.62927414,-104.99818920,1757.782,83.9,-14.3,30.1,3.65,18
2024-08-03T01:32:20.410Z,2320,39.62927515,-104.99818891,1757.782,84.2,-14.3,30.4,3.68,18
2024-08-03T01:32:20.444Z,2321,39.62927624,-104.99818865,1757.782,84.4,-14.3,30.6,3.71,18
2024-08-03T01:32:20.477Z,2322,39.62927733,-104.99818838,1757.782,84.6,-14.3,30.8,3.74,18
2024-08-03T01:32:20.510Z,2323,39.62927845,-104.99818807,1757.782,84.9,-14.3,31.1,3.78,18
2024-08-03T01:32:20.544Z,2324,39.62927965,-104.99818767,1757.782,85.1,-14.3,31.3,3.81,18
2024-08-03T01:32:20.577Z,2325,39.62928085,-104.99818727,1757.782,85.3,-14.3,31.5,3.84,18
2024-08-03T01:32:20.610Z,2326,39.62928204,-104.99818690,1757.782,85.6,-14.3,31.8,3.87,18
2024-08-03T01:32:20.644Z,2327,39.62928319,-104.99818660,1757.782,85.8,-14.3,32.0,3.91,18
2024-08-03T01:32:20.677Z,2328,39.62928435,-104.99818630,1757.782,86.0,-14.3,32.2,3.94,18
2024-08-03T01:32:20.711Z,2329,39.62928551,-104.99818600,1757.782,86.2,-14.3,32.5,3.97,18
2024-08-03T01:32:20.744Z,2330,39.62928669,-104.99818570,1757.782,86.4,-14.3,32.7,4.01,18
2024-08-03T01:32:20.777Z,2331,39.62928787,-104.99818540,1757.782,86.6,-14.3,32.9,4.04,18
2024-08-03T01:32:20.811Z,2332,39.62928909,-104.99818509,1757.782,86.9,-14.3,33.2,4.07,18
2024-08-03T01:32:20.844Z,2333,39.62929039,-104.99818475,1757.782,87.2,-14.3,33.5,4.10,18
2024-08-03T01:32:20.877Z,2334,39.62929168,-104.99818442,1757.782,87.4,-14.3,33.7,4.14,18
2024-08-03T01:32:20.911Z,2335,39.62929298,-104.99818410,1757.782,87.7,-14.3,34.0,4.17,18
2024-08-03T01:32:20.944Z,2336,39.62929428,-104.99818380,1757.782,88.0,-14.3,34.2,4.20,18
2024-08-03T01:32:20.977Z,2337,39.62929558,-104.99818350,1757.782,88.3,-14.3,34.4,4.24,18
2024-08-03T01:32:21.011Z,2338,39.62929687,-104.99818319,1757.782,88.6,-14.3,34.7,4.27,18
2024-08-03T01:32:21.044Z,2339,39.62929813,-104.99818285,1757.782,88.9,-14.3,35.0,4.30,18
2024-08-03T01:32:21.078Z,2340,39.62929940,-104.99818252,1757.782,89.1,-14.3,35.2,4.33,18
2024-08-03T01:32:21.111Z,2341,39.62930061,-104.99818221,1757.782,89.4,-14.3,35.5,4.37,18
2024-08-03T01:32:21.144Z,2342,39.62930170,-104.99818194,1757.782,89.6,-14.3,35.7,4.41,18
2024-08-03T01:32:21.178Z,2343,39.62930279,-104.99818167,1757.782,89.8,-14.3,35.9,4.45,18
2024-08-03T01:32:21.211Z,2344,39.62930400,-104.99818137,1757.782,90.0,-14.3,36.2,4.48,18
2024-08-03T01:32:21.244Z,2345,39.62930541,-104.99818101,1757.782,90.3,-14.3,36.5,4.52,18
2024-08-03T01:32:21.278Z,2346,39.62930681,-104.99818064,1757.782,90.5,-14.3,36.7,4.55,18
2024-08-03T01:32:21.311Z,2347,39.62930828,-104.99818026,1757.782,90.8,-14.3,37.0,4.58,18
2024-08-03T01:32:21.345Z,2348,39.62930987,-104.99817986,1757.782,91.1,-14.3,37.2,4.61,18
2024-08-03T01:32:21.378Z,2349,39.62931146,-104.99817946,1757.782,91.3,-14.3,37.4,4.65,18
2024-08-03T01:32:21.411Z,2350,39.62931296,-104.99817908,1757.782,91.6,-14.3,37.7,4.68,18
2024-08-03T01:32:21.445Z,2351,39.62931429,-104.99817875,1757.782,91.8,-14.3,38.0,4.72,18
2024-08-03T01:32:21.478Z,2352,39.62931562,-104.99817842,1757.782,92.0,-14.3,38.2,4.76,18
2024-08-03T01:32:21.511Z,2353,39.62931697,-104.99817807,1757.782,92.3,-14.3,38.5,4.80,18
2024-08-03T01:32:21.545Z,2354,39.62931835,-104.99817770,1757.782,92.5,-14.3,38.7,4.83,18
2024-08-03T01:32:21.578Z,2355,39.62931973,-104.99817734,1757.782,92.8,-14.3,39.0,4.86,18
2024-08-03T01:32:21.611Z,2356,39.62932114,-104.99817696,1757.782,93.0,-14.3,39.2,4.89,18
2024-08-03T01:32:21.645Z,2357,39.62932260,-104.99817656,1757.782,93.3,-14.3,39.4,4.89,18
2024-08-03T01:32:21.678Z,2358,39.62932407,-104.99817616,1757.782,93.5,-14.3,39.7,4.90,18
2024-08-03T01:32:21.712Z,2359,39.62932558,-104.99817573,1757.782,93.8,-14.3,39.9,4.91,18
2024-08-03T01:32:21.745Z,2360,39.62932719,-104.99817526,1757.782,94.0,-14.3,40.1,4.95,18
2024-08-03T01:32:21.778Z,2361,39.62932880,-104.99817480,1757.782,94.3,-14.3,40.4,4.98,18
2024-08-03T01:32:21.812Z,2362,39.62933031,-104.99817435,1757.782,94.5,-14.3,40.6,5.01,18
2024-08-03T01:32:21.845Z,2363,39.62933165,-104.99817395,1757.782,94.7,-14.3,40.8,5.05,18
2024-08-03T01:32:21.878Z,2364,39.62933298,-104.99817355,1757.782,95.0,-14.3,41.1,5.08,18
2024-08-03T01:32:21.912Z,2365,39.62933435,-104.99817314,1757.782,95.2,-14.3,41.3,5.10,19
2024-08-03T01:32:21.945Z,2366,39.62933578,-104.99817271,1757.782,95.4,-14.3,41.5,5.11,19
2024-08-03T01:32:21.978Z,2367,39.62933721,-104.99817227,1757.782,95.7,-14.3,41.8,5.12,19
2024-08-03T01:32:22.012Z,2368,39.62933875,-104.99817180,1757.782,95.9,-14.3,42.0,5.13,19
2024-08-03T01:32:22.045Z,2369,39.62934046,-104.99817127,1757.782,96.2,-14.3,42.2,5.16,19
2024-08-03T01:32:22.079Z,2370,39.62934218,-104.99817073,1757.782,96.5,-14.3,42.5,5.20,19
2024-08-03T01:32:22.112Z,2371,39.62934382,-104.99817023,1757.782,96.8,-14.3,42.7,5.23,19
2024-08-03T01:32:22.145Z,2372,39.62934534,-104.99816976,1757.782,96.9,-14.3,42.9,5.27,19
2024-08-03T01:32:22.179Z,2373,39.62934685,-104.99816929,1757.782,97.1,-14.3,43.2,5.31,19
2024-08-03T01:32:22.212Z,2374,39.62934831,-104.99816882,1757.782,97.3,-14.3,43.4,5.35,19
2024-08-03T01:32:22.245Z,2375,39.62934971,-104.99816836,1757.782,97.5,-14.3,43.6,5.39,19
2024-08-03T01:32:22.279Z,2376,39.62935110,-104.99816789,1757.782,97.7,-14.3,43.9,5.43,19
2024-08-03T01:32:22.312Z,2377,39.62935268,-104.99816736,1757.782,97.9,-14.3,44.1,5.47,19
2024-08-03T01:32:22.346Z,2378,39.62935456,-104.99816673,1757.782,98.2,-14.3,44.3,5.50,19
2024-08-03T01:32:22.379Z,2379,39.62935643,-104.99816609,1757.782,98.5,-14.3,44.6,5.53,19
2024-08-03T01:32:22.412Z,2380,39.62935812,-104.99816552,1757.782,98.8,-14.3,44.8,5.57,19
2024-08-03T01:32:22.446Z,2381,39.62935952,-104.99816505,1757.782,99.1,-14.3,45.1,5.61,19
2024-08-03T01:32:22.479Z,2382,39.62936091,-104.99816459,1757.782,99.3,-14.3,45.3,5.65,19
2024-08-03T01:32:22.512Z,2383,39.62936247,-104.99816406,1757.782,99.6,-14.3,45.6,5.70,19
2024-08-03T01:32:22.546Z,2384,39.62936429,-104.99816342,1757.782,100.0,-14.3,45.8,5.78,19
2024-08-03T01:32:22.579Z,2385,39.62936612,-104.99816279,1757.782,100.3,-14.3,46.1,5.85,19
2024-08-03T01:32:22.612Z,2386,39.62936790,-104.99816215,1757.782,100.6,-14.3,46.3,5.91,19
2024-08-03T01:32:22.646Z,2387,39.62936961,-104.99816152,1757.782,100.8,-14.3,46.6,5.95,19
2024-08-03T01:32:22.679Z,2388,39.62937133,-104.99816089,1757.782,101.1,-14.3,46.8,5.99,19
2024-08-03T01:32:22.713Z,2389,39.62937316,-104.99816021,1757.782,101.3,-14.3,47.1,6.05,19
2024-08-03T01:32:22.746Z,2390,39.62937520,-104.99815948,1757.782,101.6,-14.3,47.4,6.12,19
2024-08-03T01:32:22.779Z,2391,39.62937723,-104.99815874,1757.782,101.9,-14.3,47.6,6.19,19
2024-08-03T01:32:22.813Z,2392,39.62937918,-104.99815801,1757.782,102.2,-14.3,47.9,6.25,19
2024-08-03T01:32:22.846Z,2393,39.62938101,-104.99815728,1757.782,102.4,-14.3,48.1,6.29,19
2024-08-03T01:32:22.879Z,2394,39.62938285,-104.99815654,1757.782,102.7,-14.3,48.4,6.34,19
2024-08-03T01:32:22.913Z,2395,39.62938466,-104.99815582,1757.782,102.9,-14.3,48.6,6.39,19
2024-08-03T01:32:22.946Z,2396,39.62938646,-104.99815512,1757.782,103.2,-14.3,48.9,6.46,19
2024-08-03T01:32:22.979Z,2397,39.62938825,-104.99815442,1757.782,103.4,-14.3,49.1,6.54,19
2024-08-03T01:32:23.013Z,2398,39.62939002,-104.99815372,1757.782,103.7,-14.3,49.4,6.60,19
2024-08-03T01:32:23.046Z,2399,39.62939173,-104.99815302,1757.782,103.9,-14.3,49.7,6.64,19
2024-08-03T01:32:23.080Z,2400,39.62939345,-104.99815232,1757.782,104.2,-14.3,49.9,6.68,19
2024-08-03T01:32:23.113Z,2401,39.62939527,-104.99815159,1757.782,104.4,-14.3,50.2,6.72,19
2024-08-03T01:32:23.146Z,2402,39.62939725,-104.99815082,1757.782,104.7,-14.3,50.5,6.76,19
2024-08-03T01:32:23.180Z,2403,39.62939922,-104.99815006,1757.782,105.0,-14.3,50.7,6.81,19
2024-08-03T01:32:23.213Z,2404,39.62940128,-104.99814921,1757.782,105.3,-14.3,51.0,6.85,19
2024-08-03T01:32:23.246Z,2405,39.62940345,-104.99814824,1757.782,105.6,-14.3,51.2,6.89,19
2024-08-03T01:32:23.280Z,2406,39.62940563,-104.99814727,1757.782,105.9,-14.3,51.5,6.93,19
2024-08-03T01:32:23.313Z,2407,39.62940780,-104.99814632,1757.782,106.2,-14.3,51.7,6.97,19
2024-08-03T01:32:23.347Z,2408,39.62940997,-104.99814538,1757.782,106.4,-14.3,52.0,7.02,19
2024-08-03T01:32:23.380Z,2409,39.62941213,-104.99814445,1757.782,106.7,-14.3,52.2,7.06,19
2024-08-03T01:32:23.413Z,2410,39.62941413,-104.99814357,1757.782,106.9,-14.3,52.5,7.11,19
2024-08-03T01:32:23.447Z,2411,39.62941588,-104.99814277,1757.782,107.0,-14.3,52.8,7.19,19
2024-08-03T01:32:23.480Z,2412,39.62941763,-104.99814197,1757.782,107.2,-14.3,53.0,7.26,19
2024-08-03T01:32:23.513Z,2413,39.62941957,-104.99814107,1757.782,107.4,-14.3,53.3,7.33,19
2024-08-03T01:32:23.547Z,2414,39.62942178,-104.99814004,1757.782,107.8,-14.3,53.6,7.38,19
2024-08-03T01:32:23.580Z,2415,39.62942398,-104.99813900,1757.782,108.1,-14.3,53.8,7.44,19
2024-08-03T01:32:23.613Z,2416,39.62942616,-104.99813794,1757.782,108.4,-14.3,54.1,7.49,19
2024-08-03T01:32:23.647Z,2417,39.62942829,-104.99813684,1757.782,108.7,-14.3,54.4,7.53,19
2024-08-03T01:32:23.680Z,2418,39.62943043,-104.99813574,1757.782,109.0,-14.3,54.6,7.57,19
2024-08-03T01:32:23.714Z,2419,39.62943252,-104.99813465,1757.782,109.3,-14.3,54.9,7.61,19
2024-08-03T01:32:23.747Z,2420,39.62943456,-104.99813358,1757.782,109.6,-14.3,55.1,7.66,19
2024-08-03T01:32:23.780Z,2421,39.62943660,-104.99813252,1757.782,109.8,-14.3,55.4,7.70,19
2024-08-03T01:32:23.814Z,2422,39.62943874,-104.99813136,1757.782,110.1,-14.3,55.6,7.74,19
2024-08-03T01:32:23.847Z,2423,39.62944102,-104.99813009,1757.782,110.3,-14.3,55.9,7.79,19
2024-08-03T01:32:23.880Z,2424,39.62944329,-104.99812883,1757.782,110.5,-14.3,56.1,7.83,19
2024-08-03T01:32:23.914Z,2425,39.62944551,-104.99812764,1757.782,110.7,-14.3,56.4,7.87,19
2024-08-03T01:32:23.947Z,2426,39.62944763,-104.99812658,1757.782,111.0,-14.3,56.7,7.89,19
2024-08-03T01:32:23.980Z,2427,39.62944975,-104.99812551,1757.782,111.3,-14.3,56.9,7.92,19
2024-08-03T01:32:24.014Z,2428,39.62945203,-104.99812434,1757.782,111.6,-14.3,57.2,7.95,19
2024-08-03T01:32:24.047Z,2429,39.62945451,-104.99812304,1757.782,111.9,-14.3,57.4,7.99,19
2024-08-03T01:32:24.081Z,2430,39.62945699,-104.99812174,1757.782,112.2,-14.3,57.7,8.04,19
2024-08-03T01:32:24.114Z,2431,39.62945935,-104.99812044,1757.782,112.5,-14.3,57.9,8.08,19
2024-08-03T01:32:24.147Z,2432,39.62946153,-104.99811914,1757.782,112.8,-14.3,58.1,8.13,19
2024-08-03T01:32:24.181Z,2433,39.62946372,-104.99811783,1757.782,113.0,-14.3,58.4,8.17,19
2024-08-03T01:32:24.214Z,2434,39.62946597,-104.99811650,1757.782,113.3,-14.3,58.6,8.21,19
2024-08-03T01:32:24.247Z,2435,39.62946829,-104.99811514,1757.782,113.5,-14.3,58.9,8.23,19
2024-08-03T01:32:24.281Z,2436,39.62947062,-104.99811377,1757.782,113.8,-14.3,59.2,8.26,19
2024-08-03T01:32:24.314Z,2437,39.62947288,-104.99811241,1757.782,114.0,-14.3,59.4,8.30,19
2024-08-03T01:32:24.348Z,2438,39.62947504,-104.99811108,1757.782,114.1,-14.3,59.6,8.34,19
2024-08-03T01:32:24.381Z,2439,39.62947720,-104.99810974,1757.782,114.3,-14.3,59.9,8.38,19
2024-08-03T01:32:24.414Z,2440,39.62947948,-104.99810832,1757.782,114.5,-14.3,60.1,8.42,19
2024-08-03T01:32:24.448Z,2441,39.62948191,-104.99810679,1757.782,114.8,-14.3,60.3,8.43,19
2024-08-03T01:32:24.481Z,2442,39.62948434,-104.99810525,1757.782,115.1,-14.3,60.6,8.44,19
2024-08-03T01:32:24.514Z,2443,39.62948667,-104.99810375,1757.736,115.3,-14.3,60.8,8.48,19
2024-08-03T01:32:24.548Z,2444,39.62948887,-104.99810228,1757.635,115.6,-14.3,61.1,8.54,19
2024-08-03T01:32:24.581Z,2445,39.62949107,-104.99810081,1757.533,115.9,-14.3,61.4,8.60,19
2024-08-03T01:32:24.614Z,2446,39.62949333,-104.99809930,1757.477,116.1,-14.3,61.6,8.64,19
2024-08-03T01:32:24.648Z,2447,39.62949565,-104.99809773,1757.477,116.3,-14.3,61.8,8.65,19
2024-08-03T01:32:24.681Z,2448,39.62949797,-104.99809616,1757.477,116.6,-14.3,62.1,8.67,19
2024-08-03T01:32:24.715Z,2449,39.62950039,-104.99809452,1757.477,116.8,-14.3,62.3,8.68,19
2024-08-03T01:32:24.748Z,2450,39.62950295,-104.99809278,1757.477,117.0,-14.3,62.6,8.70,19
2024-08-03T01:32:24.781Z,2451,39.62950551,-104.99809105,1757.477,117.3,-14.3,62.9,8.72,19
2024-08-03T01:32:24.815Z,2452,39.62950797,-104.99808933,1757.477,117.5,-14.3,63.1,8.74,19
2024-08-03T01:32:24.848Z,2453,39.62951030,-104.99808763,1757.477,117.8,-14.3,63.3,8.77,19
2024-08-03T01:32:24.881Z,2454,39.62951263,-104.99808592,1757.477,118.1,-14.3,63.6,8.80,19
2024-08-03T01:32:24.915Z,2455,39.62951491,-104.99808430,1757.477,118.3,-14.3,63.8,8.84,19
2024-08-03T01:32:24.948Z,2456,39.62951716,-104.99808276,1757.477,118.5,-14.3,64.0,8.89,19
2024-08-03T01:32:24.981Z,2457,39.62951940,-104.99808123,1757.477,118.7,-14.3,64.3,8.93,19
2024-08-03T01:32:25.015Z,2458,39.62952158,-104.99807966,1757.477,118.9,-14.3,64.5,8.96,19
2024-08-03T01:32:25.048Z,2459,39.62952368,-104.99807806,1757.477,119.2,-14.3,64.8,8.98,19
2024-08-03T01:32:25.082Z,2460,39.62952579,-104.99807646,1757.477,119.5,-14.3,65.1,9.00,19
2024-08-03T01:32:25.115Z,2461,39.62952797,-104.99807480,1757.477,119.7,-14.3,65.3,9.02,19
2024-08-03T01:32:25.148Z,2462,39.62953023,-104.99807306,1757.477,120.0,-14.3,65.5,9.05,19
2024-08-03T01:32:25.182Z,2463,39.62953250,-104.99807133,1757.477,120.3,-14.3,65.8,9.09,19
2024-08-03T01:32:25.215Z,2464,39.62953497,-104.99806939,1757.477,120.6,-14.3,66.0,9.11,19
2024-08-03T01:32:25.248Z,2465,39.62953768,-104.99806722,1757.477,120.9,-14.3,66.2,9.13,19
2024-08-03T01:32:25.282Z,2466,39.62954038,-104.99806505,1757.477,121.2,-14.3,66.5,9.15,19
2024-08-03T01:32:25.315Z,2467,39.62954288,-104.99806304,1757.477,121.5,-14.3,66.7,9.18,19
2024-08-03T01:32:25.349Z,2468,39.62954513,-104.99806120,1757.477,121.6,-14.3,67.0,9.21,19
2024-08-03T01:32:25.382Z,2469,39.62954738,-104.99805937,1757.477,121.7,-14.3,67.3,9.25,19
2024-08-03T01:32:25.415Z,2470,39.62954963,-104.99805752,1757.477,121.9,-14.3,67.5,9.27,19
2024-08-03T01:32:25.449Z,2471,39.62955186,-104.99805565,1757.477,122.1,-14.3,67.7,9.29,19
2024-08-03T01:32:25.482Z,2472,39.62955410,-104.99805378,1757.477,122.4,-14.3,68.0,9.31,19
2024-08-03T01:32:25.515Z,2473,39.62955645,-104.99805180,1757.525,122.6,-14.3,68.2,9.33,19
2024-08-03T01:32:25.549Z,2474,39.62955894,-104.99804970,1757.627,122.9,-14.3,68.4,9.35,19
2024-08-03T01:32:25.582Z,2475,39.62956142,-104.99804760,1757.729,123.2,-14.3,68.7,9.36,19
2024-08-03T01:32:25.615Z,2476,39.62956384,-104.99804551,1757.782,123.4,-14.3,68.9,9.38,19
2024-08-03T01:32:25.649Z,2477,39.62956619,-104.99804344,1757.782,123.7,-14.3,69.1,9.40,19
2024-08-03T01:32:25.682Z,2478,39.62956854,-104.99804137,1757.782,124.0,-14.3,69.4,9.42,19
2024-08-03T01:32:25.716Z,2479,39.62957101,-104.99803918,1757.782,124.3,-14.3,69.6,9.45,19
2024-08-03T01:32:25.749Z,2480,39.62957360,-104.99803684,1757.782,124.6,-14.3,69.9,9.49,19
2024-08-03T01:32:25.782Z,2481,39.62957619,-104.99803451,1757.782,124.9,-14.3,70.2,9.52,19
2024-08-03T01:32:25.816Z,2482,39.62957866,-104.99803223,1757.732,125.1,-14.3,70.4,9.54,19
2024-08-03T01:32:25.849Z,2483,39.62958100,-104.99803003,1757.631,125.2,-14.3,70.6,9.53,19
2024-08-03T01:32:25.882Z,2484,39.62958334,-104.99802783,1757.529,125.4,-14.3,70.9,9.52,19
2024-08-03T01:32:25.916Z,2485,39.62958563,-104.99802569,1757.477,125.6,-14.3,71.1,9.53,19
2024-08-03T01:32:25.949Z,2486,39.62958787,-104.99802362,1757.477,125.9,-14.3,71.3,9.55,19
2024-08-03T01:32:25.982Z,2487,39.62959012,-104.99802156,1757.477,126.2,-14.3,71.6,9.57,19
2024-08-03T01:32:26.016Z,2488,39.62959240,-104.99801937,1757.477,126.4,-14.3,71.8,9.60,19
2024-08-03T01:32:26.049Z,2489,39.62959474,-104.99801707,1757.477,126.6,-14.3,72.0,9.64,19
2024-08-03T01:32:26.083Z,2490,39.62959708,-104.99801477,1757.477,126.9,-14.3,72.3,9.68,19
2024-08-03T01:32:26.116Z,2491,39.62959940,-104.99801245,1757.477,127.1,-14.3,72.5,9.71,19
2024-08-03T01:32:26.149Z,2492,39.62960171,-104.99801011,1757.477,127.3,-14.3,72.7,9.73,19
2024-08-03T01:32:26.183Z,2493,39.62960402,-104.99800778,1757.477,127.6,-14.3,73.0,9.75,19
2024-08-03T01:32:26.216Z,2494,39.62960622,-104.99800552,1757.477,127.8,-14.3,73.2,9.77,19
2024-08-03T01:32:26.249Z,2495,39.62960830,-104.99800336,1757.477,128.1,-14.3,73.5,9.79,19
2024-08-03T01:32:26.283Z,2496,39.62961039,-104.99800119,1757.477,128.4,-14.3,73.8,9.81,19
2024-08-03T01:32:26.316Z,2497,39.62961262,-104.99799885,1757.477,128.6,-14.3,74.0,9.82,19
2024-08-03T01:32:26.350Z,2498,39.62961499,-104.99799635,1757.477,128.9,-14.3,74.3,9.82,19
2024-08-03T01:32:26.383Z,2499,39.62961737,-104.99799385,1757.477,129.2,-14.3,74.5,9.81,19
2024-08-03T01:32:26.416Z,2500,39.62961975,-104.99799129,1757.477,129.4,-14.3,74.7,9.83,19
2024-08-03T01:32:26.450Z,2501,39.62962213,-104.99798869,1757.477,129.6,-14.3,75.0,9.87,19
2024-08-03T01:32:26.483Z,2502,39.62962452,-104.99798609,1757.477,129.8,-14.3,75.2,9.91,19
2024-08-03T01:32:26.516Z,2503,39.62962681,-104.99798359,1757.477,130.0,-14.3,75.4,9.93,19
2024-08-03T01:32:26.550Z,2504,39.62962901,-104.99798118,1757.477,130.3,-14.3,75.7,9.93,19
2024-08-03T01:32:26.583Z,2505,39.62963122,-104.99797878,1757.477,130.6,-14.3,75.9,9.93,19
2024-08-03T01:32:26.616Z,2506,39.62963339,-104.99797635,1757.477,130.8,-14.3,76.1,9.94,19
2024-08-03T01:32:26.650Z,2507,39.62963553,-104.99797388,1757.477,131.1,-14.3,76.4,9.96,19
2024-08-03T01:32:26.683Z,2508,39.62963766,-104.99797141,1757.477,131.3,-14.3,76.7,9.98,19
2024-08-03T01:32:26.717Z,2509,39.62964005,-104.99796868,1757.477,131.5,-14.3,76.9,9.99,19
2024-08-03T01:32:26.750Z,2510,39.62964266,-104.99796571,1757.477,131.7,-14.3,77.2,9.99,19
2024-08-03T01:32:26.783Z,2511,39.62964527,-104.99796274,1757.477,131.9,-14.3,77.4,9.98,19
2024-08-03T01:32:26.817Z,2512,39.62964757,-104.99796007,1757.477,132.1,-14.3,77.6,9.99,19
2024-08-03T01:32:26.850Z,2513,39.62964958,-104.99795766,1757.477,132.4,-14.3,77.9,10.02,19
2024-08-03T01:32:26.883Z,2514,39.62965158,-104.99795526,1757.477,132.7,-14.3,78.1,10.04,19
2024-08-03T01:32:26.917Z,2515,39.62965377,-104.99795265,1757.477,132.9,-14.3,78.3,10.06,19
2024-08-03T01:32:26.950Z,2516,39.62965614,-104.99794985,1757.477,133.2,-14.3,78.6,10.08,19
2024-08-03T01:32:26.983Z,2517,39.62965850,-104.99794705,1757.477,133.5,-14.3,78.8,10.10,19
2024-08-03T01:32:27.017Z,2518,39.62966079,-104.99794426,1757.477,133.7,-14.3,79.0,10.13,19
2024-08-03T01:32:27.050Z,2519,39.62966301,-104.99794149,1757.477,134.0,-14.3,79.3,10.15,19
2024-08-03T01:32:27.084Z,2520,39.62966522,-104.99793872,1757.477,134.2,-14.3,79.5,10.17,19
2024-08-03T01:32:27.117Z,2521,39.62966741,-104.99793595,1757.477,134.4,-14.3,79.7,10.18,19
2024-08-03T01:32:27.150Z,2522,39.62966958,-104.99793318,1757.477,134.6,-14.3,80.0,10.18,19
2024-08-03T01:32:27.184Z,2523,39.62967175,-104.99793041,1757.477,134.8,-14.3,80.2,10.18,19
2024-08-03T01:32:27.217Z,2524,39.62967391,-104.99792761,1757.477,135.0,-14.3,80.4,10.18,19
2024-08-03T01:32:27.250Z,2525,39.62967607,-104.99792477,1757.477,135.3,-14.3,80.7,10.18,19
2024-08-03T01:32:27.284Z,2526,39.62967822,-104.99792194,1757.477,135.5,-14.3,81.0,10.18,19
2024-08-03T01:32:27.317Z,2527,39.62968037,-104.99791908,1757.477,135.7,-14.3,81.2,10.18,19
2024-08-03T01:32:27.351Z,2528,39.62968251,-104.99791621,1757.477,136.0,-14.3,81.5,10.18,19
2024-08-03T01:32:27.384Z,2529,39.62968464,-104.99791334,1757.477,136.2,-14.3,81.7,10.19,19
2024-08-03T01:32:27.417Z,2530,39.62968677,-104.99791042,1757.477,136.4,-14.3,81.9,10.20,19
2024-08-03T01:32:27.451Z,2531,39.62968890,-104.99790745,1757.477,136.7,-14.3,82.2,10.22,19
2024-08-03T01:32:27.484Z,2532,39.62969103,-104.99790448,1757.477,136.9,-14.3,82.4,10.25,19
2024-08-03T01:32:27.517Z,2533,39.62969309,-104.99790160,1757.477,137.2,-14.3,82.6,10.26,19
2024-08-03T01:32:27.551Z,2534,39.62969509,-104.99789880,1757.477,137.5,-14.3,82.9,10.26,19
2024-08-03T01:32:27.584Z,2535,39.62969710,-104.99789599,1757.477,137.8,-14.3,83.1,10.26,19
2024-08-03T01:32:27.617Z,2536,39.62969919,-104.99789296,1757.477,138.0,-14.3,83.3,10.27,19
2024-08-03T01:32:27.651Z,2537,39.62970138,-104.99788972,1757.477,138.3,-14.3,83.6,10.27,19
2024-08-03T01:32:27.684Z,2538,39.62970356,-104.99788649,1757.477,138.5,-14.3,83.8,10.27,19
2024-08-03T01:32:27.718Z,2539,39.62970573,-104.99788327,1757.477,138.7,-14.3,84.0,10.29,19
2024-08-03T01:32:27.751Z,2540,39.62970790,-104.99788006,1757.477,138.9,-14.3,84.3,10.31,19
2024-08-03T01:32:27.784Z,2541,39.62971006,-104.99787686,1757.477,139.1,-14.3,84.5,10.34,19
2024-08-03T01:32:27.818Z,2542,39.62971215,-104.99787369,1757.477,139.3,-14.3,84.7,10.35,19
2024-08-03T01:32:27.851Z,2543,39.62971417,-104.99787056,1757.477,139.6,-14.3,85.0,10.35,19
2024-08-03T01:32:27.884Z,2544,39.62971619,-104.99786742,1757.477,139.9,-14.3,85.3,10.36,19
2024-08-03T01:32:27.918Z,2545,39.62971814,-104.99786438,1757.477,140.1,-14.3,85.5,10.36,19
2024-08-03T01:32:27.951Z,2546,39.62972003,-104.99786141,1757.477,140.4,-14.3,85.8,10.37,19
2024-08-03T01:32:27.984Z,2547,39.62972193,-104.99785844,1757.477,140.6,-14.3,86.0,10.37,19
2024-08-03T01:32:28.018Z,2548,39.62972381,-104.99785545,1757.477,140.8,-14.3,86.2,10.37,19
2024-08-03T01:32:28.051Z,2549,39.62972569,-104.99785245,1757.477,141.1,-14.3,86.5,10.38,19
2024-08-03T01:32:28.085Z,2550,39.62972756,-104.99784944,1757.477,141.4,-14.3,86.7,10.38,19
2024-08-03T01:32:28.118Z,2551,39.62972953,-104.99784620,1757.477,141.6,-14.3,86.9,10.40,19
2024-08-03T01:32:28.151Z,2552,39.62973158,-104.99784276,1757.477,141.9,-14.3,87.2,10.44,19
2024-08-03T01:32:28.185Z,2553,39.62973363,-104.99783933,1757.477,142.2,-14.3,87.4,10.47,19
2024-08-03T01:32:28.218Z,2554,39.62973561,-104.99783600,1757.477,142.4,-14.3,87.6,10.47,19
2024-08-03T01:32:28.251Z,2555,39.62973753,-104.99783276,1757.477,142.6,-14.3,87.9,10.45,19
2024-08-03T01:32:28.285Z,2556,39.62973945,-104.99782953,1757.477,142.7,-14.3,88.2,10.43,19
2024-08-03T01:32:28.318Z,2557,39.62974141,-104.99782614,1757.477,142.9,-14.3,88.4,10.44,19
2024-08-03T01:32:28.352Z,2558,39.62974341,-104.99782264,1757.477,143.1,-14.3,88.7,10.47,19
2024-08-03T01:32:28.385Z,2559,39.62974540,-104.99781913,1757.477,143.3,-14.3,88.9,10.51,19
2024-08-03T01:32:28.418Z,2560,39.62974727,-104.99781582,1757.534,143.6,-14.3,89.1,10.52,19
2024-08-03T01:32:28.452Z,2561,39.62974905,-104.99781265,1757.636,143.8,-14.3,89.4,10.52,19
2024-08-03T01:32:28.485Z,2562,39.62975083,-104.99780948,1757.737,144.1,-14.3,89.6,10.52,19
2024-08-03T01:32:28.518Z,2563,39.62975257,-104.99780629,1757.782,144.4,-14.3,89.8,10.53,19
2024-08-03T01:32:28.552Z,2564,39.62975428,-104.99780309,1757.782,144.7,-14.3,90.1,10.53,19
2024-08-03T01:32:28.585Z,2565,39.62975600,-104.99779988,1757.782,145.0,-14.3,90.3,10.54,19
2024-08-03T01:32:28.618Z,2566,39.62975781,-104.99779645,1757.782,145.2,-14.3,90.5,10.55,19
2024-08-03T01:32:28.652Z,2567,39.62975970,-104.99779285,1757.782,145.4,-14.3,90.8,10.56,19
2024-08-03T01:32:28.685Z,2568,39.62976158,-104.99778925,1757.782,145.6,-14.3,91.0,10.56,19
2024-08-03T01:32:28.719Z,2569,39.62976349,-104.99778568,1757.782,145.8,-14.3,91.3,10.57,19
2024-08-03T01:32:28.752Z,2570,39.62976542,-104.99778214,1757.782,146.1,-14.3,91.5,10.58,19
2024-08-03T01:32:28.785Z,2571,39.62976735,-104.99777861,1757.782,146.3,-14.3,91.8,10.59,19
2024-08-03T01:32:28.819Z,2572,39.62976908,-104.99777528,1757.782,146.6,-14.3,92.0,10.60,19
2024-08-03T01:32:28.852Z,2573,39.62977065,-104.99777211,1757.782,146.9,-14.3,92.3,10.61,19
2024-08-03T01:32:28.885Z,2574,39.62977223,-104.99776894,1757.782,147.2,-14.3,92.5,10.62,19
2024-08-03T01:32:28.919Z,2575,39.62977397,-104.99776550,1757.782,147.4,-14.3,92.7,10.63,19
2024-08-03T01:32:28.952Z,2576,39.62977582,-104.99776186,1757.782,147.7,-14.3,93.0,10.64,19
2024-08-03T01:32:28.985Z,2577,39.62977767,-104.99775823,1757.782,147.9,-14.3,93.2,10.65,19
2024-08-03T01:32:29.019Z,2578,39.62977943,-104.99775463,1757.782,148.1,-14.3,93.4,10.66,19
2024-08-03T01:32:29.052Z,2579,39.62978113,-104.99775106,1757.782,148.3,-14.3,93.7,10.67,19
2024-08-03T01:32:29.086Z,2580,39.62978282,-104.99774749,1757.782,148.5,-14.3,93.9,10.68,19
2024-08-03T01:32:29.119Z,2581,39.62978451,-104.99774392,1757.782,148.7,-14.3,94.2,10.68,19
2024-08-03T01:32:29.152Z,2582,39.62978619,-104.99774035,1757.782,148.9,-14.3,94.4,10.68,19
2024-08-03T01:32:29.186Z,2583,39.62978787,-104.99773678,1757.782,149.1,-14.3,94.7,10.67,19
2024-08-03T01:32:29.219Z,2584,39.62978954,-104.99773321,1757.782,149.4,-14.3,94.9,10.67,19
2024-08-03T01:32:29.252Z,2585,39.62979119,-104.99772964,1757.782,149.6,-14.3,95.2,10.69,19
2024-08-03T01:32:29.286Z,2586,39.62979284,-104.99772607,1757.782,149.9,-14.3,95.4,10.70,19
2024-08-03T01:32:29.319Z,2587,39.62979452,-104.99772232,1757.782,150.2,-14.3,95.6,10.71,19
2024-08-03T01:32:29.353Z,2588,39.62979621,-104.99771845,1757.782,150.4,-14.3,95.9,10.72,19
2024-08-03T01:32:29.386Z,2589,39.62979791,-104.99771458,1757.782,150.7,-14.3,96.1,10.74,19
2024-08-03T01:32:29.419Z,2590,39.62979948,-104.99771095,1757.782,150.9,-14.3,96.4,10.73,19
2024-08-03T01:32:29.453Z,2591,39.62980096,-104.99770748,1757.782,151.1,-14.3,96.6,10.72,19
2024-08-03T01:32:29.486Z,2592,39.62980245,-104.99770401,1757.782,151.3,-14.3,96.9,10.70,19
2024-08-03T01:32:29.519Z,2593,39.62980392,-104.99770052,1757.782,151.5,-14.3,97.1,10.70,19
2024-08-03T01:32:29.553Z,2594,39.62980539,-104.99769701,1757.782,151.8,-14.3,97.4,10.72,19
2024-08-03T01:32:29.586Z,2595,39.62980686,-104.99769351,1757.782,152.0,-14.3,97.6,10.73,19
2024-08-03T01:32:29.619Z,2596,39.62980831,-104.99768998,1757.782,152.2,-14.3,97.8,10.74,19
2024-08-03T01:32:29.653Z,2597,39.62980974,-104.99768645,1757.782,152.5,-14.3,98.1,10.76,19
2024-08-03T01:32:29.686Z,2598,39.62981117,-104.99768291,1757.782,152.7,-14.3,98.3,10.77,19
2024-08-03T01:32:29.720Z,2599,39.62981275,-104.99767889,1757.782,152.9,-14.3,98.6,10.77,19
2024-08-03T01:32:29.753Z,2600,39.62981443,-104.99767456,1757.782,153.2,-14.3,98.8,10.75,19
2024-08-03T01:32:29.786Z,2601,39.62981611,-104.99767022,1757.782,153.4,-14.3,99.1,10.74,19
2024-08-03T01:32:29.820Z,2602,39.62981764,-104.99766620,1757.720,153.7,-14.3,99.3,10.74,19
2024-08-03T01:32:29.853Z,2603,39.62981907,-104.99766240,1757.618,154.0,-14.3,99.6,10.76,19
2024-08-03T01:32:29.886Z,2604,39.62982049,-104.99765859,1757.517,154.4,-14.3,99.8,10.77,19
2024-08-03T01:32:29.920Z,2605,39.62982186,-104.99765493,1757.477,154.7,-14.3,100.1,10.79,19
2024-08-03T01:32:29.953Z,2606,39.62982321,-104.99765136,1757.477,154.9,-14.3,100.3,10.80,19
2024-08-03T01:32:29.986Z,2607,39.62982455,-104.99764779,1757.477,155.2,-14.3,100.6,10.82,19
2024-08-03T01:32:30.020Z,2608,39.62982590,-104.99764406,1757.477,155.5,-14.3,100.9,10.83,19
2024-08-03T01:32:30.053Z,2609,39.62982726,-104.99764022,1757.477,155.7,-14.3,101.1,10.83,19
2024-08-03T01:32:30.087Z,2610,39.62982862,-104.99763638,1757.477,156.0,-14.3,101.4,10.83,19
2024-08-03T01:32:30.120Z,2611,39.62982996,-104.99763251,1757.477,156.2,-14.3,101.6,10.83,19
2024-08-03T01:32:30.153Z,2612,39.62983127,-104.99762860,1757.477,156.5,-14.3,101.9,10.81,19
2024-08-03T01:32:30.187Z,2613,39.62983259,-104.99762470,1757.477,156.7,-14.3,102.1,10.80,19
2024-08-03T01:32:30.220Z,2614,39.62983381,-104.99762106,1757.477,156.9,-14.3,102.4,10.80,19
2024-08-03T01:32:30.253Z,2615,39.62983498,-104.99761759,1757.477,157.1,-14.3,102.6,10.82,19
2024-08-03T01:32:30.287Z,2616,39.62983615,-104.99761412,1757.477,157.2,-14.3,102.9,10.84,19
2024-08-03T01:32:30.320Z,2617,39.62983740,-104.99761026,1757.477,157.4,-14.3,103.1,10.85,19
2024-08-03T01:32:30.354Z,2618,39.62983870,-104.99760616,1757.477,157.7,-14.3,103.4,10.86,19
2024-08-03T01:32:30.387Z,2619,39.62984001,-104.99760205,1757.477,157.9,-14.3,103.6,10.86,19
2024-08-03T01:32:30.420Z,2620,39.62984129,-104.99759795,1757.477,158.2,-14.3,103.8,10.86,19
2024-08-03T01:32:30.454Z,2621,39.62984256,-104.99759384,1757.477,158.5,-14.3,104.1,10.84,19
2024-08-03T01:32:30.487Z,2622,39.62984383,-104.99758974,1757.477,158.8,-14.3,104.3,10.83,19
2024-08-03T01:32:30.520Z,2623,39.62984501,-104.99758582,1757.477,159.1,-14.3,104.5,10.84,19
2024-08-03T01:32:30.554Z,2624,39.62984612,-104.99758202,1757.477,159.4,-14.3,104.8,10.86,19
2024-08-03T01:32:30.587Z,2625,39.62984724,-104.99757822,1757.477,159.7,-14.3,105.0,10.88,19
2024-08-03T01:32:30.620Z,2626,39.62984840,-104.99757416,1757.477,159.9,-14.3,105.3,10.90,19
2024-08-03T01:32:30.654Z,2627,39.62984959,-104.99756996,1757.477,160.2,-14.3,105.5,10.92,19
2024-08-03T01:32:30.687Z,2628,39.62985078,-104.99756575,1757.477,160.4,-14.3,105.8,10.94,19
2024-08-03T01:32:30.721Z,2629,39.62985184,-104.99756195,1757.477,160.6,-14.3,106.0,10.93,19
2024-08-03T01:32:30.754Z,2630,39.62985283,-104.99755838,1757.477,160.8,-14.3,106.3,10.91,19
2024-08-03T01:32:30.787Z,2631,39.62985381,-104.99755481,1757.477,160.9,-14.3,106.5,10.89,19
2024-08-03T01:32:30.821Z,2632,39.62985494,-104.99755058,1757.477,161.1,-14.3,106.7,10.89,19
2024-08-03T01:32:30.854Z,2633,39.62985615,-104.99754598,1757.477,161.2,-14.3,107.0,10.91,19
2024-08-03T01:32:30.887Z,2634,39.62985736,-104.99754137,1757.477,161.4,-14.3,107.2,10.93,19
2024-08-03T01:32:30.921Z,2635,39.62985841,-104.99753726,1757.477,161.6,-14.3,107.4,10.94,19
2024-08-03T01:32:30.954Z,2636,39.62985937,-104.99753342,1757.477,162.0,-14.3,107.7,10.92,19
2024-08-03T01:32:30.987Z,2637,39.62986033,-104.99752958,1757.477,162.4,-14.3,107.9,10.91,19
2024-08-03T01:32:31.021Z,2638,39.62986130,-104.99752559,1757.477,162.6,-14.3,108.2,10.93,19
2024-08-03T01:32:31.054Z,2639,39.62986228,-104.99752152,1757.477,162.9,-14.3,108.4,10.95,19
2024-08-03T01:32:31.088Z,2640,39.62986325,-104.99751745,1757.477,163.1,-14.3,108.7,10.97,19
2024-08-03T01:32:31.121Z,2641,39.62986421,-104.99751336,1757.477,163.4,-14.3,109.0,10.96,19
2024-08-03T01:32:31.154Z,2642,39.62986515,-104.99750926,1757.477,163.7,-14.3,109.2,10.95,19
2024-08-03T01:32:31.188Z,2643,39.62986610,-104.99750515,1757.477,164.0,-14.3,109.4,10.93,19
2024-08-03T01:32:31.221Z,2644,39.62986701,-104.99750103,1757.477,164.2,-14.3,109.7,10.94,19
2024-08-03T01:32:31.254Z,2645,39.62986790,-104.99749689,1757.477,164.4,-14.3,109.9,10.96,19
2024-08-03T01:32:31.288Z,2646,39.62986879,-104.99749275,1757.477,164.6,-14.3,110.2,10.98,19
2024-08-03T01:32:31.321Z,2647,39.62986963,-104.99748892,1757.477,164.8,-14.3,110.5,10.98,19
2024-08-03T01:32:31.355Z,2648,39.62987044,-104.99748525,1757.477,165.0,-14.3,110.7,10.96,19
2024-08-03T01:32:31.388Z,2649,39.62987126,-104.99748158,1757.477,165.2,-14.3,110.9,10.94,19
2024-08-03T01:32:31.421Z,2650,39.62987208,-104.99747758,1757.477,165.5,-14.3,111.2,10.93,19
2024-08-03T01:32:31.455Z,2651,39.62987290,-104.99747341,1757.477,165.7,-14.3,111.4,10.93,19
2024-08-03T01:32:31.488Z,2652,39.62987373,-104.99746924,1757.477,166.0,-14.3,111.7,10.92,19
2024-08-03T01:32:31.521Z,2653,39.62987455,-104.99746496,1757.477,166.3,-14.3,112.0,10.93,19
2024-08-03T01:32:31.555Z,2654,39.62987538,-104.99746062,1757.477,166.6,-14.3,112.2,10.96,19
2024-08-03T01:32:31.588Z,2655,39.62987621,-104.99745628,1757.477,166.9,-14.3,112.4,10.98,19
2024-08-03T01:32:31.621Z,2656,39.62987700,-104.99745190,1757.477,167.2,-14.3,112.7,10.98,19
2024-08-03T01:32:31.655Z,2657,39.62987778,-104.99744750,1757.477,167.4,-14.3,112.9,10.98,19
2024-08-03T01:32:31.688Z,2658,39.62987857,-104.99744309,1757.477,167.6,-14.3,113.1,10.97,19
2024-08-03T01:32:31.722Z,2659,39.62987931,-104.99743871,1757.477,167.9,-14.3,113.4,10.98,19
2024-08-03T01:32:31.755Z,2660,39.62988003,-104.99743434,1757.477,168.1,-14.3,113.6,11.00,19
2024-08-03T01:32:31.788Z,2661,39.62988076,-104.99742997,1757.477,168.4,-14.3,113.9,11.02,19
2024-08-03T01:32:31.822Z,2662,39.62988144,-104.99742571,1757.477,168.7,-14.3,114.2,11.02,19
2024-08-03T01:32:31.855Z,2663,39.62988209,-104.99742150,1757.477,168.9,-14.3,114.4,11.01,19
2024-08-03T01:32:31.888Z,2664,39.62988275,-104.99741730,1757.477,169.1,-14.3,114.6,11.00,19
2024-08-03T01:32:31.922Z,2665,39.62988331,-104.99741354,1757.477,169.3,-14.3,114.9,10.99,19
2024-08-03T01:32:31.955Z,2666,39.62988383,-104.99741000,1757.477,169.5,-14.3,115.1,10.98,19
2024-08-03T01:32:31.988Z,2667,39.62988434,-104.99740647,1757.477,169.7,-14.3,115.4,10.97,19
2024-08-03T01:32:32.022Z,2668,39.62988495,-104.99740204,1757.477,170.0,-14.3,115.7,10.98,19
2024-08-03T01:32:32.055Z,2669,39.62988561,-104.99739716,1757.477,170.3,-14.3,115.9,11.01,19
2024-08-03T01:32:32.089Z,2670,39.62988627,-104.99739229,1757.477,170.6,-14.3,116.1,11.04,19
2024-08-03T01:32:32.122Z,2671,39.62988681,-104.99738801,1757.477,170.9,-14.3,116.4,11.04,19
2024-08-03T01:32:32.155Z,2672,39.62988729,-104.99738400,1757.477,171.1,-14.3,116.6,11.03,19
2024-08-03T01:32:32.189Z,2673,39.62988777,-104.99738000,1757.477,171.3,-14.3,116.9,11.02,19
2024-08-03T01:32:32.222Z,2674,39.62988825,-104.99737584,1757.477,171.5,-14.3,117.2,11.01,19
2024-08-03T01:32:32.255Z,2675,39.62988873,-104.99737160,1757.477,171.7,-14.3,117.4,11.01,19
2024-08-03T01:32:32.289Z,2676,39.62988921,-104.99736736,1757.477,171.9,-14.3,117.6,11.00,19
2024-08-03T01:32:32.322Z,2677,39.62988966,-104.99736328,1757.477,172.2,-14.3,117.9,11.00,19
2024-08-03T01:32:32.356Z,2678,39.62989011,-104.99735928,1757.477,172.4,-14.3,118.1,11.00,19
2024-08-03T01:32:32.389Z,2679,39.62989056,-104.99735527,1757.477,172.7,-14.3,118.3,10.99,19
2024-08-03T01:32:32.422Z,2680,39.62989098,-104.99735095,1757.477,173.0,-14.3,118.6,10.98,19
2024-08-03T01:32:32.456Z,2681,39.62989140,-104.99734648,1757.477,173.3,-14.3,118.8,10.98,19
2024-08-03T01:32:32.489Z,2682,39.62989181,-104.99734201,1757.477,173.6,-14.3,119.1,10.97,19
2024-08-03T01:32:32.522Z,2683,39.62989218,-104.99733781,1757.477,173.9,-14.3,119.4,10.99,19
2024-08-03T01:32:32.556Z,2684,39.62989254,-104.99733374,1757.477,174.1,-14.3,119.6,11.02,19
2024-08-03T01:32:32.589Z,2685,39.62989289,-104.99732967,1757.477,174.3,-14.3,119.8,11.05,19
2024-08-03T01:32:32.622Z,2686,39.62989324,-104.99732530,1757.477,174.6,-14.3,120.1,11.05,19
2024-08-03T01:32:32.656Z,2687,39.62989358,-104.99732080,1757.477,174.8,-14.3,120.4,11.04,19
2024-08-03T01:32:32.689Z,2688,39.62989392,-104.99731629,1757.477,175.0,-14.3,120.6,11.04,19
2024-08-03T01:32:32.723Z,2689,39.62989418,-104.99731225,1757.477,175.3,-14.3,120.9,11.03,19
2024-08-03T01:32:32.756Z,2690,39.62989439,-104.99730841,1757.477,175.5,-14.3,121.1,11.03,19
2024-08-03T01:32:32.789Z,2691,39.62989460,-104.99730457,1757.477,175.7,-14.3,121.3,11.03,19
2024-08-03T01:32:32.823Z,2692,39.62989484,-104.99729997,1757.477,176.0,-14.3,121.5,11.03,19
2024-08-03T01:32:32.856Z,2693,39.62989511,-104.99729503,1757.477,176.2,-14.3,121.6,11.03,19
2024-08-03T01:32:32.889Z,2694,39.62989537,-104.99729010,1757.477,176.4,-14.3,121.8,11.02,19
2024-08-03T01:32:32.923Z,2695,39.62989556,-104.99728607,1757.477,176.7,-14.3,122.1,11.02,19
2024-08-03T01:32:32.956Z,2696,39.62989572,-104.99728243,1757.477,177.0,-14.3,122.4,11.02,19
2024-08-03T01:32:32.989Z,2697,39.62989587,-104.99727879,1757.477,177.3,-14.3,122.8,11.01,19
2024-08-03T01:32:33.023Z,2698,39.62989603,-104.99727436,1757.477,177.6,-14.3,123.1,11.03,19
2024-08-03T01:32:33.056Z,2699,39.62989619,-104.99726959,1757.477,177.9,-14.3,123.4,11.07,19
2024-08-03T01:32:33.090Z,2700,39.62989635,-104.99726482,1757.477,178.1,-14.3,123.6,11.10,19
2024-08-03T01:32:33.123Z,2701,39.62989647,-104.99726040,1757.477,178.4,-14.3,123.9,11.11,19
2024-08-03T01:32:33.156Z,2702,39.62989658,-104.99725613,1757.477,178.6,-14.3,124.1,11.10,19
2024-08-03T01:32:33.190Z,2703,39.62989668,-104.99725186,1757.477,178.8,-14.3,124.3,11.10,19
2024-08-03T01:32:33.223Z,2704,39.62989675,-104.99724784,1757.477,179.0,-14.3,124.6,11.10,19
2024-08-03T01:32:33.256Z,2705,39.62989681,-104.99724394,1757.477,179.2,-14.3,124.9,11.10,19
2024-08-03T01:32:33.290Z,2706,39.62989686,-104.99724004,1757.477,179.4,-14.3,125.1,11.10,19
2024-08-03T01:32:33.323Z,2707,39.62989688,-104.99723571,1757.477,94.5,-14.3,125.4,11.10,19
2024-08-03T01:32:33.357Z,2708,39.62989687,-104.99723120,1757.477,-25.3,-14.3,125.6,11.10,19
2024-08-03T01:32:33.390Z,2709,39.62989687,-104.99722670,1757.477,-145.2,-14.3,125.8,11.10,19
2024-08-03T01:32:33.423Z,2710,39.62989685,-104.99722217,1757.477,-179.5,-14.3,126.1,11.10,19
2024-08-03T01:32:33.457Z,2711,39.62989681,-104.99721763,1757.477,-179.3,-14.3,126.4,11.10,19
2024-08-03T01:32:33.490Z,2712,39.62989678,-104.99721309,1757.477,-179.1,-14.3,126.6,11.10,19
2024-08-03T01:32:33.523Z,2713,39.62989671,-104.99720887,1757.477,-178.8,-14.3,126.9,11.10,19
2024-08-03T01:32:33.557Z,2714,39.62989662,-104.99720476,1757.477,-178.5,-14.3,127.1,11.10,19
2024-08-03T01:32:33.590Z,2715,39.62989653,-104.99720066,1757.477,-178.3,-14.3,127.3,11.10,19
2024-08-03T01:32:33.623Z,2716,39.62989641,-104.99719655,1757.477,-178.0,-14.3,127.6,11.10,19
2024-08-03T01:32:33.657Z,2717,39.62989629,-104.99719245,1757.477,-177.7,-14.3,127.9,11.11,19
2024-08-03T01:32:33.690Z,2718,39.62989617,-104.99718835,1757.477,-177.5,-14.3,128.1,11.11,19
2024-08-03T01:32:33.724Z,2719,39.62989603,-104.99718364,1757.477,-177.2,-14.3,128.4,11.11,19
2024-08-03T01:32:33.757Z,2720,39.62989589,-104.99717870,1757.477,-176.9,-14.3,128.6,11.11,19
2024-08-03T01:32:33.790Z,2721,39.62989574,-104.99717376,1757.477,-176.7,-14.3,128.8,11.11,19
2024-08-03T01:32:33.824Z,2722,39.62989557,-104.99716957,1757.477,-176.4,-14.3,129.1,11.11,18
2024-08-03T01:32:33.857Z,2723,39.62989540,-104.99716567,1757.477,-176.1,-14.3,129.4,11.12,18
2024-08-03T01:32:33.890Z,2724,39.62989523,-104.99716177,1757.477,-175.8,-14.3,129.6,11.12,18
2024-08-03T01:32:33.924Z,2725,39.62989496,-104.99715740,1757.477,-175.5,-14.3,129.9,11.13,18
2024-08-03T01:32:33.957Z,2726,39.62989466,-104.99715286,1757.477,-175.3,-14.3,130.2,11.13,18
2024-08-03T01:32:33.990Z,2727,39.62989435,-104.99714833,1757.477,-175.1,-14.3,130.4,11.14,18
2024-08-03T01:32:34.024Z,2728,39.62989405,-104.99714396,1757.477,-174.8,-14.3,130.7,11.11,18
2024-08-03T01:32:34.057Z,2729,39.62989375,-104.99713965,1757.477,-174.6,-14.3,131.0,11.08,18
2024-08-03T01:32:34.091Z,2730,39.62989345,-104.99713535,1757.477,-174.4,-14.3,131.2,11.05,18
2024-08-03T01:32:34.124Z,2731,39.62989312,-104.99713107,1757.477,-174.1,-14.3,131.5,11.05,19
2024-08-03T01:32:34.157Z,2732,39.62989277,-104.99712680,1757.477,-173.8,-14.3,131.8,11.06,19
2024-08-03T01:32:34.191Z,2733,39.62989243,-104.99712253,1757.477,-173.5,-14.3,132.0,11.06,19
2024-08-03T01:32:34.224Z,2734,39.62989206,-104.99711823,1757.477,-173.2,-14.3,132.3,11.07,19
2024-08-03T01:32:34.257Z,2735,39.62989167,-104.99711393,1757.477,-173.0,-14.3,132.6,11.07,19
2024-08-03T01:32:34.291Z,2736,39.62989128,-104.99710962,1757.477,-172.8,-14.3,132.8,11.08,19
2024-08-03T01:32:34.324Z,2737,39.62989087,-104.99710552,1757.477,-172.5,-14.3,133.1,11.08,19
2024-08-03T01:32:34.358Z,2738,39.62989045,-104.99710148,1757.477,-172.3,-14.3,133.4,11.09,19
2024-08-03T01:32:34.391Z,2739,39.62989004,-104.99709744,1757.477,-172.1,-14.3,133.6,11.10,19
2024-08-03T01:32:34.424Z,2740,39.62988955,-104.99709308,1757.477,-171.7,-14.3,133.9,11.11,19
2024-08-03T01:32:34.458Z,2741,39.62988905,-104.99708861,1757.477,-171.4,-14.3,134.2,11.11,19
2024-08-03T01:32:34.491Z,2742,39.62988854,-104.99708414,1757.477,-171.0,-14.3,134.4,11.11,19
2024-08-03T01:32:34.524Z,2743,39.62988804,-104.99707997,1757.477,-170.7,-14.3,134.7,11.12,19
2024-08-03T01:32:34.558Z,2744,39.62988754,-104.99707590,1757.477,-170.4,-14.3,135.0,11.13,19
2024-08-03T01:32:34.591Z,2745,39.62988705,-104.99707183,1757.477,-170.2,-14.3,135.2,11.14,19
2024-08-03T01:32:34.624Z,2746,39.62988647,-104.99706746,1757.477,-170.0,-14.3,135.5,11.13,19
2024-08-03T01:32:34.658Z,2747,39.62988587,-104.99706298,1757.477,-169.8,-14.3,135.8,11.10,19
2024-08-03T01:32:34.691Z,2748,39.62988527,-104.99705851,1757.477,-169.5,-14.3,136.0,11.07,19
2024-08-03T01:32:34.725Z,2749,39.62988463,-104.99705407,1757.477,-169.3,-14.3,136.3,11.07,19
2024-08-03T01:32:34.758Z,2750,39.62988397,-104.99704963,1757.477,-169.1,-14.3,136.6,11.09,19
2024-08-03T01:32:34.791Z,2751,39.62988331,-104.99704519,1757.477,-168.9,-14.3,136.9,11.10,19
2024-08-03T01:32:34.825Z,2752,39.62988265,-104.99704088,1757.477,-168.6,-14.3,137.2,11.11,19
2024-08-03T01:32:34.858Z,2753,39.62988200,-104.99703661,1757.477,-168.3,-14.3,137.5,11.11,19
2024-08-03T01:32:34.891Z,2754,39.62988134,-104.99703234,1757.477,-168.0,-14.3,137.7,11.12,19
2024-08-03T01:32:34.925Z,2755,39.62988065,-104.99702832,1757.477,-167.7,-14.3,138.0,11.11,19
2024-08-03T01:32:34.958Z,2756,39.62987995,-104.99702438,1757.477,-167.4,-14.3,138.3,11.09,19
2024-08-03T01:32:34.991Z,2757,39.62987926,-104.99702044,1757.477,-167.1,-14.3,138.5,11.07,19
2024-08-03T01:32:35.025Z,2758,39.62987852,-104.99701630,1757.554,-166.8,-14.3,138.8,11.07,19
2024-08-03T01:32:35.058Z,2759,39.62987777,-104.99701210,1757.656,-166.5,-14.3,139.1,11.08,19
2024-08-03T01:32:35.092Z,2760,39.62987703,-104.99700790,1757.757,-166.3,-14.3,139.4,11.08,19
2024-08-03T01:32:35.125Z,2761,39.62987621,-104.99700369,1757.782,-166.0,-14.3,139.7,11.07,19
2024-08-03T01:32:35.158Z,2762,39.62987538,-104.99699949,1757.782,-165.7,-14.3,140.0,11.06,19
2024-08-03T01:32:35.192Z,2763,39.62987455,-104.99699528,1757.782,-165.4,-14.3,140.2,11.04,19
2024-08-03T01:32:35.225Z,2764,39.62987370,-104.99699113,1757.704,-165.0,-14.3,140.5,11.04,19
2024-08-03T01:32:35.258Z,2765,39.62987284,-104.99698699,1757.602,-164.7,-14.3,140.8,11.05,19
2024-08-03T01:32:35.292Z,2766,39.62987199,-104.99698286,1757.500,-164.4,-14.3,141.1,11.06,19
2024-08-03T01:32:35.325Z,2767,39.62987113,-104.99697885,1757.477,-164.1,-14.3,141.4,11.05,19
2024-08-03T01:32:35.359Z,2768,39.62987028,-104.99697488,1757.477,-163.8,-14.3,141.7,11.03,19
2024-08-03T01:32:35.392Z,2769,39.62986942,-104.99697091,1757.477,-163.5,-14.3,142.0,11.02,19
2024-08-03T01:32:35.425Z,2770,39.62986853,-104.99696693,1757.477,-163.2,-14.3,142.3,11.03,19
2024-08-03T01:32:35.459Z,2771,39.62986763,-104.99696296,1757.477,-162.9,-14.3,142.6,11.05,19
2024-08-03T01:32:35.492Z,2772,39.62986672,-104.99695899,1757.477,-162.7,-14.3,142.9,11.07,19
2024-08-03T01:32:35.525Z,2773,39.62986570,-104.99695482,1757.477,-162.4,-14.3,143.2,11.06,19
2024-08-03T01:32:35.559Z,2774,39.62986465,-104.99695058,1757.477,-162.1,-14.3,143.5,11.05,19
2024-08-03T01:32:35.592Z,2775,39.62986359,-104.99694634,1757.477,-161.8,-14.3,143.8,11.04,19
2024-08-03T01:32:35.625Z,2776,39.62986259,-104.99694236,1757.477,-161.5,-14.3,144.2,11.04,19
2024-08-03T01:32:35.659Z,2777,39.62986159,-104.99693846,1757.477,-161.2,-14.3,144.5,11.06,19
2024-08-03T01:32:35.692Z,2778,39.62986060,-104.99693455,1757.477,-161.0,-14.3,144.8,11.07,19
2024-08-03T01:32:35.726Z,2779,39.62985951,-104.99693057,1757.477,-160.7,-14.3,145.1,11.06,19
2024-08-03T01:32:35.759Z,2780,39.62985839,-104.99692657,1757.477,-160.4,-14.3,145.4,11.05,19
2024-08-03T01:32:35.792Z,2781,39.62985727,-104.99692256,1757.477,-160.1,-14.3,145.7,11.04,19
2024-08-03T01:32:35.826Z,2782,39.62985609,-104.99691838,1757.477,-159.7,-14.3,146.0,11.02,19
2024-08-03T01:32:35.859Z,2783,39.62985489,-104.99691414,1757.477,-159.3,-14.3,146.3,11.00,19
2024-08-03T01:32:35.892Z,2784,39.62985369,-104.99690990,1757.477,-159.0,-14.3,146.6,10.98,19
2024-08-03T01:32:35.926Z,2785,39.62985243,-104.99690574,1757.477,-158.6,-14.3,146.9,10.97,19
2024-08-03T01:32:35.959Z,2786,39.62985116,-104.99690161,1757.477,-158.3,-14.3,147.2,10.97,19
2024-08-03T01:32:35.992Z,2787,39.62984989,-104.99689747,1757.477,-158.0,-14.3,147.5,10.96,19
2024-08-03T01:32:36.026Z,2788,39.62984869,-104.99689359,1757.477,-157.7,-14.3,147.9,10.98,19
2024-08-03T01:32:36.059Z,2789,39.62984751,-104.99688979,1757.477,-157.4,-14.3,148.2,11.00,19
2024-08-03T01:32:36.093Z,2790,39.62984633,-104.99688599,1757.477,-157.1,-14.3,148.5,11.03,19
2024-08-03T01:32:36.126Z,2791,39.62984500,-104.99688197,1757.477,-156.8,-14.3,148.8,11.02,19
2024-08-03T01:32:36.159Z,2792,39.62984363,-104.99687790,1757.477,-156.5,-14.3,149.1,11.00,19
2024-08-03T01:32:36.193Z,2793,39.62984225,-104.99687383,1757.477,-156.2,-14.3,149.4,10.98,19
2024-08-03T01:32:36.226Z,2794,39.62984101,-104.99687018,1757.477,-155.9,-14.3,149.8,10.97,19
2024-08-03T01:32:36.259Z,2795,39.62983981,-104.99686665,1757.477,-155.6,-14.3,150.1,10.97,19
2024-08-03T01:32:36.293Z,2796,39.62983861,-104.99686311,1757.477,-155.3,-14.3,150.4,10.97,19
2024-08-03T01:32:36.326Z,2797,39.62983718,-104.99685920,1757.477,-154.9,-14.3,150.7,10.95,19
2024-08-03T01:32:36.360Z,2798,39.62983568,-104.99685520,1757.477,-154.6,-14.3,151.0,10.94,19
2024-08-03T01:32:36.393Z,2799,39.62983419,-104.99685119,1757.477,-154.3,-14.3,151.3,10.92,19
2024-08-03T01:32:36.426Z,2800,39.62983268,-104.99684716,1757.477,-154.0,-14.3,151.5,10.92,19
2024-08-03T01:32:36.460Z,2801,39.62983117,-104.99684312,1757.477,-153.7,-14.3,151.7,10.91,19
2024-08-03T01:32:36.493Z,2802,39.62982965,-104.99683909,1757.477,-153.5,-14.3,151.9,10.91,19
2024-08-03T01:32:36.526Z,2803,39.62982822,-104.99683543,1757.477,-153.2,-14.3,152.2,10.91,19
2024-08-03T01:32:36.560Z,2804,39.62982680,-104.99683186,1757.477,-152.9,-14.3,152.7,10.91,19
2024-08-03T01:32:36.593Z,2805,39.62982538,-104.99682829,1757.477,-152.6,-14.3,153.1,10.91,19
2024-08-03T01:32:36.626Z,2806,39.62982393,-104.99682472,1757.477,-152.3,-14.3,153.4,10.93,19
2024-08-03T01:32:36.660Z,2807,39.62982248,-104.99682115,1757.477,-152.0,-14.3,153.7,10.94,19
2024-08-03T01:32:36.693Z,2808,39.62982102,-104.99681757,1757.477,-151.8,-14.3,153.9,10.96,19
2024-08-03T01:32:36.727Z,2809,39.62981948,-104.99681387,1757.477,-151.5,-14.3,154.2,10.95,19
2024-08-03T01:32:36.760Z,2810,39.62981792,-104.99681013,1757.477,-151.2,-14.3,154.5,10.93,19
2024-08-03T01:32:36.793Z,2811,39.62981636,-104.99680640,1757.477,-150.9,-14.3,154.8,10.92,19
2024-08-03T01:32:36.827Z,2812,39.62981456,-104.99680222,1757.477,-150.6,-14.3,155.0,10.92,19
2024-08-03T01:32:36.860Z,2813,39.62981271,-104.99679795,1757.477,-150.3,-14.3,155.3,10.92,19
2024-08-03T01:32:36.893Z,2814,39.62981086,-104.99679368,1757.477,-150.0,-14.3,155.6,10.93,19
2024-08-03T01:32:36.927Z,2815,39.62980938,-104.99679034,1757.477,-149.8,-14.3,155.8,10.92,19
2024-08-03T01:32:36.960Z,2816,39.62980797,-104.99678720,1757.477,-149.5,-14.3,156.1,10.91,19
2024-08-03T01:32:36.993Z,2817,39.62980657,-104.99678406,1757.477,-149.2,-14.3,156.4,10.89,19
2024-08-03T01:32:37.027Z,2818,39.62980494,-104.99678049,1757.477,-149.0,-14.3,156.6,10.92,19
2024-08-03T01:32:37.060Z,2819,39.62980327,-104.99677682,1757.477,-148.8,-14.3,156.9,10.95,19
2024-08-03T01:32:37.094Z,2820,39.62980159,-104.99677315,1757.477,-148.5,-14.3,157.2,10.99,19
2024-08-03T01:32:37.127Z,2821,39.62979968,-104.99676926,1757.477,-148.3,-14.3,157.4,10.98,19
2024-08-03T01:32:37.160Z,2822,39.62979771,-104.99676532,1757.477,-148.1,-14.3,157.6,10.97,19
2024-08-03T01:32:37.194Z,2823,39.62979575,-104.99676139,1757.477,-147.9,-14.3,157.9,10.96,19
2024-08-03T01:32:37.227Z,2824,39.62979393,-104.99675772,1757.477,-147.7,-14.3,158.1,10.95,19
2024-08-03T01:32:37.260Z,2825,39.62979214,-104.99675412,1757.477,-147.5,-14.3,158.4,10.94,19
2024-08-03T01:32:37.294Z,2826,39.62979035,-104.99675052,1757.477,-147.2,-14.3,158.7,10.93,19
2024-08-03T01:32:37.327Z,2827,39.62978861,-104.99674708,1757.477,-146.9,-14.3,158.9,10.92,19
2024-08-03T01:32:37.361Z,2828,39.62978688,-104.99674368,1757.477,-146.6,-14.3,159.1,10.91,19
2024-08-03T01:32:37.394Z,2829,39.62978515,-104.99674027,1757.477,-146.3,-14.3,159.4,10.90,19
2024-08-03T01:32:37.427Z,2830,39.62978324,-104.99673662,1757.477,-146.0,-14.3,159.6,10.89,19
2024-08-03T01:32:37.461Z,2831,39.62978130,-104.99673291,1757.477,-145.7,-14.3,159.8,10.88,19
2024-08-03T01:32:37.494Z,2832,39.62977936,-104.99672921,1757.477,-145.4,-14.3,160.1,10.87,19
2024-08-03T01:32:37.527Z,2833,39.62977757,-104.99672584,1757.477,-145.3,-14.3,160.3,10.88,19
2024-08-03T01:32:37.561Z,2834,39.62977581,-104.99672254,1757.477,-145.2,-14.3,160.5,10.89,19
2024-08-03T01:32:37.594Z,2835,39.62977405,-104.99671924,1757.477,-145.1,-14.3,160.8,10.90,19
2024-08-03T01:32:37.627Z,2836,39.62977211,-104.99671565,1757.477,-144.9,-14.3,161.0,10.90,19
2024-08-03T01:32:37.661Z,2837,39.62977014,-104.99671202,1757.477,-144.7,-14.3,161.2,10.90,19
2024-08-03T01:32:37.694Z,2838,39.62976816,-104.99670838,1757.477,-144.5,-14.3,161.4,10.90,19
2024-08-03T01:32:37.728Z,2839,39.62976609,-104.99670480,1757.477,-144.3,-14.3,161.6,10.90,19
2024-08-03T01:32:37.761Z,2840,39.62976400,-104.99670123,1757.477,-144.0,-14.3,161.8,10.89,19
2024-08-03T01:32:37.794Z,2841,39.62976192,-104.99669766,1757.477,-143.7,-14.3,162.1,10.88,19
2024-08-03T01:32:37.828Z,2842,39.62975993,-104.99669426,1757.477,-143.5,-14.3,162.3,10.85,19
2024-08-03T01:32:37.861Z,2843,39.62975797,-104.99669089,1757.477,-143.3,-14.3,162.5,10.82,19
2024-08-03T01:32:37.894Z,2844,39.62975601,-104.99668752,1757.477,-143.0,-14.3,162.7,10.79,19
2024-08-03T01:32:37.928Z,2845,39.62975410,-104.99668432,1757.563,-142.9,-14.3,162.8,10.74,19
2024-08-03T01:32:37.961Z,2846,39.62975220,-104.99668115,1757.665,-142.7,-14.3,163.0,10.68,19
2024-08-03T01:32:37.994Z,2847,39.62975030,-104.99667798,1757.766,-142.5,-14.3,163.2,10.63,19
2024-08-03T01:32:38.028Z,2848,39.62974833,-104.99667472,1757.782,-142.4,-14.3,163.3,10.60,19
2024-08-03T01:32:38.061Z,2849,39.62974634,-104.99667145,1757.782,-142.3,-14.3,163.5,10.57,19
2024-08-03T01:32:38.095Z,2850,39.62974436,-104.99666818,1757.782,-142.2,-14.3,163.7,10.55,19
2024-08-03T01:32:38.128Z,2851,39.62974250,-104.99666517,1757.782,-142.1,-14.3,163.8,10.46,19
2024-08-03T01:32:38.161Z,2852,39.62974066,-104.99666220,1757.782,-141.9,-14.3,163.9,10.36,19
2024-08-03T01:32:38.195Z,2853,39.62973882,-104.99665923,1757.782,-141.7,-14.3,164.0,10.26,19
2024-08-03T01:32:38.228Z,2854,39.62973682,-104.99665606,1757.782,-141.6,-14.3,164.1,10.18,19
2024-08-03T01:32:38.261Z,2855,39.62973480,-104.99665285,1757.782,-141.6,-14.3,164.1,10.11,19
2024-08-03T01:32:38.295Z,2856,39.62973278,-104.99664965,1757.782,-141.5,-14.3,164.2,10.04,19
2024-08-03T01:32:38.328Z,2857,39.62973099,-104.99664676,1757.782,-141.5,-14.3,164.3,9.92,19
2024-08-03T01:32:38.362Z,2858,39.62972923,-104.99664393,1757.782,-141.5,-14.3,164.3,9.80,19
2024-08-03T01:32:38.395Z,2859,39.62972747,-104.99664109,1757.782,-141.5,-14.3,164.4,9.68,19
2024-08-03T01:32:38.428Z,2860,39.62972560,-104.99663808,1757.782,-141.5,-14.3,164.4,9.59,19
2024-08-03T01:32:38.462Z,2861,39.62972370,-104.99663505,1757.782,-141.6,-14.3,164.4,9.49,19
2024-08-03T01:32:38.495Z,2862,39.62972181,-104.99663201,1757.782,-141.6,-14.3,164.4,9.40,19
2024-08-03T01:32:38.528Z,2863,39.62972012,-104.99662932,1757.782,-141.5,-14.3,164.4,9.31,19
2024-08-03T01:32:38.562Z,2864,39.62971847,-104.99662668,1757.782,-141.4,-14.3,164.5,9.21,19
2024-08-03T01:32:38.595Z,2865,39.62971682,-104.99662405,1757.782,-141.3,-14.3,164.5,9.12,19
2024-08-03T01:32:38.628Z,2866,39.62971520,-104.99662150,1757.782,-141.2,-14.3,164.5,9.00,19
2024-08-03T01:32:38.662Z,2867,39.62971359,-104.99661896,1757.782,-141.1,-14.3,164.5,8.88,19
2024-08-03T01:32:38.695Z,2868,39.62971198,-104.99661643,1757.782,-140.9,-14.3,164.5,8.76,19
2024-08-03T01:32:38.729Z,2869,39.62971012,-104.99661351,1757.782,-141.2,-14.3,164.5,8.66,19
2024-08-03T01:32:38.762Z,2870,39.62970823,-104.99661054,1757.782,-141.5,-14.3,164.5,8.56,19
2024-08-03T01:32:38.795Z,2871,39.62970634,-104.99660757,1757.782,-141.9,-14.3,164.5,8.46,19
2024-08-03T01:32:38.829Z,2872,39.62970485,-104.99660528,1757.782,-142.0,-14.3,164.5,8.36,19
2024-08-03T01:32:38.862Z,2873,39.62970341,-104.99660307,1757.782,-142.0,-14.3,164.5,8.27,19
2024-08-03T01:32:38.895Z,2874,39.62970198,-104.99660087,1757.782,-142.1,-14.3,164.5,8.17,19
2024-08-03T01:32:38.929Z,2875,39.62970031,-104.99659841,1757.782,-142.2,-14.3,164.5,8.07,19
2024-08-03T01:32:38.962Z,2876,39.62969861,-104.99659590,1757.782,-142.3,-14.3,164.5,7.97,19
2024-08-03T01:32:38.995Z,2877,39.62969690,-104.99659340,1757.782,-142.4,-14.3,164.5,7.87,19
2024-08-03T01:32:39.029Z,2878,39.62969529,-104.99659119,1757.782,-142.5,-14.3,164.5,7.77,19
2024-08-03T01:32:39.062Z,2879,39.62969369,-104.99658902,1757.782,-142.5,-14.3,164.5,7.67,19
2024-08-03T01:32:39.096Z,2880,39.62969209,-104.99658685,1757.782,-142.6,-14.3,164.5,7.58,19
2024-08-03T01:32:39.129Z,2881,39.62969041,-104.99658477,1757.782,-142.6,-14.3,164.5,7.49,19
2024-08-03T01:32:39.162Z,2882,39.62968872,-104.99658270,1757.782,-142.5,-14.3,164.5,7.39,19
2024-08-03T01:32:39.196Z,2883,39.62968703,-104.99658064,1757.782,-142.5,-14.3,164.5,7.30,19
2024-08-03T01:32:39.229Z,2884,39.62968537,-104.99657877,1757.782,-142.7,-14.3,164.5,7.24,19
2024-08-03T01:32:39.262Z,2885,39.62968371,-104.99657694,1757.782,-142.9,-14.3,164.5,7.18,19
2024-08-03T01:32:39.296Z,2886,39.62968205,-104.99657510,1757.782,-143.1,-14.3,164.5,7.11,19
2024-08-03T01:32:39.329Z,2887,39.62968039,-104.99657359,1757.782,-143.0,-14.3,164.5,7.05,19
2024-08-03T01:32:39.363Z,2888,39.62967872,-104.99657213,1757.782,-142.9,-14.3,164.5,6.98,19
2024-08-03T01:32:39.396Z,2889,39.62967706,-104.99657066,1757.782,-142.8,-14.3,164.5,6.91,19
2024-08-03T01:32:39.429Z,2890,39.62967539,-104.99656925,1757.782,-142.7,-14.3,164.5,6.87,19
2024-08-03T01:32:39.463Z,2891,39.62967372,-104.99656785,1757.782,-142.5,-14.3,164.5,6.82,19
2024-08-03T01:32:39.496Z,2892,39.62967205,-104.99656645,1757.782,-142.3,-14.3,164.5,6.78,19
2024-08-03T01:32:39.529Z,2893,39.62967019,-104.99656520,1757.782,-142.3,-14.3,164.5,6.75,19
2024-08-03T01:32:39.563Z,2894,39.62966830,-104.99656396,1757.782,-142.3,-14.3,164.5,6.73,19
2024-08-03T01:32:39.596Z,2895,39.62966642,-104.99656273,1757.782,-142.3,-14.3,164.5,6.71,19
2024-08-03T01:32:39.629Z,2896,39.62966458,-104.99656161,1757.782,-142.4,-14.3,164.5,6.69,19
2024-08-03T01:32:39.663Z,2897,39.62966274,-104.99656051,1757.782,-142.4,-14.3,164.5,6.66,19
2024-08-03T01:32:39.696Z,2898,39.62966090,-104.99655941,1757.782,-142.5,-14.3,164.5,6.63,19
2024-08-03T01:32:39.730Z,2899,39.62965911,-104.99655855,1757.782,-142.5,-14.3,164.5,6.64,19
2024-08-03T01:32:39.763Z,2900,39.62965733,-104.99655771,1757.782,-142.6,-14.3,164.5,6.66,19
2024-08-03T01:32:39.796Z,2901,39.62965554,-104.99655688,1757.782,-142.6,-14.3,164.5,6.67,19
2024-08-03T01:32:39.830Z,2902,39.62965355,-104.99655608,1757.690,-142.6,-14.3,164.5,6.67,19
2024-08-03T01:32:39.863Z,2903,39.62965154,-104.99655528,1757.588,-142.6,-14.3,164.5,6.66,19
2024-08-03T01:32:39.896Z,2904,39.62964953,-104.99655447,1757.486,-142.6,-14.3,164.5,6.65,19
2024-08-03T01:32:39.930Z,2905,39.62964744,-104.99655376,1757.477,-142.6,-14.3,164.5,6.65,19
2024-08-03T01:32:39.963Z,2906,39.62964534,-104.99655306,1757.477,-142.5,-14.3,164.5,6.65,19
2024-08-03T01:32:39.996Z,2907,39.62964325,-104.99655236,1757.477,-142.5,-14.3,164.5,6.65,19
2024-08-03T01:32:40.030Z,2908,39.62964143,-104.99655191,1757.477,-142.5,-14.3,164.5,6.69,19
2024-08-03T01:32:40.063Z,2909,39.62963964,-104.99655147,1757.477,-142.4,-14.3,164.5,6.74,19
2024-08-03T01:32:40.097Z,2910,39.62963785,-104.99655104,1757.477,-142.4,-14.3,164.5,6.79,19
2024-08-03T01:32:40.130Z,2911,39.62963590,-104.99655070,1757.477,-142.4,-14.3,164.5,6.80,19
2024-08-03T01:32:40.163Z,2912,39.62963394,-104.99655036,1757.477,-142.4,-14.3,164.5,6.82,19
2024-08-03T01:32:40.197Z,2913,39.62963197,-104.99655003,1757.477,-142.4,-14.3,164.5,6.83,19
2024-08-03T01:32:40.230Z,2914,39.62962982,-104.99654979,1757.477,-142.4,-14.3,164.5,6.86,19
2024-08-03T01:32:40.263Z,2915,39.62962765,-104.99654955,1757.477,-142.4,-14.3,164.5,6.88,19
2024-08-03T01:32:40.297Z,2916,39.62962549,-104.99654932,1757.477,-142.4,-14.3,164.5,6.91,19
2024-08-03T01:32:40.330Z,2917,39.62962326,-104.99654921,1757.477,-142.4,-14.3,164.5,6.94,19
2024-08-03T01:32:40.364Z,2918,39.62962103,-104.99654911,1757.477,-142.4,-14.3,164.5,6.97,19
2024-08-03T01:32:40.397Z,2919,39.62961880,-104.99654901,1757.477,-142.4,-14.3,164.5,7.00,19
2024-08-03T01:32:40.430Z,2920,39.62961657,-104.99654906,1757.477,-142.5,-14.3,164.5,7.03,19
2024-08-03T01:32:40.464Z,2921,39.62961433,-104.99654913,1757.477,-142.7,-14.3,164.5,7.07,19
2024-08-03T01:32:40.497Z,2922,39.62961210,-104.99654919,1757.477,-142.8,-14.3,164.5,7.10,19
2024-08-03T01:32:40.530Z,2923,39.62961004,-104.99654935,1757.477,-142.9,-14.3,164.5,7.11,19
2024-08-03T01:32:40.564Z,2924,39.62960799,-104.99654952,1757.477,-143.1,-14.3,164.5,7.12,19
2024-08-03T01:32:40.597Z,2925,39.62960595,-104.99654969,1757.477,-143.2,-14.3,164.5,7.12,19
2024-08-03T01:32:40.630Z,2926,39.62960372,-104.99655004,1757.477,-143.3,-14.3,164.5,7.11,19
2024-08-03T01:32:40.664Z,2927,39.62960147,-104.99655041,1757.477,-143.3,-14.3,164.5,7.09,19
2024-08-03T01:32:40.697Z,2928,39.62959922,-104.99655077,1757.477,-143.4,-14.3,164.5,7.07,19
2024-08-03T01:32:40.731Z,2929,39.62959730,-104.99655123,1757.477,-143.5,-14.3,164.5,7.09,19
2024-08-03T01:32:40.764Z,2930,39.62959539,-104.99655170,1757.477,-143.6,-14.3,164.5,7.11,19
2024-08-03T01:32:40.797Z,2931,39.62959349,-104.99655217,1757.477,-143.7,-14.3,164.5,7.14,19
2024-08-03T01:32:40.831Z,2932,39.62959131,-104.99655279,1757.477,-143.6,-14.3,164.5,7.13,19
2024-08-03T01:32:40.864Z,2933,39.62958911,-104.99655343,1757.477,-143.6,-14.3,164.5,7.12,19
2024-08-03T01:32:40.897Z,2934,39.62958691,-104.99655406,1757.477,-143.5,-14.3,164.5,7.11,19
2024-08-03T01:32:40.931Z,2935,39.62958493,-104.99655482,1757.477,-143.4,-14.3,164.5,7.11,19
2024-08-03T01:32:40.964Z,2936,39.62958298,-104.99655559,1757.477,-143.4,-14.3,164.5,7.11,19
2024-08-03T01:32:40.997Z,2937,39.62958102,-104.99655635,1757.477,-143.3,-14.3,164.5,7.12,19
2024-08-03T01:32:41.031Z,2938,39.62957880,-104.99655734,1757.477,-143.3,-14.3,164.5,7.12,19
2024-08-03T01:32:41.064Z,2939,39.62957656,-104.99655834,1757.477,-143.3,-14.3,164.5,7.12,19
2024-08-03T01:32:41.098Z,2940,39.62957432,-104.99655934,1757.477,-143.3,-14.3,164.5,7.12,19
2024-08-03T01:32:41.131Z,2941,39.62957231,-104.99656038,1757.477,-143.3,-14.3,164.5,7.13,19
2024-08-03T01:32:41.164Z,2942,39.62957031,-104.99656141,1757.477,-143.4,-14.3,164.5,7.15,19
2024-08-03T01:32:41.198Z,2943,39.62956832,-104.99656244,1757.477,-143.4,-14.3,164.5,7.17,19
2024-08-03T01:32:41.231Z,2944,39.62956632,-104.99656360,1757.477,-143.4,-14.3,164.5,7.18,19
2024-08-03T01:32:41.264Z,2945,39.62956432,-104.99656477,1757.477,-143.3,-14.3,164.5,7.19,19
2024-08-03T01:32:41.298Z,2946,39.62956232,-104.99656594,1757.477,-143.3,-14.3,164.5,7.20,19
2024-08-03T01:32:41.331Z,2947,39.62956046,-104.99656717,1757.477,-143.3,-14.3,164.5,7.24,19
2024-08-03T01:32:41.365Z,2948,39.62955860,-104.99656841,1757.477,-143.3,-14.3,164.5,7.29,19
2024-08-03T01:32:41.398Z,2949,39.62955674,-104.99656964,1757.477,-143.3,-14.3,164.5,7.33,19
2024-08-03T01:32:41.431Z,2950,39.62955468,-104.99657110,1757.477,-143.3,-14.3,164.5,7.35,19
2024-08-03T01:32:41.465Z,2951,39.62955262,-104.99657257,1757.477,-143.2,-14.3,164.5,7.37,19
2024-08-03T01:32:41.498Z,2952,39.62955055,-104.99657403,1757.477,-143.2,-14.3,164.5,7.39,19
2024-08-03T01:32:41.531Z,2953,39.62954873,-104.99657547,1757.477,-143.2,-14.3,164.5,7.44,19
2024-08-03T01:32:41.565Z,2954,39.62954691,-104.99657690,1757.477,-143.1,-14.3,164.5,7.49,19
2024-08-03T01:32:41.598Z,2955,39.62954510,-104.99657834,1757.477,-143.1,-14.3,164.5,7.55,19
2024-08-03T01:32:41.631Z,2956,39.62954310,-104.99658003,1757.477,-143.1,-14.3,164.5,7.56,19
2024-08-03T01:32:41.665Z,2957,39.62954110,-104.99658173,1757.477,-143.1,-14.3,164.5,7.56,19
2024-08-03T01:32:41.698Z,2958,39.62953910,-104.99658343,1757.477,-143.1,-14.3,164.5,7.57,19
2024-08-03T01:32:41.732Z,2959,39.62953704,-104.99658526,1757.477,-143.0,-14.3,164.5,7.63,19
2024-08-03T01:32:41.765Z,2960,39.62953499,-104.99658710,1757.477,-143.0,-14.3,164.5,7.68,19
2024-08-03T01:32:41.798Z,2961,39.62953293,-104.99658893,1757.477,-142.9,-14.3,164.5,7.74,19
2024-08-03T01:32:41.832Z,2962,39.62953103,-104.99659077,1757.477,-142.9,-14.3,164.5,7.78,19
2024-08-03T01:32:41.865Z,2963,39.62952912,-104.99659260,1757.477,-142.8,-14.3,164.5,7.82,19
2024-08-03T01:32:41.898Z,2964,39.62952722,-104.99659444,1757.477,-142.8,-14.3,164.5,7.86,19
2024-08-03T01:32:41.932Z,2965,39.62952537,-104.99659618,1757.477,-142.8,-14.3,164.5,7.90,19
2024-08-03T01:32:41.965Z,2966,39.62952352,-104.99659791,1757.477,-142.8,-14.3,164.5,7.94,19
2024-08-03T01:32:41.998Z,2967,39.62952167,-104.99659965,1757.477,-142.8,-14.3,164.5,7.98,19
2024-08-03T01:32:42.032Z,2968,39.62951994,-104.99660142,1757.477,-142.7,-14.3,164.5,8.02,19
2024-08-03T01:32:42.065Z,2969,39.62951822,-104.99660318,1757.477,-142.6,-14.3,164.5,8.06,19
2024-08-03T01:32:42.099Z,2970,39.62951651,-104.99660495,1757.477,-142.5,-14.3,164.5,8.10,19
2024-08-03T01:32:42.132Z,2971,39.62951470,-104.99660685,1757.477,-142.3,-14.3,164.5,8.15,19
2024-08-03T01:32:42.165Z,2972,39.62951289,-104.99660875,1757.477,-142.0,-14.3,164.5,8.20,19
2024-08-03T01:32:42.199Z,2973,39.62951108,-104.99661065,1757.477,-141.8,-14.3,164.5,8.25,19
2024-08-03T01:32:42.232Z,2974,39.62950883,-104.99661301,1757.477,-141.6,-14.3,164.5,8.29,19
2024-08-03T01:32:42.265Z,2975,39.62950656,-104.99661538,1757.477,-141.5,-14.3,164.5,8.34,19
2024-08-03T01:32:42.299Z,2976,39.62950430,-104.99661775,1757.477,-141.3,-14.3,164.5,8.39,19
2024-08-03T01:32:42.332Z,2977,39.62950238,-104.99661973,1757.477,-141.2,-14.3,164.5,8.41,19
2024-08-03T01:32:42.366Z,2978,39.62950048,-104.99662170,1757.477,-141.2,-14.3,164.5,8.44,19
2024-08-03T01:32:42.399Z,2979,39.62949857,-104.99662366,1757.477,-141.1,-14.3,164.5,8.46,19
2024-08-03T01:32:42.432Z,2980,39.62949644,-104.99662586,1757.477,-141.2,-14.3,164.5,8.54,19
2024-08-03T01:32:42.466Z,2981,39.62949429,-104.99662806,1757.477,-141.2,-14.3,164.5,8.61,19
2024-08-03T01:32:42.499Z,2982,39.62949215,-104.99663027,1757.477,-141.3,-14.3,164.5,8.68,19
2024-08-03T01:32:42.532Z,2983,39.62949036,-104.99663207,1757.477,-141.3,-14.3,164.5,8.73,19
2024-08-03T01:32:42.566Z,2984,39.62948856,-104.99663388,1757.477,-141.4,-14.3,164.5,8.78,19
2024-08-03T01:32:42.599Z,2985,39.62948677,-104.99663568,1757.477,-141.4,-14.3,164.5,8.82,19
2024-08-03T01:32:42.632Z,2986,39.62948465,-104.99663781,1757.477,-141.4,-14.3,164.5,8.85,19
2024-08-03T01:32:42.666Z,2987,39.62948253,-104.99663995,1757.477,-141.3,-14.3,164.5,8.88,19
2024-08-03T01:32:42.699Z,2988,39.62948041,-104.99664208,1757.477,-141.3,-14.3,164.5,8.90,19
2024-08-03T01:32:42.733Z,2989,39.62947814,-104.99664435,1757.477,-141.2,-14.3,164.5,8.95,19
2024-08-03T01:32:42.766Z,2990,39.62947587,-104.99664662,1757.477,-141.2,-14.3,164.5,9.00,19
2024-08-03T01:32:42.799Z,2991,39.62947359,-104.99664889,1757.477,-141.1,-14.3,164.5,9.04,19
2024-08-03T01:32:42.833Z,2992,39.62947127,-104.99665116,1757.477,-141.0,-14.3,164.5,9.10,19
2024-08-03T01:32:42.866Z,2993,39.62946895,-104.99665342,1757.477,-140.9,-14.3,164.5,9.15,19
2024-08-03T01:32:42.899Z,2994,39.62946663,-104.99665569,1757.477,-140.8,-14.3,164.5,9.20,19
2024-08-03T01:32:42.933Z,2995,39.62946429,-104.99665803,1757.477,-140.7,-14.3,164.5,9.23,19
2024-08-03T01:32:42.966Z,2996,39.62946196,-104.99666036,1757.477,-140.6,-14.3,164.5,9.25,19
2024-08-03T01:32:43.000Z,2997,39.62945963,-104.99666270,1757.477,-140.5,-14.3,164.5,9.28,19
2024-08-03T01:32:43.033Z,2998,39.62945735,-104.99666487,1757.477,-140.5,-14.3,164.5,9.31,19
2024-08-03T01:32:43.066Z,2999,39.62945507,-104.99666704,1757.477,-140.6,-14.3,164.5,9.35,19
2024-08-03T01:32:43.100Z,3000,39.62945278,-104.99666921,1757.477,-140.6,-14.3,164.5,9.38,19
2024-08-03T01:32:43.133Z,3001,39.62945047,-104.99667134,1757.477,-140.6,-14.3,164.5,9.41,19
2024-08-03T01:32:43.166Z,3002,39.62944815,-104.99667348,1757.477,-140.5,-14.3,164.5,9.44,19
2024-08-03T01:32:43.200Z,3003,39.62944584,-104.99667561,1757.477,-140.5,-14.3,164.5,9.46,19
2024-08-03T01:32:43.233Z,3004,39.62944370,-104.99667748,1757.477,-140.4,-14.3,164.5,9.50,19
2024-08-03T01:32:43.266Z,3005,39.62944156,-104.99667935,1757.477,-140.3,-14.3,164.5,9.53,19
2024-08-03T01:32:43.300Z,3006,39.62943942,-104.99668122,1757.477,-140.2,-14.3,164.5,9.57,19
2024-08-03T01:32:43.333Z,3007,39.62943690,-104.99668342,1757.477,-140.2,-14.3,164.5,9.58,19
2024-08-03T01:32:43.367Z,3008,39.62943438,-104.99668562,1757.477,-140.2,-14.3,164.5,9.59,19
2024-08-03T01:32:43.400Z,3009,39.62943186,-104.99668783,1757.477,-140.2,-14.3,164.5,9.60,19
2024-08-03T01:32:43.433Z,3010,39.62942926,-104.99668999,1757.477,-140.3,-14.3,164.5,9.61,19
2024-08-03T01:32:43.467Z,3011,39.62942665,-104.99669216,1757.477,-140.4,-14.3,164.5,9.62,19
2024-08-03T01:32:43.500Z,3012,39.62942405,-104.99669433,1757.477,-140.5,-14.3,164.5,9.63,19
2024-08-03T01:32:43.533Z,3013,39.62942169,-104.99669626,1757.477,-140.6,-14.3,164.5,9.68,19
2024-08-03T01:32:43.567Z,3014,39.62941932,-104.99669820,1757.477,-140.6,-14.3,164.5,9.74,19
2024-08-03T01:32:43.600Z,3015,39.62941695,-104.99670013,1757.477,-140.7,-14.3,164.5,9.79,19
2024-08-03T01:32:43.633Z,3016,39.62941454,-104.99670207,1757.477,-140.7,-14.3,164.5,9.81,19
2024-08-03T01:32:43.667Z,3017,39.62941214,-104.99670401,1757.477,-140.7,-14.3,164.5,9.82,19
2024-08-03T01:32:43.700Z,3018,39.62940972,-104.99670595,1757.477,-140.7,-14.3,164.5,9.83,19
2024-08-03T01:32:43.734Z,3019,39.62940677,-104.99670825,1757.477,-140.7,-14.3,164.5,9.86,19
2024-08-03T01:32:43.767Z,3020,39.62940382,-104.99671055,1757.477,-140.7,-14.3,164.5,9.88,19
2024-08-03T01:32:43.800Z,3021,39.62940088,-104.99671285,1757.477,-140.7,-14.3,164.5,9.91,19
2024-08-03T01:32:43.834Z,3022,39.62939829,-104.99671488,1757.477,-140.7,-14.3,164.5,9.94,19
2024-08-03T01:32:43.867Z,3023,39.62939571,-104.99671692,1757.477,-140.7,-14.3,164.5,9.97,19
2024-08-03T01:32:43.900Z,3024,39.62939313,-104.99671895,1757.477,-140.7,-14.3,164.5,10.00,19
2024-08-03T01:32:43.934Z,3025,39.62939090,-104.99672061,1757.477,-140.8,-14.3,164.5,10.03,19
2024-08-03T01:32:43.967Z,3026,39.62938868,-104.99672228,1757.477,-140.9,-14.3,164.5,10.06,19
2024-08-03T01:32:44.001Z,3027,39.62938644,-104.99672396,1757.477,-141.0,-14.3,164.5,10.09,19
2024-08-03T01:32:44.034Z,3028,39.62938367,-104.99672607,1757.477,-141.0,-14.3,164.5,10.11,19
2024-08-03T01:32:44.067Z,3029,39.62938090,-104.99672817,1757.477,-141.0,-14.3,164.5,10.14,19
2024-08-03T01:32:44.101Z,3030,39.62937815,-104.99673026,1757.477,-141.0,-14.3,164.5,10.17,19
2024-08-03T01:32:44.134Z,3031,39.62937574,-104.99673210,1757.477,-141.2,-14.3,164.5,10.17,19
2024-08-03T01:32:44.167Z,3032,39.62937333,-104.99673393,1757.477,-141.3,-14.3,164.5,10.17,19
2024-08-03T01:32:44.201Z,3033,39.62937089,-104.99673578,1757.477,-141.5,-14.3,164.5,10.17,19
2024-08-03T01:32:44.234Z,3034,39.62936784,-104.99673812,1757.477,-141.6,-14.3,164.5,10.19,19
2024-08-03T01:32:44.267Z,3035,39.62936478,-104.99674046,1757.477,-141.6,-14.3,164.5,10.21,19
2024-08-03T01:32:44.301Z,3036,39.62936175,-104.99674278,1757.477,-141.7,-14.3,164.5,10.22,19
2024-08-03T01:32:44.334Z,3037,39.62935919,-104.99674475,1757.477,-141.7,-14.3,164.5,10.24,19
2024-08-03T01:32:44.368Z,3038,39.62935663,-104.99674671,1757.477,-141.7,-14.3,164.5,10.26,19
2024-08-03T01:32:44.401Z,3039,39.62935406,-104.99674869,1757.477,-141.7,-14.3,164.5,10.27,19
2024-08-03T01:32:44.434Z,3040,39.62935124,-104.99675089,1757.477,-141.7,-14.3,164.5,10.32,19
2024-08-03T01:32:44.468Z,3041,39.62934841,-104.99675310,1757.477,-141.8,-14.3,164.5,10.37,19
2024-08-03T01:32:44.501Z,3042,39.62934561,-104.99675528,1757.477,-141.8,-14.3,164.5,10.41,19
2024-08-03T01:32:44.534Z,3043,39.62934334,-104.99675712,1757.477,-141.8,-14.3,164.5,10.43,19
2024-08-03T01:32:44.568Z,3044,39.62934107,-104.99675895,1757.477,-141.8,-14.3,164.5,10.45,19
2024-08-03T01:32:44.601Z,3045,39.62933876,-104.99676082,1757.477,-141.8,-14.3,164.5,10.46,19
2024-08-03T01:32:44.634Z,3046,39.62933569,-104.99676332,1757.477,-141.8,-14.3,164.5,10.48,19
2024-08-03T01:32:44.668Z,3047,39.62933261,-104.99676583,1757.477,-141.7,-14.3,164.5,10.50,19
2024-08-03T01:32:44.701Z,3048,39.62932957,-104.99676830,1757.477,-141.7,-14.3,164.5,10.52,19
2024-08-03T01:32:44.735Z,3049,39.62932713,-104.99677030,1757.477,-141.7,-14.3,164.5,10.53,19
2024-08-03T01:32:44.768Z,3050,39.62932469,-104.99677231,1757.477,-141.8,-14.3,164.5,10.55,19
2024-08-03T01:32:44.801Z,3051,39.62932223,-104.99677433,1757.477,-141.8,-14.3,164.5,10.57,19
2024-08-03T01:32:44.835Z,3052,39.62931944,-104.99677670,1757.477,-141.9,-14.3,164.5,10.59,19
2024-08-03T01:32:44.868Z,3053,39.62931664,-104.99677907,1757.477,-142.0,-14.3,164.5,10.61,19
2024-08-03T01:32:44.901Z,3054,39.62931385,-104.99678144,1757.477,-142.1,-14.3,164.5,10.62,19
2024-08-03T01:32:44.935Z,3055,39.62931099,-104.99678387,1757.477,-142.1,-14.3,164.5,10.61,19
2024-08-03T01:32:44.968Z,3056,39.62930814,-104.99678631,1757.477,-142.1,-14.3,164.5,10.60,19
2024-08-03T01:32:45.002Z,3057,39.62930529,-104.99678875,1757.477,-142.1,-14.3,164.5,10.60,19
2024-08-03T01:32:45.035Z,3058,39.62930250,-104.99679122,1757.477,-142.2,-14.3,164.5,10.61,19
2024-08-03T01:32:45.068Z,3059,39.62929971,-104.99679369,1757.477,-142.2,-14.3,164.5,10.63,19
2024-08-03T01:32:45.102Z,3060,39.62929696,-104.99679612,1757.477,-142.3,-14.3,164.5,10.65,19
2024-08-03T01:32:45.135Z,3061,39.62929479,-104.99679806,1757.477,-142.4,-14.3,164.5,10.66,19
2024-08-03T01:32:45.168Z,3062,39.62929263,-104.99679999,1757.477,-142.4,-14.3,164.5,10.67,19
2024-08-03T01:32:45.202Z,3063,39.62929042,-104.99680197,1757.477,-142.5,-14.3,164.5,10.68,19
2024-08-03T01:32:45.235Z,3064,39.62928767,-104.99680457,1757.477,-142.5,-14.3,164.5,10.68,19
2024-08-03T01:32:45.268Z,3065,39.62928491,-104.99680718,1757.477,-142.5,-14.3,164.5,10.67,19
2024-08-03T01:32:45.302Z,3066,39.62928216,-104.99680978,1757.477,-142.5,-14.3,164.5,10.66,19
2024-08-03T01:32:45.335Z,3067,39.62927939,-104.99681238,1757.477,-142.5,-14.3,164.5,10.67,19
2024-08-03T01:32:45.369Z,3068,39.62927662,-104.99681498,1757.477,-142.5,-14.3,164.5,10.69,19
2024-08-03T01:32:45.402Z,3069,39.62927385,-104.99681759,1757.477,-142.5,-14.3,164.5,10.70,19
2024-08-03T01:32:45.435Z,3070,39.62927113,-104.99682030,1757.477,-142.5,-14.3,164.5,10.72,19
2024-08-03T01:32:45.469Z,3071,39.62926842,-104.99682300,1757.477,-142.5,-14.3,164.5,10.74,19
2024-08-03T01:32:45.502Z,3072,39.62926572,-104.99682569,1757.477,-142.5,-14.3,164.5,10.76,19
2024-08-03T01:32:45.535Z,3073,39.62926330,-104.99682819,1757.477,-142.5,-14.3,164.5,10.78,19
2024-08-03T01:32:45.569Z,3074,39.62926089,-104.99683069,1757.477,-142.4,-14.3,164.5,10.79,19
2024-08-03T01:32:45.602Z,3075,39.62925845,-104.99683322,1757.477,-142.4,-14.3,164.5,10.81,19
2024-08-03T01:32:45.635Z,3076,39.62925582,-104.99683606,1757.477,-142.4,-14.3,164.5,10.77,19
2024-08-03T01:32:45.669Z,3077,39.62925319,-104.99683889,1757.477,-142.5,-14.3,164.5,10.74,19
2024-08-03T01:32:45.702Z,3078,39.62925056,-104.99684173,1757.477,-142.5,-14.3,164.5,10.72,19
2024-08-03T01:32:45.736Z,3079,39.62924792,-104.99684460,1757.477,-142.5,-14.3,164.5,10.74,19
2024-08-03T01:32:45.769Z,3080,39.62924529,-104.99684747,1757.477,-142.5,-14.3,164.5,10.75,19
2024-08-03T01:32:45.802Z,3081,39.62924270,-104.99685031,1757.477,-142.5,-14.3,164.5,10.77,19
2024-08-03T01:32:45.836Z,3082,39.62924050,-104.99685285,1757.477,-142.5,-14.3,164.5,10.74,19
2024-08-03T01:32:45.869Z,3083,39.62923830,-104.99685538,1757.477,-142.5,-14.3,164.5,10.71,19
2024-08-03T01:32:45.902Z,3084,39.62923609,-104.99685796,1757.477,-142.5,-14.3,164.5,10.69,19
2024-08-03T01:32:45.936Z,3085,39.62923364,-104.99686096,1757.477,-142.5,-14.3,164.5,10.71,19
2024-08-03T01:32:45.969Z,3086,39.62923120,-104.99686397,1757.477,-142.5,-14.3,164.6,10.73,19
2024-08-03T01:32:46.003Z,3087,39.62922875,-104.99686698,1757.477,-142.5,-14.3,164.6,10.75,19
2024-08-03T01:32:46.036Z,3088,39.62922631,-104.99687012,1757.477,-142.4,-14.3,164.6,10.78,19
2024-08-03T01:32:46.069Z,3089,39.62922387,-104.99687326,1757.477,-142.4,-14.3,164.7,10.80,19
2024-08-03T01:32:46.103Z,3090,39.62922145,-104.99687636,1757.477,-142.3,-14.3,164.7,10.82,19
2024-08-03T01:32:46.136Z,3091,39.62921926,-104.99687920,1757.477,-142.2,-14.3,164.7,10.79,19
2024-08-03T01:32:46.169Z,3092,39.62921707,-104.99688204,1757.477,-142.2,-14.3,164.8,10.77,19
2024-08-03T01:32:46.203Z,3093,39.62921487,-104.99688489,1757.477,-142.1,-14.3,164.8,10.75,19
2024-08-03T01:32:46.236Z,3094,39.62921263,-104.99688796,1757.477,-142.1,-14.3,164.9,10.78,19
2024-08-03T01:32:46.269Z,3095,39.62921038,-104.99689103,1757.477,-142.0,-14.3,164.9,10.80,19
2024-08-03T01:32:46.303Z,3096,39.62920815,-104.99689409,1757.477,-142.0,-14.3,165.0,10.82,19
2024-08-03T01:32:46.336Z,3097,39.62920601,-104.99689703,1757.477,-141.9,-14.3,165.1,10.83,19
2024-08-03T01:32:46.370Z,3098,39.62920387,-104.99689996,1757.477,-141.8,-14.3,165.1,10.83,19
2024-08-03T01:32:46.403Z,3099,39.62920174,-104.99690291,1757.477,-141.7,-14.3,165.2,10.83,19
2024-08-03T01:32:46.436Z,3100,39.62919966,-104.99690591,1757.477,-141.6,-14.3,165.3,10.83,19
2024-08-03T01:32:46.470Z,3101,39.62919759,-104.99690891,1757.477,-141.5,-14.3,165.3,10.84,19
2024-08-03T01:32:46.503Z,3102,39.62919550,-104.99691193,1757.477,-141.4,-14.3,165.4,10.84,19
2024-08-03T01:32:46.536Z,3103,39.62919333,-104.99691503,1757.477,-141.3,-14.3,165.5,10.84,19
2024-08-03T01:32:46.570Z,3104,39.62919115,-104.99691813,1757.477,-141.2,-14.3,165.5,10.84,19
2024-08-03T01:32:46.603Z,3105,39.62918896,-104.99692129,1757.477,-141.1,-14.3,165.6,10.85,19
2024-08-03T01:32:46.636Z,3106,39.62918661,-104.99692486,1757.477,-141.1,-14.3,165.7,10.85,19
2024-08-03T01:32:46.670Z,3107,39.62918427,-104.99692843,1757.477,-141.0,-14.3,165.7,10.85,19
2024-08-03T01:32:46.703Z,3108,39.62918193,-104.99693198,1757.477,-141.0,-14.3,165.8,10.86,19
2024-08-03T01:32:46.737Z,3109,39.62917970,-104.99693538,1757.477,-140.9,-14.3,165.9,10.86,19
2024-08-03T01:32:46.770Z,3110,39.62917747,-104.99693878,1757.477,-140.9,-14.3,165.9,10.87,19
2024-08-03T01:32:46.803Z,3111,39.62917528,-104.99694214,1757.477,-140.8,-14.3,166.0,10.87,19
2024-08-03T01:32:46.837Z,3112,39.62917341,-104.99694511,1757.477,-140.8,-14.3,166.1,10.88,19
2024-08-03T01:32:46.870Z,3113,39.62917155,-104.99694808,1757.477,-140.7,-14.3,166.1,10.88,19
2024-08-03T01:32:46.903Z,3114,39.62916964,-104.99695111,1757.477,-140.7,-14.3,166.2,10.89,19
2024-08-03T01:32:46.937Z,3115,39.62916744,-104.99695465,1757.477,-140.6,-14.3,166.3,10.91,19
2024-08-03T01:32:46.970Z,3116,39.62916523,-104.99695819,1757.477,-140.4,-14.3,166.3,10.94,19
2024-08-03T01:32:47.004Z,3117,39.62916307,-104.99696166,1757.477,-140.3,-14.3,166.4,10.96,19
2024-08-03T01:32:47.037Z,3118,39.62916124,-104.99696470,1757.477,-140.3,-14.3,166.4,10.97,19
2024-08-03T01:32:47.070Z,3119,39.62915941,-104.99696774,1757.477,-140.2,-14.3,166.5,10.98,19
2024-08-03T01:32:47.104Z,3120,39.62915757,-104.99697079,1757.477,-140.2,-14.3,166.5,10.98,19
2024-08-03T01:32:47.137Z,3121,39.62915560,-104.99697400,1757.477,-140.2,-14.3,166.6,10.99,19
2024-08-03T01:32:47.170Z,3122,39.62915363,-104.99697720,1757.477,-140.2,-14.3,166.6,10.99,19
2024-08-03T01:32:47.204Z,3123,39.62915162,-104.99698050,1757.477,-140.2,-14.3,166.7,11.00,19
2024-08-03T01:32:47.237Z,3124,39.62914932,-104.99698447,1757.477,-140.1,-14.3,166.8,11.01,19
2024-08-03T01:32:47.270Z,3125,39.62914702,-104.99698844,1757.477,-140.0,-14.3,166.8,11.01,19
2024-08-03T01:32:47.304Z,3126,39.62914478,-104.99699233,1757.477,-139.9,-14.3,166.9,11.02,19
2024-08-03T01:32:47.337Z,3127,39.62914289,-104.99699563,1757.477,-139.7,-14.3,167.0,11.05,19
2024-08-03T01:32:47.371Z,3128,39.62914100,-104.99699893,1757.477,-139.6,-14.3,167.0,11.08,19
2024-08-03T01:32:47.404Z,3129,39.62913909,-104.99700229,1757.477,-139.5,-14.3,167.1,11.10,19
2024-08-03T01:32:47.437Z,3130,39.62913703,-104.99700599,1757.477,-139.5,-14.3,167.2,11.08,19
2024-08-03T01:32:47.471Z,3131,39.62913497,-104.99700970,1757.477,-139.5,-14.3,167.2,11.06,19
2024-08-03T01:32:47.504Z,3132,39.62913294,-104.99701336,1757.477,-139.5,-14.3,167.3,11.04,19
2024-08-03T01:32:47.537Z,3133,39.62913109,-104.99701676,1757.477,-139.4,-14.3,167.4,11.05,19
2024-08-03T01:32:47.571Z,3134,39.62912924,-104.99702017,1757.477,-139.4,-14.3,167.4,11.06,19
2024-08-03T01:32:47.604Z,3135,39.62912736,-104.99702362,1757.477,-139.3,-14.3,167.5,11.07,19
2024-08-03T01:32:47.637Z,3136,39.62912535,-104.99702739,1757.477,-139.2,-14.3,167.6,11.10,19
2024-08-03T01:32:47.671Z,3137,39.62912335,-104.99703116,1757.477,-139.1,-14.3,167.6,11.13,19
2024-08-03T01:32:47.704Z,3138,39.62912138,-104.99703485,1757.477,-139.0,-14.3,167.7,11.15,19
2024-08-03T01:32:47.738Z,3139,39.62911971,-104.99703805,1757.477,-138.9,-14.3,167.8,11.16,19
2024-08-03T01:32:47.771Z,3140,39.62911803,-104.99704126,1757.477,-138.9,-14.4,167.8,11.17,19
2024-08-03T01:32:47.804Z,3141,39.62911631,-104.99704455,1757.477,-138.8,-14.4,167.9,11.18,19
2024-08-03T01:32:47.838Z,3142,39.62911438,-104.99704839,1757.477,-138.7,-14.5,168.0,11.19,19
2024-08-03T01:32:47.871Z,3143,39.62911244,-104.99705223,1757.477,-138.7,-14.5,168.1,11.20,19
2024-08-03T01:32:47.904Z,3144,39.62911052,-104.99705601,1757.477,-138.6,-14.6,168.2,11.20,19
2024-08-03T01:32:47.938Z,3145,39.62910871,-104.99705948,1757.477,-138.5,-14.7,168.3,11.19,19
2024-08-03T01:32:47.971Z,3146,39.62910690,-104.99706295,1757.477,-138.5,-14.7,168.3,11.17,19
2024-08-03T01:32:48.005Z,3147,39.62910506,-104.99706651,1757.477,-138.4,-14.8,168.4,11.16,19
2024-08-03T01:32:48.038Z,3148,39.62910303,-104.99707054,1757.477,-138.3,-14.9,168.5,11.18,19
2024-08-03T01:32:48.071Z,3149,39.62910100,-104.99707458,1757.477,-138.2,-14.9,168.6,11.21,19
2024-08-03T01:32:48.105Z,3150,39.62909900,-104.99707857,1757.477,-138.1,-15.0,168.7,11.24,19
2024-08-03T01:32:48.138Z,3151,39.62909718,-104.99708227,1757.477,-138.0,-15.1,168.8,11.25,19
2024-08-03T01:32:48.171Z,3152,39.62909535,-104.99708597,1757.477,-138.0,-15.1,168.8,11.26,19
2024-08-03T01:32:48.205Z,3153,39.62909353,-104.99708968,1757.477,-137.9,-15.2,168.9,11.27,19
2024-08-03T01:32:48.238Z,3154,39.62909174,-104.99709342,1757.477,-137.8,-15.3,169.0,11.25,19
2024-08-03T01:32:48.271Z,3155,39.62908995,-104.99709716,1757.477,-137.8,-15.3,169.0,11.23,19
2024-08-03T01:32:48.305Z,3156,39.62908818,-104.99710088,1757.477,-137.7,-15.4,169.1,11.22,19
2024-08-03T01:32:48.338Z,3157,39.62908652,-104.99710452,1757.477,-137.6,-15.5,169.2,11.25,19
2024-08-03T01:32:48.372Z,3158,39.62908485,-104.99710815,1757.477,-137.5,-15.5,169.3,11.28,19
2024-08-03T01:32:48.405Z,3159,39.62908316,-104.99711185,1757.477,-137.4,-15.6,169.4,11.30,19
2024-08-03T01:32:48.438Z,3160,39.62908134,-104.99711585,1757.477,-137.3,-15.7,169.5,11.28,19
2024-08-03T01:32:48.472Z,3161,39.62907952,-104.99711986,1757.477,-137.3,-15.7,169.5,11.27,19
2024-08-03T01:32:48.505Z,3162,39.62907772,-104.99712379,1757.477,-137.2,-15.8,169.6,11.25,19
2024-08-03T01:32:48.538Z,3163,39.62907606,-104.99712740,1757.477,-137.1,-15.8,169.7,11.26,19
2024-08-03T01:32:48.572Z,3164,39.62907439,-104.99713100,1757.477,-137.1,-15.9,169.8,11.28,19
2024-08-03T01:32:48.605Z,3165,39.62907270,-104.99713468,1757.477,-137.0,-15.9,169.9,11.29,19
2024-08-03T01:32:48.638Z,3166,39.62907091,-104.99713875,1757.477,-136.9,-16.0,170.0,11.30,19
2024-08-03T01:32:48.672Z,3167,39.62906913,-104.99714283,1757.477,-136.8,-16.0,170.0,11.31,19
2024-08-03T01:32:48.705Z,3168,39.62906733,-104.99714689,1757.477,-136.7,-16.1,170.1,11.33,19
2024-08-03T01:32:48.739Z,3169,39.62906548,-104.99715093,1757.477,-136.6,-16.1,170.2,11.33,19
2024-08-03T01:32:48.772Z,3170,39.62906362,-104.99715497,1757.477,-136.5,-16.2,170.2,11.33,19
2024-08-03T01:32:48.805Z,3171,39.62906180,-104.99715897,1757.477,-136.4,-16.2,170.3,11.33,19
2024-08-03T01:32:48.839Z,3172,39.62906015,-104.99716284,1757.477,-136.4,-16.2,170.3,11.34,19
2024-08-03T01:32:48.872Z,3173,39.62905850,-104.99716671,1757.477,-136.3,-16.2,170.4,11.35,19
2024-08-03T01:32:48.905Z,3174,39.62905685,-104.99717055,1757.477,-136.3,-16.2,170.4,11.36,19
2024-08-03T01:32:48.939Z,3175,39.62905520,-104.99717422,1757.477,-136.2,-16.2,170.4,11.36,19
2024-08-03T01:32:48.972Z,3176,39.62905356,-104.99717789,1757.477,-136.1,-16.2,170.5,11.36,19
2024-08-03T01:32:49.006Z,3177,39.62905194,-104.99718153,1757.477,-136.0,-16.2,170.5,11.36,19
2024-08-03T01:32:49.039Z,3178,39.62905045,-104.99718503,1757.477,-135.9,-16.2,170.5,11.36,19
2024-08-03T01:32:49.072Z,3179,39.62904895,-104.99718854,1757.477,-135.9,-16.2,170.6,11.36,19
2024-08-03T01:32:49.106Z,3180,39.62904744,-104.99719207,1757.477,-135.8,-16.2,170.6,11.37,19
2024-08-03T01:32:49.139Z,3181,39.62904583,-104.99719574,1757.477,-135.7,-16.2,170.6,11.38,19
2024-08-03T01:32:49.172Z,3182,39.62904422,-104.99719941,1757.477,-135.7,-16.2,170.6,11.40,19
2024-08-03T01:32:49.206Z,3183,39.62904255,-104.99720324,1757.477,-135.6,-16.2,170.6,11.41,19
2024-08-03T01:32:49.239Z,3184,39.62904063,-104.99720774,1757.477,-135.5,-16.2,170.6,11.41,19
2024-08-03T01:32:49.272Z,3185,39.62903872,-104.99721225,1757.477,-135.5,-16.2,170.6,11.41,19
2024-08-03T01:32:49.306Z,3186,39.62903685,-104.99721660,1757.477,-135.4,-16.2,170.6,11.41,19
2024-08-03T01:32:49.339Z,3187,39.62903522,-104.99722030,1757.477,-135.3,-16.2,170.6,11.41,19
2024-08-03T01:32:49.373Z,3188,39.62903359,-104.99722401,1757.477,-135.3,-16.2,170.6,11.41,19
2024-08-03T01:32:49.406Z,3189,39.62903196,-104.99722770,1757.477,-135.2,-16.2,170.6,11.42,19
2024-08-03T01:32:49.439Z,3190,39.62903033,-104.99723138,1757.477,-135.2,-16.2,170.6,11.43,19
2024-08-03T01:32:49.473Z,3191,39.62902869,-104.99723505,1757.477,-135.1,-16.2,170.6,11.45,19
2024-08-03T01:32:49.506Z,3192,39.62902703,-104.99723880,1757.477,-135.1,-16.2,170.6,11.46,19
2024-08-03T01:32:49.539Z,3193,39.62902524,-104.99724290,1757.477,-135.1,-16.2,170.6,11.45,19
2024-08-03T01:32:49.573Z,3194,39.62902345,-104.99724701,1757.477,-135.1,-16.2,170.6,11.43,19
2024-08-03T01:32:49.606Z,3195,39.62902166,-104.99725111,1757.477,-135.1,-16.2,170.6,11.43,19
2024-08-03T01:32:49.639Z,3196,39.62901982,-104.99725518,1757.477,-135.1,-16.2,170.6,11.44,19
2024-08-03T01:32:49.673Z,3197,39.62901798,-104.99725925,1757.477,-135.1,-16.2,170.6,11.46,19
2024-08-03T01:32:49.706Z,3198,39.62901618,-104.99726319,1757.477,-135.1,-16.2,170.6,11.47,19
2024-08-03T01:32:49.740Z,3199,39.62901457,-104.99726663,1757.477,-135.1,-16.2,170.6,11.46,19
2024-08-03T01:32:49.773Z,3200,39.62901295,-104.99727006,1757.477,-135.1,-16.2,170.6,11.45,19
2024-08-03T01:32:49.806Z,3201,39.62901128,-104.99727362,1757.477,-135.1,-16.2,170.6,11.44,19
2024-08-03T01:32:49.840Z,3202,39.62900939,-104.99727766,1757.477,-135.1,-16.2,170.6,11.44,19
2024-08-03T01:32:49.873Z,3203,39.62900751,-104.99728170,1757.477,-135.1,-16.2,170.6,11.44,19
2024-08-03T01:32:49.906Z,3204,39.62900562,-104.99728573,1757.477,-135.1,-16.2,170.6,11.44,19
2024-08-03T01:32:49.940Z,3205,39.62900370,-104.99728973,1757.477,-135.1,-16.2,170.6,11.46,19
2024-08-03T01:32:49.973Z,3206,39.62900179,-104.99729374,1757.477,-135.1,-16.2,170.6,11.48,19
2024-08-03T01:32:50.007Z,3207,39.62899989,-104.99729771,1757.477,-135.1,-16.2,170.6,11.49,19
2024-08-03T01:32:50.040Z,3208,39.62899805,-104.99730154,1757.477,-135.1,-16.2,170.6,11.49,19
2024-08-03T01:32:50.073Z,3209,39.62899622,-104.99730538,1757.477,-135.1,-16.2,170.6,11.49,19
2024-08-03T01:32:50.107Z,3210,39.62899444,-104.99730909,1757.477,-135.1,-16.2,170.6,11.49,19
2024-08-03T01:32:50.140Z,3211,39.62899285,-104.99731233,1757.477,-135.1,-16.2,170.6,11.48,19
2024-08-03T01:32:50.173Z,3212,39.62899127,-104.99731556,1757.477,-135.1,-16.2,170.6,11.47,19
2024-08-03T01:32:50.207Z,3213,39.62898959,-104.99731896,1757.477,-135.1,-16.2,170.6,11.46,19
2024-08-03T01:32:50.240Z,3214,39.62898761,-104.99732297,1757.477,-135.1,-16.2,170.6,11.48,19
2024-08-03T01:32:50.273Z,3215,39.62898564,-104.99732697,1757.477,-135.1,-16.2,170.6,11.50,19
2024-08-03T01:32:50.307Z,3216,39.62898366,-104.99733098,1757.477,-135.1,-16.2,170.6,11.51,19
2024-08-03T01:32:50.340Z,3217,39.62898167,-104.99733498,1757.477,-135.1,-16.2,170.6,11.51,19
2024-08-03T01:32:50.374Z,3218,39.62897968,-104.99733898,1757.477,-135.2,-16.2,170.6,11.51,19
2024-08-03T01:32:50.407Z,3219,39.62897770,-104.99734298,1757.477,-135.2,-16.2,170.6,11.52,19
2024-08-03T01:32:50.440Z,3220,39.62897570,-104.99734695,1757.477,-135.2,-16.2,170.6,11.53,19
2024-08-03T01:32:50.474Z,3221,39.62897370,-104.99735092,1757.477,-135.2,-16.2,170.6,11.55,19
2024-08-03T01:32:50.507Z,3222,39.62897174,-104.99735480,1757.477,-135.2,-16.2,170.6,11.57,19
2024-08-03T01:32:50.540Z,3223,39.62896989,-104.99735837,1757.477,-135.2,-16.2,170.6,11.57,19
2024-08-03T01:32:50.574Z,3224,39.62896805,-104.99736194,1757.477,-135.1,-16.2,170.6,11.57,19
2024-08-03T01:32:50.607Z,3225,39.62896623,-104.99736548,1757.454,-135.1,-16.2,170.6,11.56,19
2024-08-03T01:32:50.640Z,3226,39.62896447,-104.99736888,1757.352,-135.2,-16.2,170.6,11.55,19
2024-08-03T01:32:50.674Z,3227,39.62896272,-104.99737228,1757.250,-135.2,-16.2,170.6,11.55,19
2024-08-03T01:32:50.707Z,3228,39.62896083,-104.99737594,1757.172,-135.3,-16.2,170.6,11.54,19
2024-08-03T01:32:50.741Z,3229,39.62895848,-104.99738045,1757.172,-135.3,-16.2,170.6,11.56,19
2024-08-03T01:32:50.774Z,3230,39.62895613,-104.99738495,1757.172,-135.2,-16.2,170.6,11.58,19
2024-08-03T01:32:50.807Z,3231,39.62895391,-104.99738919,1757.172,-135.2,-16.2,170.6,11.59,19
2024-08-03T01:32:50.841Z,3232,39.62895213,-104.99739256,1757.172,-135.2,-16.2,170.6,11.59,19
2024-08-03T01:32:50.874Z,3233,39.62895035,-104.99739593,1757.172,-135.2,-16.2,170.6,11.59,19
2024-08-03T01:32:50.907Z,3234,39.62894855,-104.99739935,1757.172,-135.2,-16.2,170.6,11.59,19
2024-08-03T01:32:50.941Z,3235,39.62894672,-104.99740292,1757.172,-135.2,-16.2,170.6,11.59,19
2024-08-03T01:32:50.974Z,3236,39.62894488,-104.99740649,1757.172,-135.3,-16.2,170.6,11.59,19
2024-08-03T01:32:51.008Z,3237,39.62894300,-104.99741009,1757.148,-135.3,-16.2,170.6,11.60,19
2024-08-03T01:32:51.041Z,3238,39.62894102,-104.99741379,1757.046,-135.3,-16.2,170.6,11.62,19
2024-08-03T01:32:51.074Z,3239,39.62893904,-104.99741750,1756.944,-135.3,-16.2,170.6,11.64,19
2024-08-03T01:32:51.108Z,3240,39.62893700,-104.99742131,1756.867,-135.3,-16.2,170.6,11.65,19
2024-08-03T01:32:51.141Z,3241,39.62893479,-104.99742548,1756.867,-135.3,-16.2,170.6,11.65,19
2024-08-03T01:32:51.174Z,3242,39.62893258,-104.99742966,1756.867,-135.2,-16.2,170.6,11.65,19
2024-08-03T01:32:51.208Z,3243,39.62893042,-104.99743372,1756.867,-135.2,-16.2,170.6,11.65,19
2024-08-03T01:32:51.241Z,3244,39.62892841,-104.99743746,1756.867,-135.2,-16.2,170.6,11.64,19
2024-08-03T01:32:51.274Z,3245,39.62892641,-104.99744119,1756.867,-135.3,-16.2,170.6,11.63,19
2024-08-03T01:32:51.308Z,3246,39.62892441,-104.99744488,1756.867,-135.3,-16.2,170.6,11.62,19
2024-08-03T01:32:51.341Z,3247,39.62892242,-104.99744842,1756.867,-135.3,-16.2,170.6,11.62,19
2024-08-03T01:32:51.375Z,3248,39.62892044,-104.99745195,1756.867,-135.2,-16.2,170.6,11.62,19
2024-08-03T01:32:51.408Z,3249,39.62891847,-104.99745548,1756.842,-135.2,-16.2,170.6,11.63,19
2024-08-03T01:32:51.441Z,3250,39.62891652,-104.99745899,1756.740,-135.2,-16.2,170.6,11.65,19
2024-08-03T01:32:51.475Z,3251,39.62891457,-104.99746249,1756.638,-135.2,-16.2,170.6,11.67,19
2024-08-03T01:32:51.508Z,3252,39.62891256,-104.99746610,1756.562,-135.2,-16.2,170.6,11.68,19
2024-08-03T01:32:51.541Z,3253,39.62891038,-104.99747004,1756.562,-135.2,-16.2,170.6,11.68,19
2024-08-03T01:32:51.575Z,3254,39.62890819,-104.99747398,1756.562,-135.3,-16.2,170.6,11.68,19
2024-08-03T01:32:51.608Z,3255,39.62890601,-104.99747790,1756.536,-135.3,-16.2,170.6,11.69,19
2024-08-03T01:32:51.641Z,3256,39.62890383,-104.99748177,1756.434,-135.3,-16.2,170.6,11.71,19
2024-08-03T01:32:51.675Z,3257,39.62890165,-104.99748564,1756.333,-135.3,-16.2,170.6,11.73,19
2024-08-03T01:32:51.708Z,3258,39.62889946,-104.99748952,1756.258,-135.3,-16.2,170.6,11.74,19
2024-08-03T01:32:51.742Z,3259,39.62889725,-104.99749342,1756.258,-135.3,-16.2,170.6,11.74,19
2024-08-03T01:32:51.775Z,3260,39.62889504,-104.99749733,1756.258,-135.3,-16.2,170.6,11.74,19
2024-08-03T01:32:51.808Z,3261,39.62889291,-104.99750108,1756.258,-135.3,-16.2,170.6,11.73,19
2024-08-03T01:32:51.842Z,3262,39.62889103,-104.99750442,1756.258,-135.3,-16.2,170.6,11.71,19
2024-08-03T01:32:51.875Z,3263,39.62888914,-104.99750775,1756.258,-135.3,-16.2,170.6,11.68,19
2024-08-03T01:32:51.908Z,3264,39.62888716,-104.99751123,1756.230,-135.3,-16.2,170.6,11.67,19
2024-08-03T01:32:51.942Z,3265,39.62888494,-104.99751510,1756.129,-135.3,-16.2,170.6,11.69,19
2024-08-03T01:32:51.975Z,3266,39.62888271,-104.99751897,1756.027,-135.3,-16.2,170.6,11.71,19
2024-08-03T01:32:52.009Z,3267,39.62888051,-104.99752279,1755.953,-135.3,-16.2,170.6,11.72,19
2024-08-03T01:32:52.042Z,3268,39.62887838,-104.99752646,1755.953,-135.3,-16.2,170.6,11.72,19
2024-08-03T01:32:52.075Z,3269,39.62887626,-104.99753013,1755.953,-135.3,-16.2,170.6,11.72,19
2024-08-03T01:32:52.109Z,3270,39.62887421,-104.99753367,1755.925,-135.3,-16.2,170.6,11.72,19
2024-08-03T01:32:52.142Z,3271,39.62887239,-104.99753684,1755.823,-135.3,-16.2,170.6,11.72,19
2024-08-03T01:32:52.175Z,3272,39.62887057,-104.99754001,1755.722,-135.3,-16.2,170.6,11.72,19
2024-08-03T01:32:52.209Z,3273,39.62886857,-104.99754347,1755.648,-135.3,-16.2,170.6,11.73,19
2024-08-03T01:32:52.242Z,3274,39.62886612,-104.99754771,1755.648,-135.3,-16.2,170.6,11.75,19
2024-08-03T01:32:52.275Z,3275,39.62886366,-104.99755194,1755.648,-135.3,-16.2,170.6,11.77,19
2024-08-03T01:32:52.309Z,3276,39.62886132,-104.99755598,1755.620,-135.3,-16.2,170.6,11.78,19
2024-08-03T01:32:52.342Z,3277,39.62885926,-104.99755948,1755.518,-135.3,-16.2,170.6,11.78,19
2024-08-03T01:32:52.376Z,3278,39.62885720,-104.99756298,1755.416,-135.3,-16.2,170.6,11.78,19
2024-08-03T01:32:52.409Z,3279,39.62885508,-104.99756658,1755.315,-135.3,-16.2,170.6,11.78,19
2024-08-03T01:32:52.442Z,3280,39.62885281,-104.99757042,1755.213,-135.3,-16.2,170.6,11.78,19
2024-08-03T01:32:52.476Z,3281,39.62885053,-104.99757426,1755.111,-135.3,-16.2,170.6,11.78,19
2024-08-03T01:32:52.509Z,3282,39.62884833,-104.99757800,1755.038,-135.3,-16.2,170.6,11.78,19
2024-08-03T01:32:52.542Z,3283,39.62884627,-104.99758150,1755.038,-135.3,-16.2,170.6,11.78,19
2024-08-03T01:32:52.576Z,3284,39.62884422,-104.99758501,1755.038,-135.2,-16.2,170.6,11.78,19
2024-08-03T01:32:52.609Z,3285,39.62884220,-104.99758845,1755.009,-135.2,-16.2,170.6,11.78,19
2024-08-03T01:32:52.642Z,3286,39.62884025,-104.99759175,1754.907,-135.2,-16.2,170.6,11.77,19
2024-08-03T01:32:52.676Z,3287,39.62883831,-104.99759506,1754.806,-135.2,-16.2,170.6,11.77,19
2024-08-03T01:32:52.709Z,3288,39.62883627,-104.99759852,1754.704,-135.2,-16.2,170.6,11.76,19
2024-08-03T01:32:52.743Z,3289,39.62883399,-104.99760235,1754.602,-135.2,-16.2,170.6,11.76,19
2024-08-03T01:32:52.776Z,3290,39.62883171,-104.99760619,1754.501,-135.2,-16.2,170.6,11.76,19
2024-08-03T01:32:52.809Z,3291,39.62882943,-104.99761002,1754.399,-135.2,-16.2,170.6,11.76,19
2024-08-03T01:32:52.843Z,3292,39.62882714,-104.99761382,1754.297,-135.2,-16.2,170.6,11.76,19
2024-08-03T01:32:52.876Z,3293,39.62882485,-104.99761763,1754.195,-135.2,-16.2,170.6,11.76,19
2024-08-03T01:32:52.909Z,3294,39.62882262,-104.99762133,1754.064,-135.2,-16.2,170.6,11.76,19
2024-08-03T01:32:52.943Z,3295,39.62882054,-104.99762480,1753.860,-135.2,-16.2,170.6,11.76,19
2024-08-03T01:32:52.976Z,3296,39.62881847,-104.99762827,1753.657,-135.3,-16.2,170.6,11.76,19
2024-08-03T01:32:53.010Z,3297,39.62881628,-104.99763190,1753.484,-135.3,-16.2,170.6,11.76,19
2024-08-03T01:32:53.043Z,3298,39.62881386,-104.99763591,1753.382,-135.3,-16.2,170.6,11.76,19
2024-08-03T01:32:53.076Z,3299,39.62881144,-104.99763991,1753.280,-135.2,-16.2,170.6,11.76,19
2024-08-03T01:32:53.110Z,3300,39.62880909,-104.99764381,1753.179,-135.2,-16.2,170.6,11.77,19
2024-08-03T01:32:53.143Z,3301,39.62880691,-104.99764748,1753.077,-135.3,-16.2,170.6,11.79,19
2024-08-03T01:32:53.176Z,3302,39.62880473,-104.99765115,1752.975,-135.4,-16.2,170.6,11.81,19
2024-08-03T01:32:53.210Z,3303,39.62880254,-104.99765481,1752.874,-135.4,-16.2,170.6,11.82,19
2024-08-03T01:32:53.243Z,3304,39.62880033,-104.99765845,1752.772,-135.4,-16.2,170.6,11.82,19
2024-08-03T01:32:53.276Z,3305,39.62879811,-104.99766209,1752.670,-135.3,-16.2,170.6,11.82,19
2024-08-03T01:32:53.310Z,3306,39.62879593,-104.99766567,1752.569,-135.3,-16.2,170.6,11.82,19
2024-08-03T01:32:53.343Z,3307,39.62879383,-104.99766914,1752.467,-135.3,-16.2,170.6,11.82,19
2024-08-03T01:32:53.377Z,3308,39.62879173,-104.99767261,1752.365,-135.3,-16.2,170.6,11.82,19
2024-08-03T01:32:53.410Z,3309,39.62878956,-104.99767620,1752.232,-135.3,-16.2,170.6,11.82,19
2024-08-03T01:32:53.443Z,3310,39.62878723,-104.99768003,1752.028,-135.3,-16.2,170.6,11.82,19
2024-08-03T01:32:53.477Z,3311,39.62878491,-104.99768387,1751.825,-135.4,-16.2,170.6,11.82,19
2024-08-03T01:32:53.510Z,3312,39.62878264,-104.99768759,1751.654,-135.4,-16.2,170.6,11.83,19
2024-08-03T01:32:53.543Z,3313,39.62878052,-104.99769106,1751.552,-135.4,-16.2,170.6,11.85,19
2024-08-03T01:32:53.577Z,3314,39.62877839,-104.99769453,1751.450,-135.3,-16.2,170.6,11.87,19
2024-08-03T01:32:53.610Z,3315,39.62877619,-104.99769811,1751.348,-135.3,-16.2,170.6,11.88,19
2024-08-03T01:32:53.643Z,3316,39.62877384,-104.99770191,1751.247,-135.3,-16.2,170.6,11.85,19
2024-08-03T01:32:53.677Z,3317,39.62877149,-104.99770572,1751.145,-135.4,-16.2,170.6,11.82,19
2024-08-03T01:32:53.710Z,3318,39.62876915,-104.99770951,1751.043,-135.4,-16.2,170.6,11.81,19
2024-08-03T01:32:53.744Z,3319,39.62876682,-104.99771328,1750.942,-135.4,-16.2,170.6,11.81,19
2024-08-03T01:32:53.777Z,3320,39.62876449,-104.99771705,1750.840,-135.3,-16.2,170.6,11.81,19
2024-08-03T01:32:53.810Z,3321,39.62876227,-104.99772066,1750.705,-135.3,-16.2,170.6,11.81,19
2024-08-03T01:32:53.844Z,3322,39.62876025,-104.99772393,1750.502,-135.4,-16.2,170.6,11.81,19
2024-08-03T01:32:53.877Z,3323,39.62875824,-104.99772720,1750.298,-135.5,-16.2,170.6,11.81,19
2024-08-03T01:32:53.910Z,3324,39.62875611,-104.99773063,1750.128,-135.5,-16.2,170.6,11.81,19
2024-08-03T01:32:53.944Z,3325,39.62875377,-104.99773440,1750.027,-135.5,-16.2,170.6,11.81,19
2024-08-03T01:32:53.977Z,3326,39.62875143,-104.99773817,1749.925,-135.4,-16.2,170.6,11.81,19
2024-08-03T01:32:54.011Z,3327,39.62874912,-104.99774190,1749.823,-135.4,-16.2,170.6,11.81,19
2024-08-03T01:32:54.044Z,3328,39.62874687,-104.99774554,1749.722,-135.4,-16.2,170.6,11.83,19
2024-08-03T01:32:54.077Z,3329,39.62874463,-104.99774917,1749.620,-135.4,-16.2,170.6,11.86,19
2024-08-03T01:32:54.111Z,3330,39.62874248,-104.99775260,1749.518,-135.4,-16.2,170.6,11.87,19
2024-08-03T01:32:54.144Z,3331,39.62874052,-104.99775560,1749.416,-135.4,-16.2,170.6,11.87,19
2024-08-03T01:32:54.177Z,3332,39.62873857,-104.99775861,1749.315,-135.4,-16.2,170.6,11.87,19
2024-08-03T01:32:54.211Z,3333,39.62873639,-104.99776199,1749.179,-135.4,-16.2,170.6,11.87,19
2024-08-03T01:32:54.244Z,3334,39.62873379,-104.99776613,1748.975,-135.4,-16.2,170.6,11.87,19
2024-08-03T01:32:54.277Z,3335,39.62873118,-104.99777027,1748.772,-135.5,-16.2,170.6,11.87,19
2024-08-03T01:32:54.311Z,3336,39.62872872,-104.99777417,1748.603,-135.5,-16.2,170.6,11.87,19
2024-08-03T01:32:54.344Z,3337,39.62872653,-104.99777760,1748.501,-135.5,-16.2,170.6,11.87,19
2024-08-03T01:32:54.378Z,3338,39.62872435,-104.99778104,1748.400,-135.5,-16.2,170.6,11.87,19
2024-08-03T01:32:54.411Z,3339,39.62872217,-104.99778448,1748.298,-135.5,-16.2,170.6,11.86,19
2024-08-03T01:32:54.444Z,3340,39.62872001,-104.99778791,1748.196,-135.6,-16.2,170.6,11.84,19
2024-08-03T01:32:54.478Z,3341,39.62871785,-104.99779135,1748.095,-135.7,-16.2,170.6,11.81,19
2024-08-03T01:32:54.511Z,3342,39.62871561,-104.99779489,1747.958,-135.7,-16.2,170.6,11.79,19
2024-08-03T01:32:54.544Z,3343,39.62871320,-104.99779863,1747.754,-135.6,-16.2,170.6,11.79,19
2024-08-03T01:32:54.578Z,3344,39.62871078,-104.99780236,1747.551,-135.5,-16.2,170.6,11.79,19
2024-08-03T01:32:54.611Z,3345,39.62870850,-104.99780591,1747.383,-135.5,-16.2,170.6,11.79,19
2024-08-03T01:32:54.644Z,3346,39.62870645,-104.99780912,1747.281,-135.5,-16.2,170.6,11.79,19
2024-08-03T01:32:54.678Z,3347,39.62870440,-104.99781232,1747.180,-135.6,-16.2,170.6,11.79,19
2024-08-03T01:32:54.711Z,3348,39.62870223,-104.99781571,1747.078,-135.6,-16.2,170.6,11.79,19
2024-08-03T01:32:54.745Z,3349,39.62869984,-104.99781945,1746.976,-135.5,-16.2,170.6,11.79,19
2024-08-03T01:32:54.778Z,3350,39.62869745,-104.99782319,1746.874,-135.4,-16.2,170.6,11.79,19
2024-08-03T01:32:54.811Z,3351,39.62869506,-104.99782692,1746.737,-135.4,-16.2,170.6,11.79,19
2024-08-03T01:32:54.845Z,3352,39.62869268,-104.99783066,1746.533,-135.5,-16.2,170.6,11.79,19
2024-08-03T01:32:54.878Z,3353,39.62869029,-104.99783440,1746.330,-135.6,-16.2,170.6,11.79,19
2024-08-03T01:32:54.911Z,3354,39.62868790,-104.99783813,1746.163,-135.6,-16.2,170.6,11.79,19
2024-08-03T01:32:54.945Z,3355,39.62868550,-104.99784187,1746.061,-135.6,-16.2,170.6,11.79,19
2024-08-03T01:32:54.978Z,3356,39.62868311,-104.99784561,1745.959,-135.6,-16.2,170.6,11.79,19
2024-08-03T01:32:55.012Z,3357,39.62868075,-104.99784929,1745.821,-135.6,-16.2,170.6,11.80,19
2024-08-03T01:32:55.045Z,3358,39.62867844,-104.99785286,1745.618,-135.6,-16.2,170.6,11.82,19
2024-08-03T01:32:55.078Z,3359,39.62867612,-104.99785643,1745.414,-135.6,-16.2,170.6,11.84,19
2024-08-03T01:32:55.112Z,3360,39.62867381,-104.99786000,1745.248,-135.6,-16.2,170.6,11.86,19
2024-08-03T01:32:55.145Z,3361,39.62867150,-104.99786357,1745.146,-135.5,-16.2,170.6,11.86,19
2024-08-03T01:32:55.178Z,3362,39.62866919,-104.99786714,1745.044,-135.4,-16.2,170.6,11.86,19
2024-08-03T01:32:55.212Z,3363,39.62866687,-104.99787069,1744.906,-135.4,-16.2,170.6,11.86,19
2024-08-03T01:32:55.245Z,3364,39.62866456,-104.99787423,1744.702,-135.5,-16.2,170.6,11.89,19
2024-08-03T01:32:55.278Z,3365,39.62866224,-104.99787777,1744.499,-135.6,-16.2,170.6,11.91,19
2024-08-03T01:32:55.312Z,3366,39.62865997,-104.99788124,1744.333,-135.6,-16.2,170.6,11.92,19
2024-08-03T01:32:55.345Z,3367,39.62865777,-104.99788461,1744.231,-135.6,-16.2,170.6,11.92,19
2024-08-03T01:32:55.379Z,3368,39.62865556,-104.99788798,1744.129,-135.6,-16.2,170.6,11.92,19
2024-08-03T01:32:55.412Z,3369,39.62865327,-104.99789149,1743.990,-135.6,-16.2,170.6,11.92,19
2024-08-03T01:32:55.445Z,3370,39.62865082,-104.99789523,1743.787,-135.6,-16.2,170.6,11.92,19
2024-08-03T01:32:55.479Z,3371,39.62864838,-104.99789896,1743.583,-135.6,-16.2,170.6,11.92,19
2024-08-03T01:32:55.512Z,3372,39.62864602,-104.99790258,1743.418,-135.6,-16.2,170.6,11.92,19
2024-08-03T01:32:55.545Z,3373,39.62864381,-104.99790598,1743.316,-135.6,-16.2,170.6,11.92,19
2024-08-03T01:32:55.579Z,3374,39.62864160,-104.99790938,1743.214,-135.6,-16.2,170.6,11.92,19
2024-08-03T01:32:55.612Z,3375,39.62863930,-104.99791293,1743.113,-135.6,-16.2,170.6,11.92,19
2024-08-03T01:32:55.645Z,3376,39.62863686,-104.99791670,1743.011,-135.6,-16.2,170.6,11.92,19
2024-08-03T01:32:55.679Z,3377,39.62863443,-104.99792047,1742.909,-135.6,-16.2,170.6,11.92,19
2024-08-03T01:32:55.712Z,3378,39.62863197,-104.99792421,1742.769,-135.6,-16.2,170.6,11.92,19
2024-08-03T01:32:55.746Z,3379,39.62862949,-104.99792791,1742.565,-135.6,-16.2,170.6,11.92,19
2024-08-03T01:32:55.779Z,3380,39.62862700,-104.99793162,1742.362,-135.5,-16.2,170.6,11.92,19
2024-08-03T01:32:55.812Z,3381,39.62862457,-104.99793527,1742.198,-135.5,-16.2,170.6,11.92,19
2024-08-03T01:32:55.846Z,3382,39.62862224,-104.99793884,1742.096,-135.5,-16.2,170.6,11.92,19
2024-08-03T01:32:55.879Z,3383,39.62861991,-104.99794241,1741.994,-135.6,-16.2,170.6,11.92,19
2024-08-03T01:32:55.912Z,3384,39.62861769,-104.99794578,1741.893,-135.6,-16.2,170.6,11.91,19
2024-08-03T01:32:55.946Z,3385,39.62861566,-104.99794881,1741.791,-135.6,-16.2,170.6,11.89,19
2024-08-03T01:32:55.979Z,3386,39.62861362,-104.99795185,1741.689,-135.7,-16.2,170.6,11.86,19
2024-08-03T01:32:56.013Z,3387,39.62861141,-104.99795514,1741.548,-135.7,-16.2,170.6,11.85,19
2024-08-03T01:32:56.046Z,3388,39.62860893,-104.99795885,1741.344,-135.6,-16.2,170.6,11.87,19
2024-08-03T01:32:56.079Z,3389,39.62860645,-104.99796255,1741.141,-135.5,-16.2,170.6,11.90,19
2024-08-03T01:32:56.113Z,3390,39.62860400,-104.99796627,1740.978,-135.4,-16.2,170.6,11.90,19
2024-08-03T01:32:56.146Z,3391,39.62860157,-104.99797001,1740.876,-135.4,-16.2,170.6,11.88,19
2024-08-03T01:32:56.179Z,3392,39.62859915,-104.99797374,1740.774,-135.5,-16.2,170.6,11.86,19
2024-08-03T01:32:56.213Z,3393,39.62859676,-104.99797739,1740.673,-135.5,-16.2,170.6,11.84,19
2024-08-03T01:32:56.246Z,3394,39.62859442,-104.99798089,1740.571,-135.5,-16.2,170.6,11.84,19
2024-08-03T01:32:56.279Z,3395,39.62859209,-104.99798439,1740.469,-135.5,-16.2,170.6,11.84,19
2024-08-03T01:32:56.313Z,3396,39.62858980,-104.99798783,1740.327,-135.5,-16.2,170.6,11.84,19
2024-08-03T01:32:56.346Z,3397,39.62858758,-104.99799117,1740.123,-135.5,-16.2,170.6,11.84,19
2024-08-03T01:32:56.380Z,3398,39.62858536,-104.99799450,1739.920,-135.5,-16.2,170.6,11.84,19
2024-08-03T01:32:56.413Z,3399,39.62858304,-104.99799798,1739.758,-135.5,-16.2,170.6,11.83,19
2024-08-03T01:32:56.446Z,3400,39.62858056,-104.99800165,1739.656,-135.5,-16.2,170.6,11.83,19
2024-08-03T01:32:56.480Z,3401,39.62857809,-104.99800532,1739.554,-135.5,-16.2,170.6,11.83,19
2024-08-03T01:32:56.513Z,3402,39.62857573,-104.99800885,1739.411,-135.5,-16.2,170.6,11.84,19
2024-08-03T01:32:56.546Z,3403,39.62857352,-104.99801219,1739.208,-135.5,-16.2,170.6,11.87,19
2024-08-03T01:32:56.580Z,3404,39.62857132,-104.99801552,1739.004,-135.5,-16.2,170.6,11.89,19
2024-08-03T01:32:56.613Z,3405,39.62856900,-104.99801901,1738.843,-135.5,-16.2,170.6,11.91,19
2024-08-03T01:32:56.646Z,3406,39.62856653,-104.99802271,1738.741,-135.5,-16.2,170.6,11.91,19
2024-08-03T01:32:56.680Z,3407,39.62856406,-104.99802642,1738.639,-135.4,-16.2,170.6,11.91,19
2024-08-03T01:32:56.713Z,3408,39.62856172,-104.99802990,1738.537,-135.4,-16.2,170.6,11.90,19
2024-08-03T01:32:56.747Z,3409,39.62855955,-104.99803307,1738.436,-135.4,-16.2,170.6,11.87,19
2024-08-03T01:32:56.780Z,3410,39.62855738,-104.99803624,1738.334,-135.5,-16.2,170.6,11.85,19
2024-08-03T01:32:56.813Z,3411,39.62855509,-104.99803962,1738.190,-135.5,-16.2,170.6,11.83,19
2024-08-03T01:32:56.847Z,3412,39.62855261,-104.99804329,1737.987,-135.4,-16.2,170.6,11.83,19
2024-08-03T01:32:56.880Z,3413,39.62855014,-104.99804696,1737.783,-135.3,-16.2,170.6,11.83,19
2024-08-03T01:32:56.913Z,3414,39.62854766,-104.99805064,1737.580,-135.2,-16.2,170.6,11.83,19
2024-08-03T01:32:56.947Z,3415,39.62854516,-104.99805435,1737.377,-135.2,-16.2,170.6,11.83,19
2024-08-03T01:32:56.980Z,3416,39.62854266,-104.99805805,1737.173,-135.2,-16.2,170.6,11.83,19
2024-08-03T01:32:57.014Z,3417,39.62854023,-104.99806166,1737.012,-135.2,-16.2,170.6,11.82,19
2024-08-03T01:32:57.047Z,3418,39.62853788,-104.99806513,1736.911,-135.3,-16.2,170.6,11.80,19
2024-08-03T01:32:57.080Z,3419,39.62853554,-104.99806860,1736.809,-135.4,-16.2,170.6,11.77,19
2024-08-03T01:32:57.114Z,3420,39.62853318,-104.99807207,1736.664,-135.4,-16.2,170.6,11.76,19
2024-08-03T01:32:57.147Z,3421,39.62853079,-104.99807554,1736.461,-135.4,-16.2,170.6,11.76,19
2024-08-03T01:32:57.180Z,3422,39.62852839,-104.99807901,1736.258,-135.3,-16.2,170.6,11.76,19
2024-08-03T01:32:57.214Z,3423,39.62852601,-104.99808248,1736.097,-135.3,-16.2,170.6,11.76,19
2024-08-03T01:32:57.247Z,3424,39.62852364,-104.99808595,1735.996,-135.3,-16.2,170.6,11.76,19
2024-08-03T01:32:57.280Z,3425,39.62852126,-104.99808942,1735.894,-135.4,-16.2,170.6,11.76,19
2024-08-03T01:32:57.314Z,3426,39.62851894,-104.99809280,1735.749,-135.4,-16.2,170.6,11.77,19
2024-08-03T01:32:57.347Z,3427,39.62851667,-104.99809607,1735.545,-135.4,-16.2,170.6,11.79,19
2024-08-03T01:32:57.381Z,3428,39.62851441,-104.99809934,1735.342,-135.4,-16.2,170.6,11.81,19
2024-08-03T01:32:57.414Z,3429,39.62851203,-104.99810276,1735.139,-135.4,-16.2,170.6,11.83,19
2024-08-03T01:32:57.447Z,3430,39.62850952,-104.99810636,1734.935,-135.4,-16.2,170.6,11.83,19
2024-08-03T01:32:57.481Z,3431,39.62850700,-104.99810996,1734.732,-135.4,-16.2,170.6,11.83,19
2024-08-03T01:32:57.514Z,3432,39.62850460,-104.99811344,1734.573,-135.4,-16.2,170.6,11.84,19
2024-08-03T01:32:57.547Z,3433,39.62850234,-104.99811674,1734.471,-135.4,-16.2,170.6,11.86,19
2024-08-03T01:32:57.581Z,3434,39.62850008,-104.99812004,1734.369,-135.3,-16.2,170.6,11.88,19
2024-08-03T01:32:57.614Z,3435,39.62849770,-104.99812349,1734.223,-135.3,-16.2,170.6,11.89,19
2024-08-03T01:32:57.647Z,3436,39.62849517,-104.99812713,1734.020,-135.3,-16.2,170.6,11.89,19
2024-08-03T01:32:57.681Z,3437,39.62849264,-104.99813077,1733.816,-135.4,-16.2,170.6,11.89,19
2024-08-03T01:32:57.714Z,3438,39.62849020,-104.99813423,1733.658,-135.4,-16.2,170.6,11.89,19
2024-08-03T01:32:57.748Z,3439,39.62848789,-104.99813746,1733.556,-135.4,-16.2,170.6,11.89,19
2024-08-03T01:32:57.781Z,3440,39.62848558,-104.99814070,1733.454,-135.4,-16.2,170.6,11.89,19
2024-08-03T01:32:57.814Z,3441,39.62848322,-104.99814403,1733.307,-135.4,-16.2,170.6,11.88,19
2024-08-03T01:32:57.848Z,3442,39.62848080,-104.99814746,1733.104,-135.4,-16.2,170.6,11.86,19
2024-08-03T01:32:57.881Z,3443,39.62847839,-104.99815090,1732.900,-135.3,-16.2,170.6,11.83,19
2024-08-03T01:32:57.914Z,3444,39.62847602,-104.99815425,1732.743,-135.3,-16.2,170.6,11.82,19
2024-08-03T01:32:57.948Z,3445,39.62847371,-104.99815748,1732.641,-135.3,-16.2,170.6,11.82,19
2024-08-03T01:32:57.981Z,3446,39.62847141,-104.99816072,1732.539,-135.2,-16.2,170.6,11.82,19
2024-08-03T01:32:58.015Z,3447,39.62846893,-104.99816420,1732.392,-135.2,-16.2,170.6,11.82,19
2024-08-03T01:32:58.048Z,3448,39.62846625,-104.99816797,1732.188,-135.2,-16.2,170.6,11.82,19
2024-08-03T01:32:58.081Z,3449,39.62846358,-104.99817174,1731.985,-135.2,-16.2,170.6,11.82,19
2024-08-03T01:32:58.115Z,3450,39.62846102,-104.99817537,1731.781,-135.3,-16.2,170.6,11.83,19
2024-08-03T01:32:58.148Z,3451,39.62845860,-104.99817884,1731.578,-135.4,-16.2,170.6,11.85,19
2024-08-03T01:32:58.181Z,3452,39.62845619,-104.99818231,1731.375,-135.5,-16.2,170.6,11.87,19
2024-08-03T01:32:58.215Z,3453,39.62845377,-104.99818577,1731.218,-135.6,-16.2,170.6,11.89,19
2024-08-03T01:32:58.248Z,3454,39.62845135,-104.99818920,1731.116,-135.5,-16.2,170.6,11.89,19
2024-08-03T01:32:58.281Z,3455,39.62844892,-104.99819264,1731.014,-135.4,-16.2,170.6,11.89,19
2024-08-03T01:32:58.315Z,3456,39.62844654,-104.99819597,1730.866,-135.3,-16.2,170.6,11.89,19
2024-08-03T01:32:58.348Z,3457,39.62844420,-104.99819917,1730.662,-135.3,-16.2,170.6,11.89,19
2024-08-03T01:32:58.382Z,3458,39.62844186,-104.99820238,1730.459,-135.2,-16.2,170.6,11.89,19
2024-08-03T01:32:58.415Z,3459,39.62843942,-104.99820575,1730.303,-135.2,-16.2,170.6,11.89,19
2024-08-03T01:32:58.448Z,3460,39.62843688,-104.99820932,1730.201,-135.2,-16.2,170.6,11.89,19
2024-08-03T01:32:58.482Z,3461,39.62843433,-104.99821289,1730.099,-135.3,-16.2,170.6,11.89,19
2024-08-03T01:32:58.515Z,3462,39.62843188,-104.99821629,1729.950,-135.3,-16.2,170.6,11.89,19
2024-08-03T01:32:58.548Z,3463,39.62842953,-104.99821949,1729.747,-135.3,-16.2,170.6,11.89,19
2024-08-03T01:32:58.582Z,3464,39.62842718,-104.99822270,1729.543,-135.3,-16.2,170.6,11.89,19
2024-08-03T01:32:58.615Z,3465,39.62842473,-104.99822610,1729.340,-135.3,-16.2,170.6,11.90,19
2024-08-03T01:32:58.648Z,3466,39.62842215,-104.99822974,1729.137,-135.3,-16.2,170.6,11.92,19
2024-08-03T01:32:58.682Z,3467,39.62841958,-104.99823338,1728.933,-135.4,-16.2,170.6,11.94,19
2024-08-03T01:32:58.715Z,3468,39.62841717,-104.99823671,1728.778,-135.4,-16.2,170.6,11.96,19
2024-08-03T01:32:58.749Z,3469,39.62841493,-104.99823972,1728.676,-135.4,-16.2,170.6,11.96,19
2024-08-03T01:32:58.782Z,3470,39.62841270,-104.99824272,1728.574,-135.3,-16.2,170.6,11.96,19
2024-08-03T01:32:58.815Z,3471,39.62841030,-104.99824601,1728.424,-135.3,-16.2,170.6,11.96,19
2024-08-03T01:32:58.849Z,3472,39.62840772,-104.99824961,1728.221,-135.2,-16.2,170.6,11.96,19
2024-08-03T01:32:58.882Z,3473,39.62840515,-104.99825322,1728.018,-135.1,-16.2,170.6,11.96,19
2024-08-03T01:32:58.915Z,3474,39.62840255,-104.99825679,1727.863,-135.1,-16.2,170.6,11.94,19
2024-08-03T01:32:58.949Z,3475,39.62839992,-104.99826032,1727.761,-135.2,-16.2,170.6,11.92,19
2024-08-03T01:32:58.982Z,3476,39.62839729,-104.99826386,1727.659,-135.3,-16.2,170.6,11.90,19
2024-08-03T01:32:59.016Z,3477,39.62839486,-104.99826716,1727.509,-135.3,-16.2,170.6,11.88,19
2024-08-03T01:32:59.049Z,3478,39.62839266,-104.99827019,1727.305,-135.3,-16.2,170.6,11.88,19
2024-08-03T01:32:59.082Z,3479,39.62839046,-104.99827323,1727.102,-135.3,-16.2,170.6,11.88,19
2024-08-03T01:32:59.116Z,3480,39.62838815,-104.99827633,1726.948,-135.3,-16.2,170.6,11.89,19
2024-08-03T01:32:59.149Z,3481,39.62838573,-104.99827950,1726.846,-135.3,-16.2,170.6,11.92,19
2024-08-03T01:32:59.182Z,3482,39.62838331,-104.99828267,1726.744,-135.4,-16.2,170.6,11.94,19
2024-08-03T01:32:59.216Z,3483,39.62838068,-104.99828618,1726.593,-135.4,-16.2,170.6,11.95,19
2024-08-03T01:32:59.249Z,3484,39.62837781,-104.99829005,1726.390,-135.4,-16.2,170.6,11.95,19
2024-08-03T01:32:59.282Z,3485,39.62837494,-104.99829392,1726.186,-135.4,-16.2,170.6,11.95,19
2024-08-03T01:32:59.316Z,3486,39.62837231,-104.99829747,1726.033,-135.4,-16.2,170.6,11.95,19
2024-08-03T01:32:59.349Z,3487,39.62836994,-104.99830067,1725.931,-135.4,-16.2,170.6,11.95,19
2024-08-03T01:32:59.383Z,3488,39.62836757,-104.99830387,1725.829,-135.3,-16.2,170.6,11.95,19
2024-08-03T01:32:59.416Z,3489,39.62836508,-104.99830724,1725.678,-135.3,-16.2,170.6,11.95,19
2024-08-03T01:32:59.449Z,3490,39.62836247,-104.99831078,1725.474,-135.3,-16.2,170.6,11.95,19
2024-08-03T01:32:59.483Z,3491,39.62835986,-104.99831431,1725.271,-135.3,-16.2,170.6,11.95,19
2024-08-03T01:32:59.516Z,3492,39.62835735,-104.99831769,1725.118,-135.4,-16.2,170.6,11.96,19
2024-08-03T01:32:59.549Z,3493,39.62835496,-104.99832089,1725.016,-135.5,-16.2,170.6,11.99,19
2024-08-03T01:32:59.583Z,3494,39.62835256,-104.99832409,1724.914,-135.6,-16.2,170.6,12.01,19
2024-08-03T01:32:59.616Z,3495,39.62835005,-104.99832746,1724.762,-135.7,-16.2,170.6,12.02,19
2024-08-03T01:32:59.649Z,3496,39.62834741,-104.99833100,1724.559,-135.7,-16.2,170.6,12.02,19
2024-08-03T01:32:59.683Z,3497,39.62834477,-104.99833454,1724.355,-135.6,-16.2,170.6,12.02,19
2024-08-03T01:32:59.716Z,3498,39.62834230,-104.99833780,1724.203,-135.6,-16.2,170.6,12.01,19
2024-08-03T01:32:59.750Z,3499,39.62834002,-104.99834081,1724.101,-135.5,-16.2,170.6,11.99,19
2024-08-03T01:32:59.783Z,3500,39.62833773,-104.99834381,1723.999,-135.4,-16.2,170.6,11.96,19
2024-08-03T01:32:59.816Z,3501,39.62833528,-104.99834707,1723.898,-135.4,-16.2,170.6,11.95,19
2024-08-03T01:32:59.850Z,3502,39.62833265,-104.99835057,1723.796,-135.3,-16.2,170.6,11.95,19
2024-08-03T01:32:59.883Z,3503,39.62833002,-104.99835407,1723.694,-135.3,-16.2,170.6,11.95,19
2024-08-03T01:32:59.916Z,3504,39.62832749,-104.99835742,1723.592,-135.3,-16.2,170.6,11.95,19
2024-08-03T01:32:59.950Z,3505,39.62832504,-104.99836063,1723.491,-135.4,-16.2,170.6,11.95,19
2024-08-03T01:32:59.983Z,3506,39.62832259,-104.99836383,1723.389,-135.4,-16.2,170.6,11.95,19
2024-08-03T01:33:00.017Z,3507,39.62832004,-104.99836719,1723.287,-135.4,-16.2,170.6,11.96,19
2024-08-03T01:33:00.050Z,3508,39.62831739,-104.99837069,1723.186,-135.4,-16.2,170.6,11.99,19
2024-08-03T01:33:00.083Z,3509,39.62831475,-104.99837419,1723.084,-135.4,-16.2,170.6,12.01,19
2024-08-03T01:33:00.117Z,3510,39.62831209,-104.99837768,1722.930,-135.4,-16.2,170.6,12.02,19
2024-08-03T01:33:00.150Z,3511,39.62830943,-104.99838115,1722.727,-135.3,-16.2,170.6,12.02,19
2024-08-03T01:33:00.183Z,3512,39.62830676,-104.99838462,1722.523,-135.3,-16.2,170.6,12.02,19
2024-08-03T01:33:00.217Z,3513,39.62830417,-104.99838804,1722.372,-135.3,-16.2,170.6,12.02,19
2024-08-03T01:33:00.250Z,3514,39.62830165,-104.99839141,1722.271,-135.4,-16.2,170.6,12.02,19
2024-08-03T01:33:00.283Z,3515,39.62829913,-104.99839478,1722.169,-135.4,-16.2,170.6,12.02,19
2024-08-03T01:33:00.317Z,3516,39.62829668,-104.99839805,1722.067,-135.4,-16.2,170.6,12.00,19
2024-08-03T01:33:00.350Z,3517,39.62829429,-104.99840121,1721.966,-135.3,-16.2,170.6,11.95,19
2024-08-03T01:33:00.384Z,3518,39.62829189,-104.99840438,1721.864,-135.2,-16.2,170.6,11.90,19
2024-08-03T01:33:00.417Z,3519,39.62828936,-104.99840771,1721.762,-135.2,-16.2,170.6,11.88,19
2024-08-03T01:33:00.450Z,3520,39.62828669,-104.99841118,1721.660,-135.3,-16.2,170.6,11.88,19
2024-08-03T01:33:00.484Z,3521,39.62828403,-104.99841465,1721.559,-135.3,-16.2,170.6,11.88,19
2024-08-03T01:33:00.517Z,3522,39.62828144,-104.99841805,1721.457,-135.3,-16.2,170.6,11.89,19
2024-08-03T01:33:00.550Z,3523,39.62827892,-104.99842139,1721.355,-135.4,-16.2,170.6,11.92,19
2024-08-03T01:33:00.584Z,3524,39.62827640,-104.99842473,1721.254,-135.4,-16.2,170.6,11.94,19
2024-08-03T01:33:00.617Z,3525,39.62827388,-104.99842806,1721.152,-135.4,-16.2,170.6,11.95,19
2024-08-03T01:33:00.650Z,3526,39.62827135,-104.99843140,1721.050,-135.3,-16.2,170.6,11.95,19
2024-08-03T01:33:00.684Z,3527,39.62826882,-104.99843474,1720.948,-135.3,-16.2,170.6,11.95,19
2024-08-03T01:33:00.717Z,3528,39.62826643,-104.99843786,1720.847,-135.3,-16.2,170.6,11.95,19
2024-08-03T01:33:00.751Z,3529,39.62826414,-104.99844080,1720.745,-135.2,-16.2,170.6,11.95,19
2024-08-03T01:33:00.784Z,3530,39.62826186,-104.99844373,1720.643,-135.2,-16.2,170.6,11.95,19
2024-08-03T01:33:00.817Z,3531,39.62825923,-104.99844715,1720.542,-135.2,-16.2,170.6,11.95,19
2024-08-03T01:33:00.851Z,3532,39.62825632,-104.99845099,1720.440,-135.3,-16.2,170.6,11.95,19
2024-08-03T01:33:00.884Z,3533,39.62825341,-104.99845482,1720.338,-135.4,-16.2,170.6,11.95,19
2024-08-03T01:33:00.917Z,3534,39.62825078,-104.99845828,1720.237,-135.4,-16.2,170.6,11.95,19
2024-08-03T01:33:00.951Z,3535,39.62824838,-104.99846142,1720.135,-135.3,-16.2,170.6,11.95,19
2024-08-03T01:33:00.984Z,3536,39.62824599,-104.99846456,1720.033,-135.3,-16.2,170.6,11.95,19
2024-08-03T01:33:01.018Z,3537,39.62824352,-104.99846778,1719.877,-135.3,-16.2,170.6,11.95,19
2024-08-03T01:33:01.051Z,3538,39.62824097,-104.99847109,1719.673,-135.4,-16.2,170.6,11.95,19
2024-08-03T01:33:01.084Z,3539,39.62823843,-104.99847439,1719.470,-135.4,-16.2,170.6,11.95,19
2024-08-03T01:33:01.118Z,3540,39.62823611,-104.99847744,1719.322,-135.4,-16.2,170.6,11.95,19
2024-08-03T01:33:01.151Z,3541,39.62823396,-104.99848028,1719.220,-135.3,-16.2,170.6,11.95,19
2024-08-03T01:33:01.184Z,3542,39.62823181,-104.99848311,1719.118,-135.2,-16.2,170.6,11.95,19
2024-08-03T01:33:01.218Z,3543,39.62822926,-104.99848648,1719.016,-135.2,-16.2,170.6,11.95,19
2024-08-03T01:33:01.251Z,3544,39.62822637,-104.99849028,1718.915,-135.3,-16.2,170.6,11.95,19
2024-08-03T01:33:01.284Z,3545,39.62822348,-104.99849408,1718.813,-135.3,-16.2,170.6,11.95,19
2024-08-03T01:33:01.318Z,3546,39.62822085,-104.99849754,1718.711,-135.3,-16.2,170.6,11.94,19
2024-08-03T01:33:01.351Z,3547,39.62821843,-104.99850071,1718.610,-135.3,-16.2,170.6,11.91,19
2024-08-03T01:33:01.385Z,3548,39.62821601,-104.99850388,1718.508,-135.3,-16.2,170.6,11.89,19
2024-08-03T01:33:01.418Z,3549,39.62821361,-104.99850703,1718.406,-135.3,-16.2,170.6,11.88,19
2024-08-03T01:33:01.451Z,3550,39.62821122,-104.99851017,1718.305,-135.3,-16.2,170.6,11.88,19
2024-08-03T01:33:01.485Z,3551,39.62820882,-104.99851330,1718.203,-135.3,-16.2,170.6,11.88,19
2024-08-03T01:33:01.518Z,3552,39.62820628,-104.99851663,1718.101,-135.3,-16.2,170.6,11.89,19
2024-08-03T01:33:01.551Z,3553,39.62820360,-104.99852010,1717.999,-135.3,-16.2,170.6,11.92,19
2024-08-03T01:33:01.585Z,3554,39.62820093,-104.99852357,1717.898,-135.3,-16.2,170.6,11.94,19
2024-08-03T01:33:01.618Z,3555,39.62819833,-104.99852694,1717.739,-135.3,-16.2,170.6,11.95,19
2024-08-03T01:33:01.651Z,3556,39.62819580,-104.99853025,1717.536,-135.4,-16.2,170.6,11.95,19
2024-08-03T01:33:01.685Z,3557,39.62819326,-104.99853355,1717.332,-135.4,-16.2,170.6,11.95,19
2024-08-03T01:33:01.718Z,3558,39.62819079,-104.99853674,1717.186,-135.4,-16.2,170.6,11.95,19
2024-08-03T01:33:01.752Z,3559,39.62818836,-104.99853984,1717.084,-135.4,-16.2,170.6,11.95,19
2024-08-03T01:33:01.785Z,3560,39.62818593,-104.99854295,1716.983,-135.4,-16.2,170.6,11.95,19
2024-08-03T01:33:01.818Z,3561,39.62818336,-104.99854626,1716.881,-135.4,-16.2,170.6,11.96,19
2024-08-03T01:33:01.852Z,3562,39.62818068,-104.99854973,1716.779,-135.5,-16.2,170.6,11.99,19
2024-08-03T01:33:01.885Z,3563,39.62817800,-104.99855320,1716.678,-135.5,-16.2,170.6,12.01,19
2024-08-03T01:33:01.918Z,3564,39.62817532,-104.99855669,1716.576,-135.5,-16.2,170.6,12.02,19
2024-08-03T01:33:01.952Z,3565,39.62817264,-104.99856019,1716.474,-135.4,-16.2,170.6,12.02,19
2024-08-03T01:33:01.985Z,3566,39.62816996,-104.99856369,1716.373,-135.3,-16.2,170.6,12.02,19
2024-08-03T01:33:02.019Z,3567,39.62816735,-104.99856706,1716.271,-135.3,-16.2,170.6,12.02,19
2024-08-03T01:33:02.052Z,3568,39.62816479,-104.99857033,1716.169,-135.4,-16.2,170.6,12.02,19
2024-08-03T01:33:02.085Z,3569,39.62816222,-104.99857360,1716.067,-135.4,-16.2,170.6,12.02,19
2024-08-03T01:33:02.119Z,3570,39.62815967,-104.99857691,1715.966,-135.4,-16.2,170.6,12.01,19
2024-08-03T01:33:02.152Z,3571,39.62815711,-104.99858025,1715.864,-135.3,-16.2,170.6,11.98,19
2024-08-03T01:33:02.185Z,3572,39.62815455,-104.99858359,1715.762,-135.3,-16.2,170.6,11.96,19
2024-08-03T01:33:02.219Z,3573,39.62815215,-104.99858671,1715.661,-135.3,-16.2,170.6,11.95,19
2024-08-03T01:33:02.252Z,3574,39.62814985,-104.99858968,1715.559,-135.2,-16.2,170.6,11.95,19
2024-08-03T01:33:02.285Z,3575,39.62814756,-104.99859265,1715.457,-135.2,-16.2,170.6,11.95,19
2024-08-03T01:33:02.319Z,3576,39.62814505,-104.99859591,1715.356,-135.2,-16.2,170.6,11.95,19
2024-08-03T01:33:02.352Z,3577,39.62814240,-104.99859938,1715.254,-135.3,-16.2,170.6,11.95,19
2024-08-03T01:33:02.386Z,3578,39.62813975,-104.99860285,1715.152,-135.4,-16.2,170.6,11.95,19
2024-08-03T01:33:02.419Z,3579,39.62813708,-104.99860630,1715.050,-135.4,-16.2,170.6,11.95,19
2024-08-03T01:33:02.452Z,3580,39.62813440,-104.99860974,1714.949,-135.3,-16.2,170.6,11.95,19
2024-08-03T01:33:02.486Z,3581,39.62813171,-104.99861317,1714.847,-135.3,-16.2,170.6,11.95,19
2024-08-03T01:33:02.519Z,3582,39.62812912,-104.99861653,1714.745,-135.3,-16.2,170.6,11.95,19
2024-08-03T01:33:02.552Z,3583,39.62812659,-104.99861984,1714.644,-135.3,-16.2,170.6,11.95,19
2024-08-03T01:33:02.586Z,3584,39.62812406,-104.99862314,1714.542,-135.3,-16.2,170.6,11.95,19
2024-08-03T01:33:02.619Z,3585,39.62812160,-104.99862634,1714.440,-135.3,-16.2,170.6,11.94,19
2024-08-03T01:33:02.652Z,3586,39.62811919,-104.99862948,1714.338,-135.3,-16.2,170.6,11.91,19
2024-08-03T01:33:02.686Z,3587,39.62811678,-104.99863262,1714.237,-135.3,-16.2,170.6,11.89,19
2024-08-03T01:33:02.719Z,3588,39.62811412,-104.99863603,1714.135,-135.3,-16.2,170.6,11.88,19
2024-08-03T01:33:02.753Z,3589,39.62811129,-104.99863963,1714.033,-135.3,-16.2,170.6,11.88,19
2024-08-03T01:33:02.786Z,3590,39.62810846,-104.99864324,1713.932,-135.3,-16.2,170.6,11.88,19
2024-08-03T01:33:02.819Z,3591,39.62810579,-104.99864666,1713.830,-135.3,-16.2,170.6,11.88,19
2024-08-03T01:33:02.853Z,3592,39.62810324,-104.99864997,1713.728,-135.3,-16.2,170.6,11.88,19
2024-08-03T01:33:02.886Z,3593,39.62810068,-104.99865327,1713.627,-135.3,-16.2,170.6,11.88,19
2024-08-03T01:33:02.919Z,3594,39.62809837,-104.99865625,1713.525,-135.3,-16.2,170.6,11.88,19
2024-08-03T01:33:02.953Z,3595,39.62809622,-104.99865902,1713.423,-135.4,-16.2,170.6,11.88,19
2024-08-03T01:33:02.986Z,3596,39.62809407,-104.99866179,1713.321,-135.5,-16.2,170.6,11.88,19
2024-08-03T01:33:03.020Z,3597,39.62809169,-104.99866488,1713.220,-135.4,-16.2,170.6,11.88,19
2024-08-03T01:33:03.053Z,3598,39.62808916,-104.99866819,1713.118,-135.3,-16.2,170.6,11.88,19
2024-08-03T01:33:03.086Z,3599,39.62808663,-104.99867149,1713.016,-135.2,-16.2,170.6,11.88,19
2024-08-03T01:33:03.120Z,3600,39.62808395,-104.99867495,1712.853,-135.2,-16.2,170.6,11.88,19
2024-08-03T01:33:03.153Z,3601,39.62808119,-104.99867852,1712.650,-135.3,-16.2,170.6,11.88,19
2024-08-03T01:33:03.186Z,3602,39.62807843,-104.99868209,1712.447,-135.3,-16.2,170.6,11.88,19
2024-08-03T01:33:03.220Z,3603,39.62807579,-104.99868550,1712.305,-135.3,-16.2,170.6,11.88,19
2024-08-03T01:33:03.253Z,3604,39.62807324,-104.99868881,1712.203,-135.3,-16.2,170.6,11.88,19
2024-08-03T01:33:03.286Z,3605,39.62807069,-104.99869211,1712.101,-135.3,-16.2,170.6,11.88,19
2024-08-03T01:33:03.320Z,3606,39.62806823,-104.99869529,1712.000,-135.3,-16.2,170.6,11.88,19
2024-08-03T01:33:03.353Z,3607,39.62806583,-104.99869839,1711.898,-135.3,-16.2,170.6,11.88,19
2024-08-03T01:33:03.387Z,3608,39.62806343,-104.99870150,1711.796,-135.3,-16.2,170.6,11.88,19
2024-08-03T01:33:03.420Z,3609,39.62806103,-104.99870460,1711.695,-135.3,-16.2,170.6,11.88,19
2024-08-03T01:33:03.453Z,3610,39.62805863,-104.99870770,1711.593,-135.3,-16.2,170.6,11.88,19
2024-08-03T01:33:03.487Z,3611,39.62805622,-104.99871081,1711.491,-135.3,-16.2,170.6,11.88,19
2024-08-03T01:33:03.520Z,3612,39.62805359,-104.99871422,1711.389,-135.3,-16.2,170.6,11.88,19
2024-08-03T01:33:03.553Z,3613,39.62805081,-104.99871782,1711.288,-135.4,-16.2,170.6,11.88,19
2024-08-03T01:33:03.587Z,3614,39.62804803,-104.99872142,1711.186,-135.4,-16.2,170.6,11.88,19
2024-08-03T01:33:03.620Z,3615,39.62804549,-104.99872474,1711.084,-135.4,-16.2,170.6,11.88,19
2024-08-03T01:33:03.653Z,3616,39.62804310,-104.99872787,1710.983,-135.4,-16.2,170.6,11.88,19
2024-08-03T01:33:03.687Z,3617,39.62804071,-104.99873101,1710.881,-135.4,-16.2,170.6,11.88,19
2024-08-03T01:33:03.720Z,3618,39.62803826,-104.99873411,1710.779,-135.4,-16.2,170.6,11.88,19
2024-08-03T01:33:03.754Z,3619,39.62803578,-104.99873718,1710.678,-135.4,-16.2,170.6,11.88,19
2024-08-03T01:33:03.787Z,3620,39.62803329,-104.99874025,1710.576,-135.4,-16.2,170.6,11.88,19
2024-08-03T01:33:03.820Z,3621,39.62803069,-104.99874352,1710.411,-135.4,-16.2,170.6,11.89,19
2024-08-03T01:33:03.854Z,3622,39.62802801,-104.99874693,1710.207,-135.4,-16.2,170.6,11.92,19
2024-08-03T01:33:03.887Z,3623,39.62802534,-104.99875033,1710.004,-135.4,-16.2,170.6,11.94,19
2024-08-03T01:33:03.920Z,3624,39.62802263,-104.99875375,1709.864,-135.4,-16.2,170.6,11.95,19
2024-08-03T01:33:03.954Z,3625,39.62801991,-104.99875719,1709.763,-135.4,-16.2,170.6,11.95,19
2024-08-03T01:33:03.987Z,3626,39.62801719,-104.99876063,1709.661,-135.4,-16.2,170.6,11.95,19
2024-08-03T01:33:04.021Z,3627,39.62801465,-104.99876388,1709.559,-135.4,-16.2,170.6,11.95,19
2024-08-03T01:33:04.054Z,3628,39.62801221,-104.99876701,1709.457,-135.3,-16.2,170.6,11.95,19
2024-08-03T01:33:04.087Z,3629,39.62800977,-104.99877015,1709.356,-135.3,-16.2,170.6,11.95,19
2024-08-03T01:33:04.121Z,3630,39.62800718,-104.99877350,1709.254,-135.4,-16.2,170.6,11.95,19
2024-08-03T01:33:04.154Z,3631,39.62800448,-104.99877697,1709.152,-135.5,-16.2,170.6,11.95,19
2024-08-03T01:33:04.187Z,3632,39.62800179,-104.99878044,1709.051,-135.6,-16.2,170.6,11.95,19
2024-08-03T01:33:04.221Z,3633,39.62799934,-104.99878359,1708.949,-135.5,-16.2,170.6,11.95,19
2024-08-03T01:33:04.254Z,3634,39.62799704,-104.99878656,1708.847,-135.4,-16.2,170.6,11.95,19
2024-08-03T01:33:04.287Z,3635,39.62799473,-104.99878953,1708.746,-135.3,-16.2,170.6,11.95,19
2024-08-03T01:33:04.321Z,3636,39.62799218,-104.99879280,1708.709,-135.3,-16.2,170.6,11.95,19
2024-08-03T01:33:04.354Z,3637,39.62798948,-104.99879623,1708.709,-135.4,-16.2,170.6,11.95,19
2024-08-03T01:33:04.388Z,3638,39.62798679,-104.99879967,1708.709,-135.4,-16.2,170.6,11.95,19
2024-08-03T01:33:04.421Z,3639,39.62798409,-104.99880311,1708.644,-135.4,-16.2,170.6,11.95,19
2024-08-03T01:33:04.454Z,3640,39.62798140,-104.99880654,1708.542,-135.4,-16.2,170.6,11.95,19
2024-08-03T01:33:04.488Z,3641,39.62797871,-104.99880998,1708.440,-135.4,-16.2,170.6,11.95,19
2024-08-03T01:33:04.521Z,3642,39.62797610,-104.99881331,1708.338,-135.4,-16.2,170.6,11.95,19
2024-08-03T01:33:04.554Z,3643,39.62797353,-104.99881658,1708.237,-135.5,-16.2,170.6,11.95,19
2024-08-03T01:33:04.588Z,3644,39.62797096,-104.99881985,1708.135,-135.5,-16.2,170.6,11.95,19
2024-08-03T01:33:04.621Z,3645,39.62796847,-104.99882301,1708.033,-135.5,-16.2,170.6,11.95,19
2024-08-03T01:33:04.654Z,3646,39.62796604,-104.99882611,1707.932,-135.4,-16.2,170.6,11.95,19
2024-08-03T01:33:04.688Z,3647,39.62796361,-104.99882922,1707.830,-135.4,-16.2,170.6,11.95,19
2024-08-03T01:33:04.721Z,3648,39.62796092,-104.99883265,1707.728,-135.4,-16.2,170.6,11.95,19
2024-08-03T01:33:04.755Z,3649,39.62795809,-104.99883625,1707.626,-135.3,-16.2,170.6,11.95,19
2024-08-03T01:33:04.788Z,3650,39.62795527,-104.99883985,1707.525,-135.3,-16.2,170.6,11.95,19
2024-08-03T01:33:04.821Z,3651,39.62795278,-104.99884304,1707.490,-135.3,-16.2,170.6,11.95,19
2024-08-03T01:33:04.855Z,3652,39.62795048,-104.99884601,1707.490,-135.4,-16.2,170.6,11.95,19
2024-08-03T01:33:04.888Z,3653,39.62794817,-104.99884898,1707.490,-135.4,-16.2,170.6,11.95,19
2024-08-03T01:33:04.921Z,3654,39.62794578,-104.99885202,1707.490,-135.4,-16.2,170.6,11.95,19
2024-08-03T01:33:04.955Z,3655,39.62794334,-104.99885509,1707.490,-135.4,-16.2,170.6,11.95,19
2024-08-03T01:33:04.988Z,3656,39.62794090,-104.99885816,1707.490,-135.4,-16.2,170.6,11.95,19
2024-08-03T01:33:05.022Z,3657,39.62793821,-104.99886158,1707.422,-135.4,-16.2,170.6,11.95,19
2024-08-03T01:33:05.055Z,3658,39.62793540,-104.99886518,1707.321,-135.4,-16.2,170.6,11.95,19
2024-08-03T01:33:05.088Z,3659,39.62793259,-104.99886879,1707.219,-135.4,-16.2,170.6,11.95,19
2024-08-03T01:33:05.122Z,3660,39.62792999,-104.99887219,1707.185,-135.4,-16.2,170.6,11.95,19
2024-08-03T01:33:05.155Z,3661,39.62792749,-104.99887549,1707.185,-135.3,-16.2,170.6,11.95,19
2024-08-03T01:33:05.188Z,3662,39.62792500,-104.99887880,1707.185,-135.2,-16.2,170.6,11.95,19
2024-08-03T01:33:05.222Z,3663,39.62792248,-104.99888208,1707.185,-135.2,-16.2,170.6,11.93,19
2024-08-03T01:33:05.255Z,3664,39.62791995,-104.99888535,1707.185,-135.2,-16.2,170.6,11.91,19
2024-08-03T01:33:05.288Z,3665,39.62791741,-104.99888862,1707.185,-135.2,-16.2,170.6,11.89,19
2024-08-03T01:33:05.322Z,3666,39.62791510,-104.99889155,1707.185,-135.2,-16.2,170.6,11.88,19
2024-08-03T01:33:05.355Z,3667,39.62791291,-104.99889432,1707.185,-135.2,-16.2,170.6,11.88,19
2024-08-03T01:33:05.389Z,3668,39.62791072,-104.99889709,1707.185,-135.2,-16.2,170.6,11.88,19
2024-08-03T01:33:05.422Z,3669,39.62790803,-104.99890053,1707.185,-135.2,-16.2,170.6,11.90,19
2024-08-03T01:33:05.455Z,3670,39.62790510,-104.99890430,1707.185,-135.1,-16.2,170.6,11.92,19
2024-08-03T01:33:05.489Z,3671,39.62790216,-104.99890807,1707.185,-135.1,-16.2,170.6,11.94,19
2024-08-03T01:33:05.522Z,3672,39.62789948,-104.99891153,1707.185,-135.1,-16.2,170.6,11.95,19
2024-08-03T01:33:05.555Z,3673,39.62789692,-104.99891483,1707.185,-135.1,-16.2,170.6,11.95,19
2024-08-03T01:33:05.589Z,3674,39.62789436,-104.99891814,1707.185,-135.1,-16.2,170.6,11.95,19
2024-08-03T01:33:05.622Z,3675,39.62789189,-104.99892130,1707.185,-135.1,-16.2,170.6,11.95,19
2024-08-03T01:33:05.655Z,3676,39.62788946,-104.99892441,1707.185,-135.2,-16.2,170.6,11.95,19
2024-08-03T01:33:05.689Z,3677,39.62788703,-104.99892751,1707.185,-135.2,-16.2,170.6,11.95,19
2024-08-03T01:33:05.722Z,3678,39.62788461,-104.99893061,1707.185,-135.2,-16.2,170.6,11.93,19
2024-08-03T01:33:05.756Z,3679,39.62788220,-104.99893372,1707.185,-135.1,-16.2,170.6,11.91,19
2024-08-03T01:33:05.789Z,3680,39.62787978,-104.99893682,1707.185,-135.1,-16.2,170.6,11.89,19
2024-08-03T01:33:05.822Z,3681,39.62787702,-104.99894038,1707.185,-135.1,-16.2,170.6,11.88,19
2024-08-03T01:33:05.856Z,3682,39.62787409,-104.99894415,1707.185,-135.1,-16.2,170.6,11.88,19
2024-08-03T01:33:05.889Z,3683,39.62787117,-104.99894792,1707.185,-135.1,-16.2,170.6,11.88,19
2024-08-03T01:33:05.922Z,3684,39.62786858,-104.99895123,1707.185,-135.1,-16.2,170.6,11.88,19
2024-08-03T01:33:05.956Z,3685,39.62786615,-104.99895433,1707.185,-135.2,-16.2,170.6,11.88,19
2024-08-03T01:33:05.989Z,3686,39.62786371,-104.99895744,1707.185,-135.2,-16.2,170.6,11.88,19
2024-08-03T01:33:06.023Z,3687,39.62786138,-104.99896043,1707.185,-135.2,-16.2,170.6,11.88,19
2024-08-03T01:33:06.056Z,3688,39.62785909,-104.99896336,1707.185,-135.2,-16.2,170.6,11.88,19
2024-08-03T01:33:06.089Z,3689,39.62785679,-104.99896630,1707.185,-135.2,-16.2,170.6,11.88,19
2024-08-03T01:33:06.123Z,3690,39.62785444,-104.99896933,1707.185,-135.2,-16.2,170.6,11.88,19
2024-08-03T01:33:06.156Z,3691,39.62785207,-104.99897240,1707.185,-135.2,-16.2,170.6,11.88,19
2024-08-03T01:33:06.189Z,3692,39.62784969,-104.99897547,1707.185,-135.2,-16.2,170.6,11.88,19
2024-08-03T01:33:06.223Z,3693,39.62784693,-104.99897902,1707.114,-135.2,-16.2,170.6,11.86,19
2024-08-03T01:33:06.256Z,3694,39.62784401,-104.99898279,1707.012,-135.2,-16.2,170.6,11.84,19
2024-08-03T01:33:06.289Z,3695,39.62784108,-104.99898657,1706.911,-135.2,-16.2,170.6,11.82,19
2024-08-03T01:33:06.323Z,3696,39.62783855,-104.99898987,1706.880,-135.2,-16.2,170.6,11.81,19
2024-08-03T01:33:06.356Z,3697,39.62783619,-104.99899297,1706.880,-135.2,-16.2,170.6,11.81,19
2024-08-03T01:33:06.390Z,3698,39.62783382,-104.99899608,1706.880,-135.2,-16.2,170.6,11.81,19
2024-08-03T01:33:06.423Z,3699,39.62783145,-104.99899920,1706.880,-135.2,-16.2,170.6,11.81,19
2024-08-03T01:33:06.456Z,3700,39.62782906,-104.99900234,1706.880,-135.2,-16.2,170.6,11.81,19
2024-08-03T01:33:06.490Z,3701,39.62782667,-104.99900547,1706.880,-135.2,-16.2,170.6,11.81,19
2024-08-03T01:33:06.523Z,3702,39.62782398,-104.99900889,1706.880,-135.2,-16.2,170.6,11.81,19
2024-08-03T01:33:06.556Z,3703,39.62782115,-104.99901243,1706.880,-135.2,-16.2,170.6,11.81,19
2024-08-03T01:33:06.590Z,3704,39.62781832,-104.99901597,1706.880,-135.2,-16.2,170.6,11.81,19
2024-08-03T01:33:06.623Z,3705,39.62781577,-104.99901915,1706.880,-135.2,-16.2,170.6,11.81,19
2024-08-03T01:33:06.656Z,3706,39.62781334,-104.99902219,1706.880,-135.1,-16.2,170.6,11.81,19
2024-08-03T01:33:06.690Z,3707,39.62781090,-104.99902522,1706.880,-135.0,-16.2,170.6,11.81,19
2024-08-03T01:33:06.723Z,3708,39.62780820,-104.99902866,1706.880,-135.0,-16.2,170.6,11.81,19
2024-08-03T01:33:06.757Z,3709,39.62780540,-104.99903227,1706.880,-135.1,-16.2,170.6,11.81,19
2024-08-03T01:33:06.790Z,3710,39.62780259,-104.99903587,1706.880,-135.1,-16.2,170.6,11.81,19
2024-08-03T01:33:06.823Z,3711,39.62780015,-104.99903900,1706.807,-135.1,-16.2,170.6,11.81,19
2024-08-03T01:33:06.857Z,3712,39.62779786,-104.99904193,1706.706,-135.2,-16.2,170.6,11.81,19
2024-08-03T01:33:06.890Z,3713,39.62779557,-104.99904487,1706.604,-135.3,-16.2,170.6,11.81,19
2024-08-03T01:33:06.923Z,3714,39.62779321,-104.99904788,1706.575,-135.3,-16.2,170.6,11.81,19
2024-08-03T01:33:06.957Z,3715,39.62779083,-104.99905091,1706.575,-135.4,-16.2,170.6,11.81,19
2024-08-03T01:33:06.990Z,3716,39.62778845,-104.99905395,1706.575,-135.4,-16.2,170.6,11.81,19
2024-08-03T01:33:07.024Z,3717,39.62778578,-104.99905737,1706.575,-135.4,-16.2,170.6,11.81,19
2024-08-03T01:33:07.057Z,3718,39.62778299,-104.99906094,1706.575,-135.3,-16.2,170.6,11.81,19
2024-08-03T01:33:07.090Z,3719,39.62778021,-104.99906451,1706.575,-135.2,-16.2,170.6,11.81,19
2024-08-03T01:33:07.124Z,3720,39.62777770,-104.99906777,1706.502,-135.2,-16.2,170.6,11.81,19
2024-08-03T01:33:07.157Z,3721,39.62777528,-104.99907090,1706.400,-135.2,-16.2,170.6,11.81,19
2024-08-03T01:33:07.190Z,3722,39.62777287,-104.99907404,1706.298,-135.2,-16.2,170.6,11.81,19
2024-08-03T01:33:07.224Z,3723,39.62777029,-104.99907740,1706.270,-135.2,-16.2,170.6,11.83,19
2024-08-03T01:33:07.257Z,3724,39.62776764,-104.99908083,1706.270,-135.2,-16.2,170.6,11.85,19
2024-08-03T01:33:07.290Z,3725,39.62776499,-104.99908427,1706.270,-135.2,-16.2,170.6,11.87,19
2024-08-03T01:33:07.324Z,3726,39.62776246,-104.99908744,1706.270,-135.2,-16.2,170.6,11.88,19
2024-08-03T01:33:07.357Z,3727,39.62775997,-104.99909051,1706.270,-135.3,-16.2,170.6,11.88,19
2024-08-03T01:33:07.391Z,3728,39.62775748,-104.99909358,1706.270,-135.4,-16.2,170.6,11.88,19
2024-08-03T01:33:07.424Z,3729,39.62775483,-104.99909692,1706.196,-135.3,-16.2,170.6,11.90,19
2024-08-03T01:33:07.457Z,3730,39.62775213,-104.99910035,1706.094,-135.2,-16.2,170.6,11.92,19
2024-08-03T01:33:07.491Z,3731,39.62774943,-104.99910379,1705.993,-135.1,-16.2,170.6,11.94,19
2024-08-03T01:33:07.524Z,3732,39.62774682,-104.99910710,1705.966,-135.1,-16.2,170.6,11.95,19
2024-08-03T01:33:07.557Z,3733,39.62774425,-104.99911037,1705.966,-135.1,-16.2,170.6,11.95,19
2024-08-03T01:33:07.591Z,3734,39.62774168,-104.99911364,1705.966,-135.1,-16.2,170.6,11.95,19
2024-08-03T01:33:07.624Z,3735,39.62773921,-104.99911679,1705.891,-135.1,-16.2,170.6,11.95,19
2024-08-03T01:33:07.657Z,3736,39.62773678,-104.99911989,1705.789,-135.2,-16.2,170.6,11.95,19
2024-08-03T01:33:07.691Z,3737,39.62773434,-104.99912300,1705.687,-135.3,-16.2,170.6,11.95,19
2024-08-03T01:33:07.724Z,3738,39.62773191,-104.99912612,1705.661,-135.3,-16.2,170.6,11.95,19
2024-08-03T01:33:07.758Z,3739,39.62772948,-104.99912926,1705.661,-135.3,-16.2,170.6,11.95,19
2024-08-03T01:33:07.791Z,3740,39.62772705,-104.99913240,1705.661,-135.3,-16.2,170.6,11.95,19
2024-08-03T01:33:07.824Z,3741,39.62772424,-104.99913601,1705.661,-135.3,-16.2,170.6,11.95,19
2024-08-03T01:33:07.858Z,3742,39.62772130,-104.99913978,1705.661,-135.2,-16.2,170.6,11.95,19
2024-08-03T01:33:07.891Z,3743,39.62771835,-104.99914355,1705.661,-135.1,-16.2,170.6,11.95,19
2024-08-03T01:33:07.924Z,3744,39.62771598,-104.99914657,1705.585,-135.1,-16.2,170.6,11.95,19
2024-08-03T01:33:07.958Z,3745,39.62771381,-104.99914934,1705.483,-135.2,-16.2,170.6,11.95,19
2024-08-03T01:33:07.991Z,3746,39.62771163,-104.99915211,1705.381,-135.3,-16.2,170.6,11.95,19
2024-08-03T01:33:08.025Z,3747,39.62770908,-104.99915540,1705.356,-135.3,-16.2,170.6,11.95,19
2024-08-03T01:33:08.058Z,3748,39.62770641,-104.99915887,1705.356,-135.3,-16.2,170.6,11.95,19
2024-08-03T01:33:08.091Z,3749,39.62770373,-104.99916234,1705.356,-135.3,-16.2,170.6,11.95,19
2024-08-03T01:33:08.125Z,3750,39.62770104,-104.99916576,1705.279,-135.3,-16.2,170.6,11.95,19
2024-08-03T01:33:08.158Z,3751,39.62769834,-104.99916917,1705.178,-135.3,-16.2,170.6,11.95,19
2024-08-03T01:33:08.191Z,3752,39.62769565,-104.99917257,1705.076,-135.3,-16.2,170.6,11.95,19
2024-08-03T01:33:08.225Z,3753,39.62769325,-104.99917565,1705.051,-135.3,-16.2,170.6,11.95,19
2024-08-03T01:33:08.258Z,3754,39.62769096,-104.99917861,1705.051,-135.2,-16.2,170.6,11.95,19
2024-08-03T01:33:08.291Z,3755,39.62768866,-104.99918158,1705.051,-135.2,-16.2,170.6,11.95,19
2024-08-03T01:33:08.325Z,3756,39.62768603,-104.99918491,1705.051,-135.2,-16.2,170.6,11.95,19
2024-08-03T01:33:08.358Z,3757,39.62768329,-104.99918835,1705.051,-135.3,-16.2,170.6,11.95,19
2024-08-03T01:33:08.392Z,3758,39.62768055,-104.99919178,1705.051,-135.3,-16.2,170.6,11.95,19
2024-08-03T01:33:08.425Z,3759,39.62767805,-104.99919496,1704.974,-135.3,-16.2,170.6,11.95,19
2024-08-03T01:33:08.458Z,3760,39.62767561,-104.99919807,1704.872,-135.4,-16.2,170.6,11.95,19
2024-08-03T01:33:08.492Z,3761,39.62767318,-104.99920117,1704.770,-135.4,-16.2,170.6,11.95,19
2024-08-03T01:33:08.525Z,3762,39.62767044,-104.99920466,1704.746,-135.4,-16.2,170.6,11.95,19
2024-08-03T01:33:08.558Z,3763,39.62766761,-104.99920826,1704.746,-135.4,-16.2,170.6,11.95,19
2024-08-03T01:33:08.592Z,3764,39.62766478,-104.99921186,1704.746,-135.4,-16.2,170.6,11.95,19
2024-08-03T01:33:08.625Z,3765,39.62766225,-104.99921508,1704.668,-135.4,-16.2,170.6,11.95,19
2024-08-03T01:33:08.658Z,3766,39.62765982,-104.99921819,1704.567,-135.3,-16.2,170.6,11.95,19
2024-08-03T01:33:08.692Z,3767,39.62765739,-104.99922129,1704.465,-135.3,-16.2,170.6,11.95,19
2024-08-03T01:33:08.725Z,3768,39.62765494,-104.99922442,1704.442,-135.3,-16.2,170.6,11.95,19
2024-08-03T01:33:08.759Z,3769,39.62765248,-104.99922755,1704.442,-135.3,-16.2,170.6,11.95,19
2024-08-03T01:33:08.792Z,3770,39.62765003,-104.99923069,1704.442,-135.3,-16.2,170.6,11.95,19
2024-08-03T01:33:08.825Z,3771,39.62764738,-104.99923406,1704.363,-135.3,-16.2,170.6,11.95,19
2024-08-03T01:33:08.859Z,3772,39.62764469,-104.99923750,1704.261,-135.3,-16.2,170.6,11.95,19
2024-08-03T01:33:08.892Z,3773,39.62764199,-104.99924093,1704.159,-135.3,-16.2,170.6,11.95,19
2024-08-03T01:33:08.925Z,3774,39.62763930,-104.99924434,1704.058,-135.3,-16.2,170.6,11.93,19
2024-08-03T01:33:08.959Z,3775,39.62763662,-104.99924775,1703.956,-135.3,-16.2,170.6,11.91,19
2024-08-03T01:33:08.992Z,3776,39.62763393,-104.99925115,1703.854,-135.3,-16.2,170.6,11.89,19
2024-08-03T01:33:09.026Z,3777,39.62763134,-104.99925442,1703.832,-135.3,-16.2,170.6,11.88,19
2024-08-03T01:33:09.059Z,3778,39.62762877,-104.99925766,1703.832,-135.3,-16.2,170.6,11.88,19
2024-08-03T01:33:09.092Z,3779,39.62762621,-104.99926090,1703.832,-135.3,-16.2,170.6,11.88,19
2024-08-03T01:33:09.126Z,3780,39.62762396,-104.99926377,1703.752,-135.3,-16.2,170.6,11.88,19
2024-08-03T01:33:09.159Z,3781,39.62762180,-104.99926654,1703.651,-135.4,-16.2,170.6,11.88,19
2024-08-03T01:33:09.192Z,3782,39.62761964,-104.99926931,1703.549,-135.4,-16.2,170.6,11.88,19
2024-08-03T01:33:09.226Z,3783,39.62761706,-104.99927258,1703.527,-135.4,-16.2,170.6,11.86,19
2024-08-03T01:33:09.259Z,3784,39.62761436,-104.99927598,1703.527,-135.3,-16.2,170.6,11.84,19
2024-08-03T01:33:09.292Z,3785,39.62761167,-104.99927938,1703.527,-135.3,-16.2,170.6,11.81,19
2024-08-03T01:33:09.326Z,3786,39.62760902,-104.99928279,1703.447,-135.3,-16.2,170.6,11.81,19
2024-08-03T01:33:09.359Z,3787,39.62760638,-104.99928619,1703.345,-135.3,-16.2,170.6,11.81,19
2024-08-03T01:33:09.393Z,3788,39.62760374,-104.99928959,1703.244,-135.3,-16.2,170.6,11.81,19
2024-08-03T01:33:09.426Z,3789,39.62760109,-104.99929300,1703.222,-135.3,-16.2,170.6,11.81,19
2024-08-03T01:33:09.459Z,3790,39.62759844,-104.99929640,1703.222,-135.3,-16.2,170.6,11.81,19
2024-08-03T01:33:09.493Z,3791,39.62759578,-104.99929980,1703.222,-135.3,-16.2,170.6,11.81,19
2024-08-03T01:33:09.526Z,3792,39.62759321,-104.99930310,1703.142,-135.3,-16.2,170.6,11.81,19
2024-08-03T01:33:09.559Z,3793,39.62759066,-104.99930637,1703.040,-135.3,-16.2,170.6,11.81,19
2024-08-03T01:33:09.593Z,3794,39.62758811,-104.99930964,1702.938,-135.3,-16.2,170.6,11.81,19
2024-08-03T01:33:09.626Z,3795,39.62758568,-104.99931275,1702.836,-135.3,-16.2,170.6,11.81,19
2024-08-03T01:33:09.659Z,3796,39.62758329,-104.99931582,1702.735,-135.3,-16.2,170.6,11.81,19
2024-08-03T01:33:09.693Z,3797,39.62758091,-104.99931889,1702.633,-135.3,-16.2,170.6,11.81,19
2024-08-03T01:33:09.726Z,3798,39.62757821,-104.99932233,1702.613,-135.3,-16.2,170.6,11.81,19
2024-08-03T01:33:09.760Z,3799,39.62757545,-104.99932587,1702.613,-135.4,-16.2,170.6,11.81,19
2024-08-03T01:33:09.793Z,3800,39.62757268,-104.99932941,1702.613,-135.4,-16.2,170.6,11.81,19
2024-08-03T01:33:09.826Z,3801,39.62757033,-104.99933243,1702.613,-135.4,-16.2,170.6,11.81,19
2024-08-03T01:33:09.860Z,3802,39.62756807,-104.99933534,1702.613,-135.3,-16.2,170.6,11.81,19
2024-08-03T01:33:09.893Z,3803,39.62756582,-104.99933824,1702.613,-135.3,-16.2,170.6,11.81,19
2024-08-03T01:33:09.926Z,3804,39.62756335,-104.99934141,1702.531,-135.3,-16.2,170.6,11.81,19
2024-08-03T01:33:09.960Z,3805,39.62756083,-104.99934465,1702.429,-135.3,-16.2,170.6,11.81,19
2024-08-03T01:33:09.993Z,3806,39.62755831,-104.99934789,1702.327,-135.3,-16.2,170.6,11.81,19
2024-08-03T01:33:10.027Z,3807,39.62755571,-104.99935126,1702.226,-135.3,-16.2,170.6,11.77,19
2024-08-03T01:33:10.060Z,3808,39.62755308,-104.99935466,1702.124,-135.4,-16.2,170.6,11.72,19
2024-08-03T01:33:10.093Z,3809,39.62755046,-104.99935806,1702.022,-135.4,-16.2,170.6,11.68,19
2024-08-03T01:33:10.127Z,3810,39.62754790,-104.99936133,1702.003,-135.4,-16.2,170.6,11.67,19
2024-08-03T01:33:10.160Z,3811,39.62754535,-104.99936457,1702.003,-135.3,-16.2,170.6,11.67,19
2024-08-03T01:33:10.193Z,3812,39.62754281,-104.99936780,1702.003,-135.3,-16.2,170.6,11.67,19
2024-08-03T01:33:10.227Z,3813,39.62754027,-104.99937099,1701.920,-135.3,-16.2,170.6,11.67,19
2024-08-03T01:33:10.260Z,3814,39.62753774,-104.99937416,1701.819,-135.3,-16.2,170.6,11.67,19
2024-08-03T01:33:10.293Z,3815,39.62753521,-104.99937733,1701.717,-135.3,-16.2,170.6,11.67,19
2024-08-03T01:33:10.327Z,3816,39.62753281,-104.99938041,1701.698,-135.3,-16.2,170.6,11.67,19
2024-08-03T01:33:10.360Z,3817,39.62753043,-104.99938348,1701.698,-135.3,-16.2,170.6,11.67,19
2024-08-03T01:33:10.394Z,3818,39.62752806,-104.99938655,1701.698,-135.3,-16.2,170.6,11.67,19
2024-08-03T01:33:10.427Z,3819,39.62752550,-104.99938982,1701.615,-135.3,-16.2,170.6,11.63,19
2024-08-03T01:33:10.460Z,3820,39.62752289,-104.99939312,1701.513,-135.4,-16.2,170.6,11.58,19
2024-08-03T01:33:10.494Z,3821,39.62752029,-104.99939642,1701.411,-135.4,-16.2,170.6,11.53,19
2024-08-03T01:33:10.527Z,3822,39.62751781,-104.99939962,1701.310,-135.4,-16.2,170.6,11.49,19
2024-08-03T01:33:10.560Z,3823,39.62751537,-104.99940278,1701.208,-135.4,-16.2,170.6,11.44,19
2024-08-03T01:33:10.594Z,3824,39.62751293,-104.99940595,1701.106,-135.4,-16.2,170.6,11.39,19
2024-08-03T01:33:10.627Z,3825,39.62751050,-104.99940910,1701.089,-135.4,-16.2,170.6,11.35,19
2024-08-03T01:33:10.660Z,3826,39.62750808,-104.99941223,1701.089,-135.3,-16.2,170.6,11.30,19
2024-08-03T01:33:10.694Z,3827,39.62750565,-104.99941537,1701.089,-135.3,-16.2,170.6,11.25,19
2024-08-03T01:33:10.727Z,3828,39.62750340,-104.99941820,1701.004,-135.3,-16.2,170.6,11.22,19
2024-08-03T01:33:10.761Z,3829,39.62750118,-104.99942097,1700.903,-135.4,-16.2,170.6,11.20,19
2024-08-03T01:33:10.794Z,3830,39.62749897,-104.99942374,1700.801,-135.4,-16.2,170.6,11.18,19
2024-08-03T01:33:10.827Z,3831,39.62749670,-104.99942657,1700.784,-135.4,-16.2,170.6,11.13,19
2024-08-03T01:33:10.861Z,3832,39.62749443,-104.99942940,1700.784,-135.4,-16.2,170.6,11.09,19
2024-08-03T01:33:10.894Z,3833,39.62749216,-104.99943224,1700.784,-135.4,-16.2,170.6,11.04,19
2024-08-03T01:33:10.927Z,3834,39.62748953,-104.99943563,1700.699,-135.4,-16.2,170.6,11.01,19
2024-08-03T01:33:10.961Z,3835,39.62748683,-104.99943914,1700.597,-135.3,-16.2,170.6,10.99,19
2024-08-03T01:33:10.994Z,3836,39.62748412,-104.99944264,1700.495,-135.3,-16.2,170.6,10.96,19
2024-08-03T01:33:11.028Z,3837,39.62748173,-104.99944572,1700.479,-135.3,-16.2,170.6,10.92,19
2024-08-03T01:33:11.061Z,3838,39.62747940,-104.99944873,1700.479,-135.3,-16.2,170.6,10.87,19
2024-08-03T01:33:11.094Z,3839,39.62747708,-104.99945173,1700.479,-135.3,-16.2,170.6,10.83,19
2024-08-03T01:33:11.128Z,3840,39.62747474,-104.99945465,1700.393,-135.4,-16.2,170.6,10.78,19
2024-08-03T01:33:11.161Z,3841,39.62747240,-104.99945755,1700.292,-135.4,-16.2,170.6,10.73,19
2024-08-03T01:33:11.194Z,3842,39.62747006,-104.99946045,1700.190,-135.5,-16.2,170.6,10.68,19
2024-08-03T01:33:11.228Z,3843,39.62746777,-104.99946336,1700.088,-135.5,-16.2,170.6,10.66,19
2024-08-03T01:33:11.261Z,3844,39.62746548,-104.99946626,1699.987,-135.4,-16.2,170.6,10.63,19
2024-08-03T01:33:11.294Z,3845,39.62746320,-104.99946916,1699.885,-135.4,-16.2,170.6,10.61,19
2024-08-03T01:33:11.328Z,3846,39.62746102,-104.99947189,1699.870,-135.4,-16.2,170.6,10.57,19
2024-08-03T01:33:11.361Z,3847,39.62745886,-104.99947460,1699.870,-135.3,-16.2,170.6,10.52,19
2024-08-03T01:33:11.395Z,3848,39.62745671,-104.99947730,1699.870,-135.3,-16.2,170.6,10.47,19
2024-08-03T01:33:11.428Z,3849,39.62745458,-104.99948003,1699.783,-135.3,-16.2,170.6,10.45,19
2024-08-03T01:33:11.461Z,3850,39.62745245,-104.99948277,1699.681,-135.3,-16.2,170.6,10.42,19
2024-08-03T01:33:11.495Z,3851,39.62745032,-104.99948550,1699.580,-135.3,-16.2,170.6,10.40,19
2024-08-03T01:33:11.528Z,3852,39.62744819,-104.99948818,1699.565,-135.3,-16.2,170.6,10.37,19
2024-08-03T01:33:11.561Z,3853,39.62744605,-104.99949085,1699.565,-135.3,-16.2,170.6,10.35,19
2024-08-03T01:33:11.595Z,3854,39.62744392,-104.99949352,1699.565,-135.3,-16.2,170.6,10.33,19
2024-08-03T01:33:11.628Z,3855,39.62744153,-104.99949653,1699.478,-135.3,-16.2,170.6,10.28,19
2024-08-03T01:33:11.661Z,3856,39.62743910,-104.99949960,1699.376,-135.4,-16.2,170.6,10.24,19
2024-08-03T01:33:11.695Z,3857,39.62743667,-104.99950267,1699.274,-135.4,-16.2,170.6,10.19,19
2024-08-03T01:33:11.728Z,3858,39.62743426,-104.99950569,1699.172,-135.4,-16.2,170.6,10.16,19
2024-08-03T01:33:11.762Z,3859,39.62743185,-104.99950869,1699.071,-135.3,-16.2,170.6,10.14,19
2024-08-03T01:33:11.795Z,3860,39.62742944,-104.99951169,1698.969,-135.3,-16.2,170.6,10.12,19
2024-08-03T01:33:11.828Z,3861,39.62742743,-104.99951423,1698.955,-135.3,-16.2,170.6,10.07,19
2024-08-03T01:33:11.862Z,3862,39.62742549,-104.99951670,1698.955,-135.3,-16.2,170.6,10.02,19
2024-08-03T01:33:11.895Z,3863,39.62742355,-104.99951917,1698.955,-135.3,-16.2,170.6,9.98,19
2024-08-03T01:33:11.928Z,3864,39.62742151,-104.99952179,1698.867,-135.3,-16.2,170.6,9.95,19
2024-08-03T01:33:11.962Z,3865,39.62741947,-104.99952442,1698.765,-135.3,-16.2,170.6,9.93,19
2024-08-03T01:33:11.995Z,3866,39.62741742,-104.99952706,1698.664,-135.3,-16.2,170.6,9.90,19
2024-08-03T01:33:12.029Z,3867,39.62741512,-104.99953001,1698.562,-135.3,-16.2,170.6,9.88,19
2024-08-03T01:33:12.062Z,3868,39.62741279,-104.99953302,1698.460,-135.3,-16.2,170.6,9.86,19
2024-08-03T01:33:12.095Z,3869,39.62741047,-104.99953602,1698.359,-135.3,-16.2,170.6,9.83,19
2024-08-03T01:33:12.129Z,3870,39.62740830,-104.99953876,1698.346,-135.3,-16.2,170.6,9.83,19
2024-08-03T01:33:12.162Z,3871,39.62740616,-104.99954146,1698.346,-135.3,-16.2,170.6,9.83,19
2024-08-03T01:33:12.195Z,3872,39.62740402,-104.99954416,1698.346,-135.3,-16.2,170.6,9.83,19
2024-08-03T01:33:12.229Z,3873,39.62740189,-104.99954681,1698.257,-135.3,-16.2,170.6,9.79,19
2024-08-03T01:33:12.262Z,3874,39.62739977,-104.99954945,1698.155,-135.3,-16.2,170.6,9.74,19
2024-08-03T01:33:12.295Z,3875,39.62739765,-104.99955208,1698.053,-135.3,-16.2,170.6,9.69,19
2024-08-03T01:33:12.329Z,3876,39.62739564,-104.99955460,1697.951,-135.3,-16.2,170.6,9.69,19
2024-08-03T01:33:12.362Z,3877,39.62739366,-104.99955710,1697.850,-135.3,-16.2,170.6,9.69,19
2024-08-03T01:33:12.396Z,3878,39.62739167,-104.99955960,1697.748,-135.3,-16.2,170.6,9.69,19
2024-08-03T01:33:12.429Z,3879,39.62738952,-104.99956234,1697.736,-135.3,-16.2,170.6,9.65,19
2024-08-03T01:33:12.462Z,3880,39.62738733,-104.99956511,1697.736,-135.3,-16.2,170.6,9.60,19
2024-08-03T01:33:12.496Z,3881,39.62738515,-104.99956788,1697.736,-135.3,-16.2,170.6,9.55,19
2024-08-03T01:33:12.529Z,3882,39.62738305,-104.99957047,1697.646,-135.3,-16.2,170.6,9.55,19
2024-08-03T01:33:12.562Z,3883,39.62738096,-104.99957304,1697.544,-135.3,-16.2,170.6,9.55,19
2024-08-03T01:33:12.596Z,3884,39.62737887,-104.99957561,1697.443,-135.3,-16.2,170.6,9.55,19
2024-08-03T01:33:12.629Z,3885,39.62737690,-104.99957809,1697.341,-135.3,-16.2,170.6,9.53,19
2024-08-03T01:33:12.662Z,3886,39.62737495,-104.99958056,1697.239,-135.3,-16.2,170.6,9.50,19
2024-08-03T01:33:12.696Z,3887,39.62737299,-104.99958303,1697.137,-135.3,-16.2,170.6,9.48,19
2024-08-03T01:33:12.729Z,3888,39.62737103,-104.99958550,1697.036,-135.3,-16.2,170.6,9.46,19
2024-08-03T01:33:12.763Z,3889,39.62736907,-104.99958797,1696.934,-135.4,-16.2,170.6,9.43,19
2024-08-03T01:33:12.796Z,3890,39.62736711,-104.99959044,1696.832,-135.4,-16.2,170.6,9.41,19
2024-08-03T01:33:12.829Z,3891,39.62736482,-104.99959338,1696.822,-135.4,-16.2,170.6,9.40,19
2024-08-03T01:33:12.863Z,3892,39.62736250,-104.99959639,1696.822,-135.3,-16.2,170.6,9.40,19
2024-08-03T01:33:12.896Z,3893,39.62736017,-104.99959939,1696.822,-135.3,-16.2,170.6,9.40,19
2024-08-03T01:33:12.929Z,3894,39.62735820,-104.99960188,1696.730,-135.3,-16.2,170.6,9.38,19
2024-08-03T01:33:12.963Z,3895,39.62735627,-104.99960432,1696.629,-135.2,-16.2,170.6,9.36,19
2024-08-03T01:33:12.996Z,3896,39.62735433,-104.99960676,1696.527,-135.2,-16.2,170.6,9.34,19
2024-08-03T01:33:13.030Z,3897,39.62735250,-104.99960904,1696.425,-135.3,-16.2,170.6,9.31,19
2024-08-03T01:33:13.063Z,3898,39.62735068,-104.99961131,1696.324,-135.4,-16.2,170.6,9.29,19
2024-08-03T01:33:13.096Z,3899,39.62734886,-104.99961358,1696.222,-135.5,-16.2,170.6,9.27,19
2024-08-03T01:33:13.130Z,3900,39.62734698,-104.99961603,1696.120,-135.5,-16.2,170.6,9.26,19
2024-08-03T01:33:13.163Z,3901,39.62734509,-104.99961850,1696.018,-135.4,-16.2,170.6,9.26,19
2024-08-03T01:33:13.196Z,3902,39.62734321,-104.99962097,1695.917,-135.4,-16.2,170.6,9.26,19
2024-08-03T01:33:13.230Z,3903,39.62734094,-104.99962383,1695.815,-135.4,-16.2,170.6,9.24,19
2024-08-03T01:33:13.263Z,3904,39.62733864,-104.99962673,1695.713,-135.3,-16.2,170.6,9.22,19
2024-08-03T01:33:13.296Z,3905,39.62733633,-104.99962964,1695.612,-135.3,-16.2,170.6,9.20,19
2024-08-03T01:33:13.330Z,3906,39.62733441,-104.99963208,1695.510,-135.3,-16.2,170.6,9.19,19
2024-08-03T01:33:13.363Z,3907,39.62733252,-104.99963449,1695.408,-135.3,-16.2,170.6,9.19,19
2024-08-03T01:33:13.397Z,3908,39.62733064,-104.99963689,1695.307,-135.3,-16.2,170.6,9.19,19
2024-08-03T01:33:13.430Z,3909,39.62732876,-104.99963929,1695.205,-135.3,-16.2,170.6,9.17,19
2024-08-03T01:33:13.463Z,3910,39.62732688,-104.99964169,1695.103,-135.4,-16.2,170.6,9.15,19
2024-08-03T01:33:13.497Z,3911,39.62732500,-104.99964410,1695.001,-135.4,-16.2,170.6,9.12,19
2024-08-03T01:33:13.530Z,3912,39.62732286,-104.99964680,1694.900,-135.4,-16.2,170.6,9.12,19
2024-08-03T01:33:13.563Z,3913,39.62732070,-104.99964954,1694.798,-135.5,-16.2,170.6,9.12,19
2024-08-03T01:33:13.597Z,3914,39.62731854,-104.99965228,1694.696,-135.5,-16.2,170.6,9.12,19
2024-08-03T01:33:13.630Z,3915,39.62731664,-104.99965467,1694.595,-135.5,-16.2,170.6,9.12,19
2024-08-03T01:33:13.663Z,3916,39.62731477,-104.99965704,1694.493,-135.4,-16.2,170.6,9.12,19
2024-08-03T01:33:13.697Z,3917,39.62731290,-104.99965941,1694.391,-135.4,-16.2,170.6,9.12,19
2024-08-03T01:33:13.730Z,3918,39.62731104,-104.99966181,1694.290,-135.4,-16.2,170.6,9.10,19
2024-08-03T01:33:13.764Z,3919,39.62730918,-104.99966422,1694.188,-135.3,-16.2,170.6,9.08,19
2024-08-03T01:33:13.797Z,3920,39.62730732,-104.99966662,1694.086,-135.3,-16.2,170.6,9.05,19
2024-08-03T01:33:13.830Z,3921,39.62730529,-104.99966920,1693.984,-135.3,-16.2,170.6,9.03,19
2024-08-03T01:33:13.864Z,3922,39.62730324,-104.99967181,1693.883,-135.4,-16.2,170.6,9.01,19
2024-08-03T01:33:13.897Z,3923,39.62730119,-104.99967441,1693.781,-135.4,-16.2,170.6,8.98,19
2024-08-03T01:33:13.930Z,3924,39.62729916,-104.99967701,1693.679,-135.4,-16.2,170.6,8.98,20
2024-08-03T01:33:13.964Z,3925,39.62729712,-104.99967962,1693.578,-135.4,-16.2,170.6,8.98,20
2024-08-03T01:33:13.997Z,3926,39.62729509,-104.99968222,1693.476,-135.4,-16.2,170.6,8.98,20
2024-08-03T01:33:14.031Z,3927,39.62729315,-104.99968470,1693.280,-135.4,-16.2,170.6,8.98,20
2024-08-03T01:33:14.064Z,3928,39.62729121,-104.99968717,1693.076,-135.4,-16.2,170.6,8.98,20
2024-08-03T01:33:14.097Z,3929,39.62728928,-104.99968963,1692.873,-135.4,-16.2,170.6,8.98,20
2024-08-03T01:33:14.131Z,3930,39.62728744,-104.99969201,1692.764,-135.4,-16.2,170.6,8.98,20
2024-08-03T01:33:14.164Z,3931,39.62728560,-104.99969438,1692.663,-135.3,-16.2,170.6,8.98,20
2024-08-03T01:33:14.197Z,3932,39.62728377,-104.99969675,1692.561,-135.3,-16.2,170.6,8.98,20
2024-08-03T01:33:14.231Z,3933,39.62728194,-104.99969909,1692.459,-135.3,-16.2,170.6,8.96,20
2024-08-03T01:33:14.264Z,3934,39.62728012,-104.99970142,1692.358,-135.3,-16.2,170.6,8.93,20
2024-08-03T01:33:14.297Z,3935,39.62727830,-104.99970376,1692.256,-135.3,-16.2,170.6,8.91,20
2024-08-03T01:33:14.331Z,3936,39.62727632,-104.99970628,1692.154,-135.3,-16.2,170.6,8.89,20
2024-08-03T01:33:14.364Z,3937,39.62727433,-104.99970882,1692.052,-135.3,-16.2,170.6,8.86,20
2024-08-03T01:33:14.398Z,3938,39.62727235,-104.99971135,1691.951,-135.3,-16.2,170.6,8.84,20
2024-08-03T01:33:14.431Z,3939,39.62727036,-104.99971392,1691.849,-135.3,-16.2,170.6,8.84,20
2024-08-03T01:33:14.464Z,3940,39.62726837,-104.99971649,1691.747,-135.4,-16.2,170.6,8.84,20
2024-08-03T01:33:14.498Z,3941,39.62726638,-104.99971906,1691.646,-135.4,-16.2,170.6,8.84,20
2024-08-03T01:33:14.531Z,3942,39.62726445,-104.99972153,1691.544,-135.4,-16.2,170.6,8.84,20
2024-08-03T01:33:14.564Z,3943,39.62726253,-104.99972400,1691.442,-135.4,-16.2,170.6,8.84,20
2024-08-03T01:33:14.598Z,3944,39.62726061,-104.99972647,1691.340,-135.4,-16.2,170.6,8.84,20
2024-08-03T01:33:14.631Z,3945,39.62725880,-104.99972881,1691.239,-135.4,-16.2,170.6,8.84,20
2024-08-03T01:33:14.664Z,3946,39.62725700,-104.99973115,1691.137,-135.3,-16.2,170.6,8.84,20
2024-08-03T01:33:14.698Z,3947,39.62725520,-104.99973349,1691.035,-135.3,-16.2,170.6,8.84,20
2024-08-03T01:33:14.731Z,3948,39.62725310,-104.99973611,1690.934,-135.3,-16.2,170.6,8.84,20
2024-08-03T01:33:14.765Z,3949,39.62725099,-104.99973874,1690.832,-135.4,-16.2,170.6,8.84,20
2024-08-03T01:33:14.798Z,3950,39.62724888,-104.99974138,1690.730,-135.4,-16.2,170.6,8.84,20
2024-08-03T01:33:14.831Z,3951,39.62724716,-104.99974360,1690.629,-135.4,-16.2,170.6,8.84,20
2024-08-03T01:33:14.865Z,3952,39.62724545,-104.99974580,1690.527,-135.3,-16.2,170.6,8.84,20
2024-08-03T01:33:14.898Z,3953,39.62724375,-104.99974801,1690.425,-135.3,-16.2,170.6,8.84,20
2024-08-03T01:33:14.931Z,3954,39.62724194,-104.99975034,1690.323,-135.3,-16.2,170.6,8.84,20
2024-08-03T01:33:14.965Z,3955,39.62724012,-104.99975267,1690.222,-135.4,-16.2,170.6,8.84,20
2024-08-03T01:33:14.998Z,3956,39.62723830,-104.99975501,1690.120,-135.4,-16.2,170.6,8.84,20
2024-08-03T01:33:15.032Z,3957,39.62723641,-104.99975741,1690.018,-135.4,-16.2,170.6,8.84,20
2024-08-03T01:33:15.065Z,3958,39.62723451,-104.99975981,1689.917,-135.3,-16.2,170.6,8.84,20
2024-08-03T01:33:15.098Z,3959,39.62723261,-104.99976221,1689.815,-135.3,-16.2,170.6,8.84,20
2024-08-03T01:33:15.132Z,3960,39.62723053,-104.99976487,1689.713,-135.3,-16.2,170.6,8.79,20
2024-08-03T01:33:15.165Z,3961,39.62722844,-104.99976754,1689.612,-135.3,-16.2,170.6,8.75,20
2024-08-03T01:33:15.198Z,3962,39.62722635,-104.99977021,1689.510,-135.3,-16.2,170.6,8.70,20
2024-08-03T01:33:15.232Z,3963,39.62722445,-104.99977262,1689.310,-135.3,-16.2,170.6,8.70,20
2024-08-03T01:33:15.265Z,3964,39.62722256,-104.99977502,1689.107,-135.3,-16.2,170.6,8.70,20
2024-08-03T01:33:15.298Z,3965,39.62722067,-104.99977743,1688.903,-135.3,-16.2,170.6,8.70,20
2024-08-03T01:33:15.332Z,3966,39.62721890,-104.99977970,1688.798,-135.3,-16.2,170.6,8.70,20
2024-08-03T01:33:15.365Z,3967,39.62721713,-104.99978197,1688.697,-135.4,-16.2,170.6,8.70,20
2024-08-03T01:33:15.399Z,3968,39.62721536,-104.99978424,1688.595,-135.4,-16.2,170.6,8.70,20
2024-08-03T01:33:15.432Z,3969,39.62721340,-104.99978673,1688.493,-135.4,-16.2,170.6,8.70,20
2024-08-03T01:33:15.465Z,3970,39.62721144,-104.99978923,1688.391,-135.4,-16.2,170.6,8.70,20
2024-08-03T01:33:15.499Z,3971,39.62720948,-104.99979174,1688.290,-135.4,-16.2,170.6,8.70,20
2024-08-03T01:33:15.532Z,3972,39.62720763,-104.99979411,1688.188,-135.4,-16.2,170.6,8.70,20
2024-08-03T01:33:15.565Z,3973,39.62720579,-104.99979648,1688.086,-135.3,-16.2,170.6,8.70,20
2024-08-03T01:33:15.599Z,3974,39.62720394,-104.99979885,1687.985,-135.3,-16.2,170.6,8.70,20
2024-08-03T01:33:15.632Z,3975,39.62720218,-104.99980112,1687.883,-135.3,-16.2,170.6,8.67,20
2024-08-03T01:33:15.665Z,3976,39.62720043,-104.99980339,1687.781,-135.3,-16.2,170.6,8.65,20
2024-08-03T01:33:15.699Z,3977,39.62719867,-104.99980566,1687.680,-135.3,-16.2,170.6,8.63,20
2024-08-03T01:33:15.732Z,3978,39.62719692,-104.99980793,1687.578,-135.3,-16.2,170.6,8.60,20
2024-08-03T01:33:15.766Z,3979,39.62719517,-104.99981019,1687.476,-135.4,-16.2,170.6,8.58,20
2024-08-03T01:33:15.799Z,3980,39.62719342,-104.99981246,1687.374,-135.4,-16.2,170.6,8.56,20
2024-08-03T01:33:15.832Z,3981,39.62719131,-104.99981519,1687.273,-135.4,-16.2,170.6,8.56,20
2024-08-03T01:33:15.866Z,3982,39.62718919,-104.99981793,1687.171,-135.3,-16.2,170.6,8.56,20
2024-08-03T01:33:15.899Z,3983,39.62718707,-104.99982066,1687.069,-135.3,-16.2,170.6,8.56,20
2024-08-03T01:33:15.932Z,3984,39.62718529,-104.99982291,1686.968,-135.3,-16.2,170.6,8.56,20
2024-08-03T01:33:15.966Z,3985,39.62718351,-104.99982514,1686.866,-135.2,-16.2,170.6,8.56,20
2024-08-03T01:33:15.999Z,3986,39.62718174,-104.99982738,1686.764,-135.2,-16.2,170.6,8.56,20
2024-08-03T01:33:16.033Z,3987,39.62717999,-104.99982961,1686.663,-135.2,-16.2,170.6,8.56,20
2024-08-03T01:33:16.066Z,3988,39.62717825,-104.99983185,1686.561,-135.3,-16.2,170.6,8.56,20
2024-08-03T01:33:16.099Z,3989,39.62717650,-104.99983408,1686.459,-135.3,-16.2,170.6,8.56,20
2024-08-03T01:33:16.133Z,3990,39.62717459,-104.99983655,1686.357,-135.3,-16.2,170.6,8.56,20
2024-08-03T01:33:16.166Z,3991,39.62717269,-104.99983902,1686.256,-135.3,-16.2,170.6,8.56,20
2024-08-03T01:33:16.199Z,3992,39.62717078,-104.99984149,1686.154,-135.3,-16.2,170.6,8.56,20
2024-08-03T01:33:16.233Z,3993,39.62716914,-104.99984363,1686.052,-135.3,-16.2,170.6,8.53,20
2024-08-03T01:33:16.266Z,3994,39.62716750,-104.99984576,1685.951,-135.3,-16.2,170.6,8.51,20
2024-08-03T01:33:16.299Z,3995,39.62716586,-104.99984790,1685.849,-135.3,-16.2,170.6,8.49,20
2024-08-03T01:33:16.333Z,3996,39.62716394,-104.99985033,1685.747,-135.3,-16.2,170.6,8.49,20
2024-08-03T01:33:16.366Z,3997,39.62716201,-104.99985277,1685.645,-135.3,-16.2,170.6,8.49,20
2024-08-03T01:33:16.400Z,3998,39.62716009,-104.99985520,1685.544,-135.3,-16.2,170.6,8.49,20
2024-08-03T01:33:16.433Z,3999,39.62715835,-104.99985744,1685.442,-135.3,-16.2,170.6,8.49,20
2024-08-03T01:33:16.466Z,4000,39.62715662,-104.99985968,1685.340,-135.3,-16.2,170.6,8.49,20
2024-08-03T01:33:16.500Z,4001,39.62715489,-104.99986191,1685.238,-135.3,-16.2,170.6,8.49,20
2024-08-03T01:33:16.533Z,4002,39.62715291,-104.99986445,1685.035,-135.4,-16.2,170.6,8.46,20
2024-08-03T01:33:16.566Z,4003,39.62715094,-104.99986698,1684.831,-135.4,-16.2,170.6,8.44,20
2024-08-03T01:33:16.600Z,4004,39.62714897,-104.99986952,1684.629,-135.5,-16.2,170.6,8.41,20
2024-08-03T01:33:16.633Z,4005,39.62714725,-104.99987172,1684.527,-135.5,-16.2,170.6,8.41,20
2024-08-03T01:33:16.667Z,4006,39.62714554,-104.99987392,1684.425,-135.4,-16.2,170.6,8.41,20
2024-08-03T01:33:16.700Z,4007,39.62714382,-104.99987613,1684.324,-135.4,-16.2,170.6,8.41,20
2024-08-03T01:33:16.733Z,4008,39.62714185,-104.99987866,1684.222,-135.4,-16.2,170.6,8.41,20
2024-08-03T01:33:16.767Z,4009,39.62713988,-104.99988120,1684.120,-135.3,-16.2,170.6,8.41,20
2024-08-03T01:33:16.800Z,4010,39.62713792,-104.99988373,1684.019,-135.3,-16.2,170.6,8.41,20
2024-08-03T01:33:16.833Z,4011,39.62713631,-104.99988580,1683.917,-135.3,-16.2,170.6,8.41,20
2024-08-03T01:33:16.867Z,4012,39.62713471,-104.99988787,1683.815,-135.3,-16.2,170.6,8.41,20
2024-08-03T01:33:16.900Z,4013,39.62713310,-104.99988994,1683.713,-135.3,-16.2,170.6,8.41,20
2024-08-03T01:33:16.933Z,4014,39.62713137,-104.99989214,1683.612,-135.3,-16.2,170.6,8.41,20
2024-08-03T01:33:16.967Z,4015,39.62712964,-104.99989434,1683.510,-135.4,-16.2,170.6,8.41,20
2024-08-03T01:33:17.000Z,4016,39.62712790,-104.99989655,1683.408,-135.4,-16.2,170.6,8.41,20
2024-08-03T01:33:17.034Z,4017,39.62712590,-104.99989909,1683.307,-135.4,-16.2,170.6,8.41,20
2024-08-03T01:33:17.067Z,4018,39.62712390,-104.99990162,1683.205,-135.3,-16.2,170.6,8.41,20
2024-08-03T01:33:17.100Z,4019,39.62712190,-104.99990415,1683.103,-135.3,-16.2,170.6,8.41,20
2024-08-03T01:33:17.134Z,4020,39.62712010,-104.99990649,1683.002,-135.3,-16.2,170.6,8.41,20
2024-08-03T01:33:17.167Z,4021,39.62711831,-104.99990883,1682.900,-135.2,-16.2,170.6,8.41,20
2024-08-03T01:33:17.200Z,4022,39.62711651,-104.99991116,1682.798,-135.2,-16.2,170.6,8.41,20
2024-08-03T01:33:17.234Z,4023,39.62711472,-104.99991346,1682.696,-135.2,-16.2,170.6,8.39,20
2024-08-03T01:33:17.267Z,4024,39.62711293,-104.99991576,1682.595,-135.3,-16.2,170.6,8.37,20
2024-08-03T01:33:17.300Z,4025,39.62711114,-104.99991806,1682.493,-135.3,-16.2,170.6,8.34,20
2024-08-03T01:33:17.334Z,4026,39.62710942,-104.99992020,1682.391,-135.3,-16.2,170.6,8.34,20
2024-08-03T01:33:17.367Z,4027,39.62710770,-104.99992233,1682.290,-135.2,-16.2,170.6,8.34,20
2024-08-03T01:33:17.401Z,4028,39.62710597,-104.99992448,1682.188,-135.2,-16.2,170.6,8.34,20
2024-08-03T01:33:17.434Z,4029,39.62710409,-104.99992688,1682.086,-135.2,-16.2,170.6,8.34,20
2024-08-03T01:33:17.467Z,4030,39.62710222,-104.99992928,1681.985,-135.3,-16.2,170.6,8.34,20
2024-08-03T01:33:17.501Z,4031,39.62710035,-104.99993168,1681.883,-135.3,-16.2,170.6,8.34,20
2024-08-03T01:33:17.534Z,4032,39.62709857,-104.99993398,1681.781,-135.3,-16.2,170.6,8.32,20
2024-08-03T01:33:17.567Z,4033,39.62709679,-104.99993629,1681.679,-135.2,-16.2,170.6,8.30,20
2024-08-03T01:33:17.601Z,4034,39.62709501,-104.99993859,1681.578,-135.2,-16.2,170.6,8.27,20
2024-08-03T01:33:17.634Z,4035,39.62709324,-104.99994089,1681.476,-135.3,-16.2,170.6,8.27,20
2024-08-03T01:33:17.668Z,4036,39.62709146,-104.99994319,1681.374,-135.3,-16.2,170.6,8.27,20
2024-08-03T01:33:17.701Z,4037,39.62708969,-104.99994548,1681.273,-135.4,-16.2,170.6,8.27,20
2024-08-03T01:33:17.734Z,4038,39.62708809,-104.99994752,1681.171,-135.4,-16.2,170.6,8.27,20
2024-08-03T01:33:17.768Z,4039,39.62708648,-104.99994955,1681.069,-135.3,-16.2,170.6,8.27,20
2024-08-03T01:33:17.801Z,4040,39.62708486,-104.99995162,1680.968,-135.3,-16.2,170.6,8.27,20
2024-08-03T01:33:17.834Z,4041,39.62708283,-104.99995425,1680.866,-135.4,-16.2,170.6,8.27,20
2024-08-03T01:33:17.868Z,4042,39.62708080,-104.99995689,1680.764,-135.4,-16.2,170.6,8.27,20
2024-08-03T01:33:17.901Z,4043,39.62707878,-104.99995950,1680.662,-135.5,-16.2,170.6,8.27,20
2024-08-03T01:33:17.934Z,4044,39.62707709,-104.99996164,1680.561,-135.4,-16.2,170.6,8.27,20
2024-08-03T01:33:17.968Z,4045,39.62707539,-104.99996377,1680.459,-135.4,-16.2,170.6,8.27,20
2024-08-03T01:33:18.001Z,4046,39.62707370,-104.99996590,1680.357,-135.3,-16.2,170.6,8.27,20
2024-08-03T01:33:18.035Z,4047,39.62707210,-104.99996794,1680.256,-135.3,-16.2,170.6,8.27,20
2024-08-03T01:33:18.068Z,4048,39.62707050,-104.99996997,1680.154,-135.3,-16.2,170.6,8.27,20
2024-08-03T01:33:18.101Z,4049,39.62706890,-104.99997202,1680.052,-135.3,-16.2,170.6,8.27,20
2024-08-03T01:33:18.135Z,4050,39.62706721,-104.99997422,1679.951,-135.3,-16.2,170.6,8.27,20
2024-08-03T01:33:18.168Z,4051,39.62706552,-104.99997642,1679.849,-135.4,-16.2,170.6,8.27,20
2024-08-03T01:33:18.201Z,4052,39.62706381,-104.99997864,1679.741,-135.4,-16.2,170.6,8.27,20
2024-08-03T01:33:18.235Z,4053,39.62706175,-104.99998121,1679.538,-135.3,-16.2,170.6,8.27,20
2024-08-03T01:33:18.268Z,4054,39.62705968,-104.99998378,1679.335,-135.2,-16.2,170.6,8.27,20
2024-08-03T01:33:18.301Z,4055,39.62705764,-104.99998633,1679.137,-135.1,-16.2,170.6,8.27,20
2024-08-03T01:33:18.335Z,4056,39.62705597,-104.99998850,1679.035,-135.1,-16.2,170.6,8.25,20
2024-08-03T01:33:18.368Z,4057,39.62705430,-104.99999067,1678.934,-135.1,-16.2,170.6,8.22,20
2024-08-03T01:33:18.402Z,4058,39.62705263,-104.99999285,1678.832,-135.1,-16.2,170.6,8.20,20
2024-08-03T01:33:18.435Z,4059,39.62705078,-104.99999525,1678.730,-135.3,-16.2,170.6,8.20,20
2024-08-03T01:33:18.468Z,4060,39.62704894,-104.99999765,1678.629,-135.5,-16.2,170.6,8.20,20
2024-08-03T01:33:18.502Z,4061,39.62704712,-105.00000003,1678.527,-135.7,-16.2,170.6,8.20,20
2024-08-03T01:33:18.535Z,4062,39.62704552,-105.00000207,1678.425,-135.6,-16.2,170.6,8.20,20
2024-08-03T01:33:18.568Z,4063,39.62704392,-105.00000410,1678.324,-135.5,-16.2,170.6,8.20,20
2024-08-03T01:33:18.602Z,4064,39.62704230,-105.00000617,1678.222,-135.4,-16.2,170.6,8.20,20
2024-08-03T01:33:18.635Z,4065,39.62704039,-105.00000871,1678.120,-135.4,-16.2,170.6,8.18,20
2024-08-03T01:33:18.669Z,4066,39.62703848,-105.00001124,1678.018,-135.3,-16.2,170.6,8.15,20
2024-08-03T01:33:18.702Z,4067,39.62703658,-105.00001377,1677.917,-135.3,-16.2,170.6,8.13,20
2024-08-03T01:33:18.735Z,4068,39.62703480,-105.00001614,1677.815,-135.4,-16.2,170.6,8.13,20
2024-08-03T01:33:18.769Z,4069,39.62703302,-105.00001851,1677.713,-135.5,-16.2,170.6,8.13,20
2024-08-03T01:33:18.802Z,4070,39.62703126,-105.00002085,1677.612,-135.6,-16.2,170.6,8.13,20
2024-08-03T01:33:18.835Z,4071,39.62702973,-105.00002292,1677.510,-135.6,-16.2,170.6,8.13,20
2024-08-03T01:33:18.869Z,4072,39.62702820,-105.00002499,1677.408,-135.5,-16.2,170.6,8.13,20
2024-08-03T01:33:18.902Z,4073,39.62702666,-105.00002708,1677.307,-135.5,-16.2,170.6,8.13,20
2024-08-03T01:33:18.935Z,4074,39.62702491,-105.00002949,1677.205,-135.4,-16.2,170.6,8.13,20
2024-08-03T01:33:18.969Z,4075,39.62702316,-105.00003189,1677.103,-135.4,-16.2,170.6,8.13,20
2024-08-03T01:33:19.002Z,4076,39.62702142,-105.00003428,1677.001,-135.3,-16.2,170.6,8.13,20
2024-08-03T01:33:19.036Z,4077,39.62701976,-105.00003659,1676.900,-135.3,-16.2,170.6,8.11,20
2024-08-03T01:33:19.069Z,4078,39.62701809,-105.00003889,1676.798,-135.2,-16.2,170.6,8.09,20
2024-08-03T01:33:19.102Z,4079,39.62701643,-105.00004119,1676.696,-135.2,-16.2,170.6,8.06,20
2024-08-03T01:33:19.136Z,4080,39.62701478,-105.00004346,1676.595,-135.3,-16.2,170.6,8.01,20
2024-08-03T01:33:19.169Z,4081,39.62701312,-105.00004573,1676.493,-135.5,-16.2,170.6,7.97,20
2024-08-03T01:33:19.202Z,4082,39.62701148,-105.00004798,1676.391,-135.6,-16.2,170.6,7.92,20
2024-08-03T01:33:19.236Z,4083,39.62701003,-105.00005005,1676.290,-135.6,-16.2,170.6,7.92,20
2024-08-03T01:33:19.269Z,4084,39.62700858,-105.00005212,1676.188,-135.5,-16.2,170.6,7.92,20
2024-08-03T01:33:19.302Z,4085,39.62700711,-105.00005420,1676.086,-135.5,-16.2,170.6,7.92,20
2024-08-03T01:33:19.336Z,4086,39.62700548,-105.00005643,1675.984,-135.4,-16.2,170.6,7.90,20
2024-08-03T01:33:19.369Z,4087,39.62700386,-105.00005867,1675.883,-135.3,-16.2,170.6,7.88,20
2024-08-03T01:33:19.403Z,4088,39.62700222,-105.00006093,1675.781,-135.2,-16.2,170.6,7.85,20
2024-08-03T01:33:19.436Z,4089,39.62700045,-105.00006343,1675.679,-135.3,-16.2,170.6,7.83,20
2024-08-03T01:33:19.469Z,4090,39.62699869,-105.00006594,1675.578,-135.3,-16.2,170.6,7.81,20
2024-08-03T01:33:19.503Z,4091,39.62699695,-105.00006841,1675.476,-135.4,-16.2,170.6,7.78,20
2024-08-03T01:33:19.536Z,4092,39.62699543,-105.00007065,1675.374,-135.4,-16.2,170.6,7.71,20
2024-08-03T01:33:19.569Z,4093,39.62699391,-105.00007288,1675.273,-135.4,-16.2,170.6,7.64,20
2024-08-03T01:33:19.603Z,4094,39.62699239,-105.00007511,1675.171,-135.4,-16.2,170.6,7.58,20
2024-08-03T01:33:19.636Z,4095,39.62699085,-105.00007728,1675.069,-135.4,-16.2,170.6,7.56,20
2024-08-03T01:33:19.670Z,4096,39.62698931,-105.00007945,1674.967,-135.3,-16.2,170.6,7.54,20
2024-08-03T01:33:19.703Z,4097,39.62698777,-105.00008164,1674.866,-135.3,-16.2,170.6,7.51,20
2024-08-03T01:33:19.736Z,4098,39.62698620,-105.00008397,1674.764,-135.2,-16.2,170.6,7.49,20
2024-08-03T01:33:19.770Z,4099,39.62698464,-105.00008631,1674.662,-135.1,-16.2,170.6,7.46,20
2024-08-03T01:33:19.803Z,4100,39.62698308,-105.00008863,1674.561,-135.0,-16.2,170.6,7.44,20
2024-08-03T01:33:19.836Z,4101,39.62698161,-105.00009087,1674.459,-135.1,-16.2,170.6,7.42,20
2024-08-03T01:33:19.870Z,4102,39.62698014,-105.00009310,1674.357,-135.2,-16.2,170.6,7.40,20
2024-08-03T01:33:19.903Z,4103,39.62697870,-105.00009529,1674.266,-135.3,-16.2,170.6,7.38,20
2024-08-03T01:33:19.936Z,4104,39.62697746,-105.00009709,1674.266,-135.3,-16.2,170.6,7.38,20
2024-08-03T01:33:19.970Z,4105,39.62697621,-105.00009890,1674.266,-135.3,-16.2,170.6,7.38,20
2024-08-03T01:33:20.003Z,4106,39.62697494,-105.00010075,1674.255,-135.3,-16.2,170.6,7.37,20
2024-08-03T01:33:20.037Z,4107,39.62697344,-105.00010306,1674.154,-135.3,-16.2,170.6,7.35,20
2024-08-03T01:33:20.070Z,4108,39.62697194,-105.00010536,1674.052,-135.3,-16.2,170.6,7.33,20
2024-08-03T01:33:20.103Z,4109,39.62697046,-105.00010763,1673.950,-135.3,-16.2,170.6,7.31,20
2024-08-03T01:33:20.137Z,4110,39.62696909,-105.00010970,1673.848,-135.3,-16.2,170.6,7.29,20
2024-08-03T01:33:20.170Z,4111,39.62696773,-105.00011177,1673.747,-135.3,-16.2,170.6,7.27,20
2024-08-03T01:33:20.203Z,4112,39.62696634,-105.00011388,1673.645,-135.3,-16.2,170.6,7.24,20
2024-08-03T01:33:20.237Z,4113,39.62696481,-105.00011628,1673.543,-135.3,-16.2,170.6,7.19,20
2024-08-03T01:33:20.270Z,4114,39.62696328,-105.00011868,1673.442,-135.2,-16.2,170.6,7.15,20
2024-08-03T01:33:20.303Z,4115,39.62696178,-105.00012104,1673.340,-135.2,-16.2,170.6,7.10,20
2024-08-03T01:33:20.337Z,4116,39.62696050,-105.00012308,1673.238,-135.2,-16.2,170.6,7.08,20
2024-08-03T01:33:20.370Z,4117,39.62695921,-105.00012511,1673.136,-135.2,-16.2,170.6,7.06,20
2024-08-03T01:33:20.404Z,4118,39.62695792,-105.00012717,1673.035,-135.2,-16.2,170.6,7.04,20
2024-08-03T01:33:20.437Z,4119,39.62695654,-105.00012941,1672.933,-135.2,-16.2,170.6,6.99,20
2024-08-03T01:33:20.470Z,4120,39.62695517,-105.00013164,1672.831,-135.3,-16.2,170.5,6.94,20
2024-08-03T01:33:20.504Z,4121,39.62695382,-105.00013382,1672.742,-135.3,-16.2,170.5,6.90,20
2024-08-03T01:33:20.537Z,4122,39.62695272,-105.00013559,1672.742,-135.2,-16.2,170.5,6.85,20
2024-08-03T01:33:20.570Z,4123,39.62695162,-105.00013736,1672.742,-135.1,-16.2,170.4,6.80,20
2024-08-03T01:33:20.604Z,4124,39.62695047,-105.00013920,1672.729,-135.0,-16.2,170.4,6.76,20
2024-08-03T01:33:20.637Z,4125,39.62694899,-105.00014153,1672.628,-134.9,-16.2,170.4,6.76,20
2024-08-03T01:33:20.671Z,4126,39.62694751,-105.00014387,1672.526,-134.9,-16.2,170.4,6.76,20
2024-08-03T01:33:20.704Z,4127,39.62694608,-105.00014614,1672.438,-134.8,-16.2,170.4,6.76,20
2024-08-03T01:33:20.737Z,4128,39.62694495,-105.00014801,1672.438,-134.8,-16.2,170.4,6.74,20
2024-08-03T01:33:20.771Z,4129,39.62694382,-105.00014988,1672.438,-134.8,-16.2,170.3,6.72,20
2024-08-03T01:33:20.804Z,4130,39.62694267,-105.00015179,1672.424,-134.8,-16.2,170.3,6.70,20
2024-08-03T01:33:20.837Z,4131,39.62694137,-105.00015396,1672.322,-134.8,-16.2,170.3,6.70,20
2024-08-03T01:33:20.871Z,4132,39.62694007,-105.00015613,1672.221,-134.9,-16.2,170.2,6.70,20
2024-08-03T01:33:20.904Z,4133,39.62693877,-105.00015830,1672.133,-134.9,-16.2,170.2,6.70,20
2024-08-03T01:33:20.937Z,4134,39.62693747,-105.00016047,1672.133,-135.2,-16.2,170.2,6.68,20
2024-08-03T01:33:20.971Z,4135,39.62693616,-105.00016263,1672.133,-135.4,-16.2,170.1,6.66,20
2024-08-03T01:33:21.004Z,4136,39.62693487,-105.00016479,1672.133,-135.6,-16.2,170.1,6.64,20
2024-08-03T01:33:21.038Z,4137,39.62693364,-105.00016686,1672.133,-135.7,-16.2,170.1,6.67,20
2024-08-03T01:33:21.071Z,4138,39.62693242,-105.00016893,1672.133,-135.8,-16.2,170.0,6.70,20
2024-08-03T01:33:21.104Z,4139,39.62693122,-105.00017096,1672.133,-135.9,-16.2,170.0,6.72,20
2024-08-03T01:33:21.138Z,4140,39.62693018,-105.00017276,1672.133,-135.9,-16.2,170.0,6.72,20
2024-08-03T01:33:21.171Z,4141,39.62692915,-105.00017456,1672.133,-135.8,-16.2,169.9,6.72,20
2024-08-03T01:33:21.204Z,4142,39.62692807,-105.00017642,1672.118,-135.8,-16.2,169.9,6.72,20
2024-08-03T01:33:21.238Z,4143,39.62692681,-105.00017862,1672.016,-135.7,-16.2,169.9,6.72,20
2024-08-03T01:33:21.271Z,4144,39.62692554,-105.00018083,1671.915,-135.6,-16.2,169.8,6.72,20
2024-08-03T01:33:21.304Z,4145,39.62692427,-105.00018302,1671.828,-135.5,-16.2,169.8,6.71,20
2024-08-03T01:33:21.338Z,4146,39.62692300,-105.00018519,1671.828,-135.5,-16.2,169.8,6.64,20
2024-08-03T01:33:21.371Z,4147,39.62692174,-105.00018736,1671.828,-135.5,-16.2,169.8,6.58,20
2024-08-03T01:33:21.405Z,4148,39.62692048,-105.00018953,1671.828,-135.5,-16.2,169.8,6.52,20
2024-08-03T01:33:21.438Z,4149,39.62691926,-105.00019174,1671.828,-135.6,-16.2,169.8,6.50,20
2024-08-03T01:33:21.471Z,4150,39.62691805,-105.00019394,1671.828,-135.7,-16.2,169.8,6.48,20
2024-08-03T01:33:21.505Z,4151,39.62691685,-105.00019612,1671.828,-135.8,-16.2,169.8,6.46,20
2024-08-03T01:33:21.538Z,4152,39.62691572,-105.00019819,1671.828,-135.8,-16.2,169.8,6.44,20
2024-08-03T01:33:21.571Z,4153,39.62691460,-105.00020026,1671.828,-135.7,-16.2,169.7,6.42,20
2024-08-03T01:33:21.605Z,4154,39.62691349,-105.00020230,1671.828,-135.7,-16.2,169.7,6.40,20
2024-08-03T01:33:21.638Z,4155,39.62691251,-105.00020416,1671.828,-135.6,-16.2,169.7,6.39,20
2024-08-03T01:33:21.672Z,4156,39.62691153,-105.00020603,1671.828,-135.5,-16.2,169.7,6.37,20
2024-08-03T01:33:21.705Z,4157,39.62691051,-105.00020797,1671.812,-135.4,-16.2,169.7,6.34,20
2024-08-03T01:33:21.738Z,4158,39.62690936,-105.00021027,1671.710,-135.4,-16.2,169.7,6.28,20
2024-08-03T01:33:21.772Z,4159,39.62690821,-105.00021258,1671.608,-135.4,-16.2,169.7,6.21,20
2024-08-03T01:33:21.805Z,4160,39.62690711,-105.00021480,1671.523,-135.4,-16.2,169.7,6.14,20
2024-08-03T01:33:21.838Z,4161,39.62690623,-105.00021660,1671.523,-135.4,-16.2,169.7,6.05,20
2024-08-03T01:33:21.872Z,4162,39.62690536,-105.00021840,1671.523,-135.3,-16.2,169.7,5.96,20
2024-08-03T01:33:21.905Z,4163,39.62690448,-105.00022022,1671.523,-135.4,-16.2,169.7,5.88,21
2024-08-03T01:33:21.938Z,4164,39.62690361,-105.00022216,1671.523,-135.7,-16.2,169.7,5.86,21
2024-08-03T01:33:21.972Z,4165,39.62690274,-105.00022409,1671.523,-136.1,-16.2,169.7,5.85,21
2024-08-03T01:33:22.005Z,4166,39.62690185,-105.00022607,1671.523,-136.4,-16.2,169.7,5.83,21
2024-08-03T01:33:22.039Z,4167,39.62690085,-105.00022824,1671.523,-136.7,-16.2,169.7,5.83,21
2024-08-03T01:33:22.072Z,4168,39.62689986,-105.00023041,1671.523,-136.9,-16.2,169.7,5.83,21
2024-08-03T01:33:22.105Z,4169,39.62689887,-105.00023252,1671.523,-137.1,-16.2,169.7,5.83,21
2024-08-03T01:33:22.139Z,4170,39.62689797,-105.00023435,1671.523,-136.8,-16.2,169.7,5.83,21
2024-08-03T01:33:22.172Z,4171,39.62689706,-105.00023619,1671.523,-136.6,-16.2,169.7,5.83,21
2024-08-03T01:33:22.205Z,4172,39.62689615,-105.00023805,1671.523,-136.4,-16.2,169.7,5.83,21
2024-08-03T01:33:22.239Z,4173,39.62689525,-105.00024002,1671.523,-136.3,-16.2,169.7,5.81,21
2024-08-03T01:33:22.272Z,4174,39.62689434,-105.00024198,1671.523,-136.2,-16.2,169.7,5.79,21
2024-08-03T01:33:22.305Z,4175,39.62689345,-105.00024392,1671.523,-136.1,-16.2,169.7,5.77,21
2024-08-03T01:33:22.339Z,4176,39.62689261,-105.00024568,1671.523,-136.1,-16.2,169.7,5.75,21
2024-08-03T01:33:22.372Z,4177,39.62689177,-105.00024745,1671.523,-136.2,-16.2,169.7,5.72,21
2024-08-03T01:33:22.406Z,4178,39.62689092,-105.00024926,1671.523,-136.2,-16.2,169.7,5.69,21
2024-08-03T01:33:22.439Z,4179,39.62689002,-105.00025127,1671.523,-136.2,-16.2,169.7,5.65,21
2024-08-03T01:33:22.472Z,4180,39.62688913,-105.00025327,1671.523,-136.1,-16.2,169.7,5.62,21
2024-08-03T01:33:22.506Z,4181,39.62688825,-105.00025526,1671.523,-136.1,-16.2,169.7,5.59,21
2024-08-03T01:33:22.539Z,4182,39.62688743,-105.00025719,1671.523,-136.1,-16.2,169.7,5.54,21
2024-08-03T01:33:22.572Z,4183,39.62688661,-105.00025913,1671.523,-136.0,-16.2,169.7,5.50,21
2024-08-03T01:33:22.606Z,4184,39.62688580,-105.00026105,1671.523,-136.0,-16.2,169.7,5.45,21
2024-08-03T01:33:22.639Z,4185,39.62688504,-105.00026292,1671.523,-136.0,-16.2,169.7,5.41,21
2024-08-03T01:33:22.673Z,4186,39.62688428,-105.00026479,1671.523,-136.0,-16.2,169.7,5.36,21
2024-08-03T01:33:22.706Z,4187,39.62688353,-105.00026663,1671.523,-136.0,-16.2,169.7,5.32,21
2024-08-03T01:33:22.739Z,4188,39.62688286,-105.00026833,1671.523,-136.0,-16.2,169.7,5.31,21
2024-08-03T01:33:22.773Z,4189,39.62688218,-105.00027003,1671.523,-136.0,-16.2,169.7,5.29,21
2024-08-03T01:33:22.806Z,4190,39.62688150,-105.00027178,1671.523,-136.0,-16.2,169.7,5.27,21
2024-08-03T01:33:22.839Z,4191,39.62688076,-105.00027371,1671.523,-136.1,-16.2,169.7,5.21,21
2024-08-03T01:33:22.873Z,4192,39.62688001,-105.00027565,1671.523,-136.1,-16.2,169.7,5.15,21
2024-08-03T01:33:22.906Z,4193,39.62687929,-105.00027757,1671.523,-136.2,-16.2,169.7,5.09,21
2024-08-03T01:33:22.939Z,4194,39.62687863,-105.00027944,1671.523,-136.4,-16.2,169.7,5.05,21
2024-08-03T01:33:22.973Z,4195,39.62687796,-105.00028131,1671.523,-136.5,-16.2,169.7,5.00,21
2024-08-03T01:33:23.006Z,4196,39.62687731,-105.00028311,1671.523,-136.6,-16.2,169.7,4.96,21
2024-08-03T01:33:23.040Z,4197,39.62687674,-105.00028468,1671.523,-136.6,-16.2,169.7,4.93,21
2024-08-03T01:33:23.073Z,4198,39.62687616,-105.00028625,1671.523,-136.5,-16.2,169.7,4.90,21
2024-08-03T01:33:23.106Z,4199,39.62687556,-105.00028787,1671.523,-136.5,-16.2,169.7,4.86,21
2024-08-03T01:33:23.140Z,4200,39.62687490,-105.00028971,1671.523,-136.4,-16.2,169.7,4.79,21
2024-08-03T01:33:23.173Z,4201,39.62687423,-105.00029154,1671.523,-136.4,-16.2,169.7,4.71,21
2024-08-03T01:33:23.206Z,4202,39.62687359,-105.00029330,1671.523,-136.3,-16.2,169.7,4.64,21
2024-08-03T01:33:23.240Z,4203,39.62687304,-105.00029477,1671.523,-136.3,-16.2,169.7,4.60,21
2024-08-03T01:33:23.273Z,4204,39.62687249,-105.00029624,1671.523,-136.3,-16.2,169.7,4.55,21
2024-08-03T01:33:23.306Z,4205,39.62687194,-105.00029773,1671.523,-136.3,-16.2,169.7,4.51,21
2024-08-03T01:33:23.340Z,4206,39.62687135,-105.00029930,1671.523,-136.3,-16.2,169.7,4.45,21
2024-08-03T01:33:23.373Z,4207,39.62687076,-105.00030086,1671.523,-136.4,-16.2,169.7,4.39,21
2024-08-03T01:33:23.407Z,4208,39.62687017,-105.00030244,1671.523,-136.4,-16.2,169.7,4.33,21
2024-08-03T01:33:23.440Z,4209,39.62686959,-105.00030404,1671.523,-136.4,-16.2,169.7,4.28,21
2024-08-03T01:33:23.473Z,4210,39.62686901,-105.00030564,1671.523,-136.5,-16.2,169.7,4.24,21
2024-08-03T01:33:23.507Z,4211,39.62686845,-105.00030715,1671.523,-136.5,-16.2,169.7,4.20,21
2024-08-03T01:33:23.540Z,4212,39.62686798,-105.00030832,1671.523,-136.5,-16.2,169.7,4.17,21
2024-08-03T01:33:23.573Z,4213,39.62686751,-105.00030949,1671.523,-136.4,-16.2,169.7,4.14,21
2024-08-03T01:33:23.607Z,4214,39.62686700,-105.00031076,1671.523,-136.4,-16.2,169.7,4.10,21
2024-08-03T01:33:23.640Z,4215,39.62686637,-105.00031243,1671.523,-136.2,-16.2,169.7,4.02,21
2024-08-03T01:33:23.674Z,4216,39.62686573,-105.00031410,1671.523,-136.0,-16.2,169.7,3.95,21
2024-08-03T01:33:23.707Z,4217,39.62686512,-105.00031572,1671.523,-135.9,-16.2,169.7,3.89,21
2024-08-03T01:33:23.740Z,4218,39.62686459,-105.00031715,1671.523,-135.9,-16.2,169.7,3.87,21
2024-08-03T01:33:23.774Z,4219,39.62686406,-105.00031859,1671.523,-136.0,-16.2,169.7,3.86,21
2024-08-03T01:33:23.807Z,4220,39.62686355,-105.00031997,1671.523,-136.0,-16.2,169.7,3.84,21
2024-08-03T01:33:23.840Z,4221,39.62686311,-105.00032117,1671.523,-136.2,-16.2,169.7,3.81,21
2024-08-03T01:33:23.874Z,4222,39.62686268,-105.00032237,1671.523,-136.3,-16.2,169.7,3.78,21
2024-08-03T01:33:23.907Z,4223,39.62686224,-105.00032358,1671.523,-136.4,-16.2,169.7,3.74,21
2024-08-03T01:33:23.940Z,4224,39.62686182,-105.00032481,1671.523,-136.4,-16.2,169.7,3.67,21
2024-08-03T01:33:23.974Z,4225,39.62686140,-105.00032605,1671.523,-136.4,-16.2,169.7,3.59,21
2024-08-03T01:33:24.007Z,4226,39.62686095,-105.00032733,1671.523,-136.5,-16.2,169.7,3.52,21
2024-08-03T01:33:24.041Z,4227,39.62686044,-105.00032876,1671.523,-137.1,-16.2,169.7,3.48,21
2024-08-03T01:33:24.074Z,4228,39.62685992,-105.00033020,1671.523,-137.6,-16.2,169.7,3.44,21
2024-08-03T01:33:24.107Z,4229,39.62685944,-105.00033156,1671.523,-138.1,-16.2,169.7,3.36,21
2024-08-03T01:33:24.141Z,4230,39.62685904,-105.00033266,1671.523,-138.6,-16.2,169.7,3.18,21
2024-08-03T01:33:24.174Z,4231,39.62685864,-105.00033376,1671.523,-139.1,-16.2,169.7,3.00,21
2024-08-03T01:33:24.207Z,4232,39.62685826,-105.00033482,1671.523,-139.4,-16.2,169.7,2.82,21
2024-08-03T01:33:24.241Z,4233,39.62685793,-105.00033575,1671.523,-139.2,-16.2,169.7,2.64,21
2024-08-03T01:33:24.274Z,4234,39.62685760,-105.00033669,1671.523,-138.9,-16.2,169.7,2.46,21
2024-08-03T01:33:24.307Z,4235,39.62685729,-105.00033755,1671.523,-138.6,-16.2,169.7,2.28,21
2024-08-03T01:33:24.341Z,4236,39.62685706,-105.00033819,1671.523,-138.2,-16.2,169.7,2.07,21
2024-08-03T01:33:24.374Z,4237,39.62685683,-105.00033882,1671.523,-137.7,-16.2,169.7,1.86,21
2024-08-03T01:33:24.408Z,4238,39.62685660,-105.00033941,1671.523,-137.4,-16.2,169.7,1.66,21
2024-08-03T01:33:24.441Z,4239,39.62685639,-105.00033988,1671.523,-137.2,-16.2,169.7,1.51,21
2024-08-03T01:33:24.474Z,4240,39.62685618,-105.00034035,1671.523,-137.0,-16.2,169.7,1.37,21
2024-08-03T01:33:24.508Z,4241,39.62685598,-105.00034079,1671.523,-136.8,-16.2,169.7,1.24,21
2024-08-03T01:33:24.541Z,4242,39.62685579,-105.00034116,1671.523,-136.9,-16.2,169.7,1.18,21
2024-08-03T01:33:24.574Z,4243,39.62685561,-105.00034152,1671.523,-136.9,-16.2,169.7,1.12,21
2024-08-03T01:33:24.608Z,4244,39.62685542,-105.00034188,1671.523,-137.0,-16.2,169.7,1.07,21
2024-08-03T01:33:24.641Z,4245,39.62685523,-105.00034222,1671.523,-137.0,-16.2,169.7,1.02,21
2024-08-03T01:33:24.675Z,4246,39.62685503,-105.00034255,1671.523,-137.0,-16.2,169.7,0.96,21
2024-08-03T01:33:24.708Z,4247,39.62685484,-105.00034283,1671.523,-137.0,-16.2,169.7,0.92,21
2024-08-03T01:33:24.741Z,4248,39.62685464,-105.00034297,1671.523,-137.0,-16.2,169.7,0.90,21
2024-08-03T01:33:24.775Z,4249,39.62685444,-105.00034310,1671.523,-136.9,-16.2,169.8,0.88,21
2024-08-03T01:33:24.808Z,4250,39.62685423,-105.00034323,1671.523,-136.9,-16.2,169.8,0.85,21
2024-08-03T01:33:24.841Z,4251,39.62685401,-105.00034337,1671.523,-136.9,-16.2,169.8,0.82,21
2024-08-03T01:33:24.875Z,4252,39.62685379,-105.00034350,1671.523,-136.9,-16.2,169.8,0.79,21
2024-08-03T01:33:24.908Z,4253,39.62685356,-105.00034365,1671.523,-136.9,-16.2,169.8,0.77,21
2024-08-03T01:33:24.941Z,4254,39.62685329,-105.00034385,1671.523,-136.9,-16.2,169.8,0.78,21
2024-08-03T01:33:24.975Z,4255,39.62685302,-105.00034405,1671.523,-136.8,-16.2,169.9,0.80,21
2024-08-03T01:33:25.008Z,4256,39.62685275,-105.00034421,1671.523,-136.8,-16.2,169.9,0.81,21
2024-08-03T01:33:25.042Z,4257,39.62685247,-105.00034424,1671.523,-136.7,-16.2,169.9,0.85,21
2024-08-03T01:33:25.075Z,4258,39.62685219,-105.00034428,1671.523,-136.6,-16.2,170.0,0.88,21
2024-08-03T01:33:25.108Z,4259,39.62685190,-105.00034429,1671.523,-136.5,-16.2,170.0,0.92,21
2024-08-03T01:33:25.142Z,4260,39.62685158,-105.00034426,1671.523,-136.4,-16.2,170.0,0.99,21
2024-08-03T01:33:25.175Z,4261,39.62685125,-105.00034422,1671.523,-136.3,-16.2,170.1,1.06,21
2024-08-03T01:33:25.208Z,4262,39.62685091,-105.00034416,1671.523,-136.3,-16.2,170.1,1.13,21
2024-08-03T01:33:25.242Z,4263,39.62685055,-105.00034399,1671.523,-136.2,-16.2,170.2,1.18,21
2024-08-03T01:33:25.275Z,4264,39.62685018,-105.00034382,1671.523,-136.1,-16.2,170.3,1.23,21
2024-08-03T01:33:25.308Z,4265,39.62684981,-105.00034365,1671.523,-136.1,-16.2,170.3,1.28,21
2024-08-03T01:33:25.342Z,4266,39.62684944,-105.00034345,1671.523,-136.0,-16.2,170.3,1.34,21
2024-08-03T01:33:25.375Z,4267,39.62684907,-105.00034325,1671.523,-135.9,-16.2,170.4,1.39,21
2024-08-03T01:33:25.409Z,4268,39.62684868,-105.00034302,1671.523,-135.9,-16.2,170.4,1.45,21
2024-08-03T01:33:25.442Z,4269,39.62684822,-105.00034272,1671.523,-135.9,-16.2,170.5,1.53,21
2024-08-03T01:33:25.475Z,4270,39.62684776,-105.00034242,1671.523,-135.8,-16.2,170.6,1.60,21
2024-08-03T01:33:25.509Z,4271,39.62684731,-105.00034213,1671.523,-135.8,-16.2,170.6,1.67,21
2024-08-03T01:33:25.542Z,4272,39.62684686,-105.00034186,1671.523,-135.8,-16.2,170.7,1.73,21
2024-08-03T01:33:25.575Z,4273,39.62684641,-105.00034159,1671.523,-135.7,-16.2,170.8,1.79,21
2024-08-03T01:33:25.609Z,4274,39.62684591,-105.00034128,1671.523,-135.7,-16.2,170.9,1.86,21
2024-08-03T01:33:25.642Z,4275,39.62684530,-105.00034085,1671.523,-135.5,-16.2,171.0,1.95,21
2024-08-03T01:33:25.676Z,4276,39.62684470,-105.00034041,1671.523,-135.4,-16.2,171.1,2.04,21
2024-08-03T01:33:25.709Z,4277,39.62684410,-105.00033998,1671.523,-135.3,-16.2,171.2,2.13,21
2024-08-03T01:33:25.742Z,4278,39.62684353,-105.00033954,1671.523,-135.2,-16.2,171.3,2.20,21
2024-08-03T01:33:25.776Z,4279,39.62684296,-105.00033911,1671.523,-135.1,-16.2,171.4,2.28,21
2024-08-03T01:33:25.809Z,4280,39.62684237,-105.00033865,1671.523,-135.0,-16.2,171.5,2.36,21
2024-08-03T01:33:25.842Z,4281,39.62684172,-105.00033811,1671.523,-134.9,-16.2,171.6,2.45,21
2024-08-03T01:33:25.876Z,4282,39.62684107,-105.00033758,1671.523,-134.8,-16.2,171.7,2.54,21
2024-08-03T01:33:25.909Z,4283,39.62684041,-105.00033705,1671.523,-134.8,-16.2,171.8,2.63,21
2024-08-03T01:33:25.942Z,4284,39.62683969,-105.00033651,1671.523,-134.7,-16.2,171.9,2.69,21
2024-08-03T01:33:25.976Z,4285,39.62683898,-105.00033598,1671.523,-134.6,-16.2,172.0,2.76,21
2024-08-03T01:33:26.009Z,4286,39.62683825,-105.00033541,1671.523,-134.6,-16.2,172.1,2.82,21
2024-08-03T01:33:26.043Z,4287,39.62683751,-105.00033474,1671.523,-134.5,-16.2,172.2,2.90,21
2024-08-03T01:33:26.076Z,4288,39.62683677,-105.00033407,1671.523,-134.4,-16.2,172.3,2.97,21
2024-08-03T01:33:26.109Z,4289,39.62683602,-105.00033339,1671.523,-134.4,-16.2,172.4,3.05,21
2024-08-03T01:33:26.143Z,4290,39.62683529,-105.00033269,1671.523,-134.2,-16.2,172.5,3.14,21
2024-08-03T01:33:26.176Z,4291,39.62683456,-105.00033199,1671.523,-134.1,-16.2,172.6,3.24,21
2024-08-03T01:33:26.209Z,4292,39.62683380,-105.00033127,1671.523,-134.0,-16.2,172.7,3.32,21
2024-08-03T01:33:26.243Z,4293,39.62683301,-105.00033051,1671.523,-133.9,-16.2,172.8,3.39,21
2024-08-03T01:33:26.276Z,4294,39.62683221,-105.00032974,1671.523,-133.8,-16.2,172.9,3.45,21
2024-08-03T01:33:26.309Z,4295,39.62683137,-105.00032895,1671.523,-133.7,-16.2,173.0,3.52,21
2024-08-03T01:33:26.343Z,4296,39.62683042,-105.00032812,1671.523,-133.6,-16.2,173.1,3.60,21
2024-08-03T01:33:26.376Z,4297,39.62682947,-105.00032728,1671.523,-133.5,-16.2,173.2,3.67,21
2024-08-03T01:33:26.410Z,4298,39.62682851,-105.00032641,1671.523,-133.4,-16.2,173.3,3.75,21
2024-08-03T01:33:26.443Z,4299,39.62682752,-105.00032544,1671.523,-133.3,-16.2,173.4,3.84,21
2024-08-03T01:33:26.476Z,4300,39.62682653,-105.00032447,1671.523,-133.2,-16.2,173.5,3.94,21
2024-08-03T01:33:26.510Z,4301,39.62682556,-105.00032353,1671.523,-133.2,-16.2,173.5,4.01,21
2024-08-03T01:33:26.543Z,4302,39.62682465,-105.00032262,1671.523,-133.2,-16.2,173.6,4.06,21
2024-08-03T01:33:26.576Z,4303,39.62682374,-105.00032172,1671.523,-133.3,-16.2,173.7,4.11,21
2024-08-03T01:33:26.610Z,4304,39.62682281,-105.00032080,1671.523,-133.2,-16.2,173.8,4.17,21
2024-08-03T01:33:26.643Z,4305,39.62682183,-105.00031983,1671.523,-133.0,-16.2,173.9,4.26,21
2024-08-03T01:33:26.677Z,4306,39.62682085,-105.00031887,1671.523,-132.8,-16.2,174.0,4.36,21
2024-08-03T01:33:26.710Z,4307,39.62681981,-105.00031782,1671.523,-132.7,-16.2,174.0,4.44,21
2024-08-03T01:33:26.743Z,4308,39.62681861,-105.00031658,1671.523,-132.6,-16.2,174.0,4.51,21
2024-08-03T01:33:26.777Z,4309,39.62681740,-105.00031535,1671.523,-132.5,-16.2,174.1,4.58,21
2024-08-03T01:33:26.810Z,4310,39.62681626,-105.00031418,1671.523,-132.5,-16.2,174.1,4.65,21
2024-08-03T01:33:26.843Z,4311,39.62681526,-105.00031314,1671.523,-132.5,-16.2,174.2,4.72,21
2024-08-03T01:33:26.877Z,4312,39.62681426,-105.00031211,1671.523,-132.4,-16.2,174.3,4.79,21
2024-08-03T01:33:26.910Z,4313,39.62681318,-105.00031100,1671.523,-132.4,-16.2,174.3,4.86,21
2024-08-03T01:33:26.943Z,4314,39.62681196,-105.00030973,1671.523,-132.4,-16.2,174.4,4.90,21
2024-08-03T01:33:26.977Z,4315,39.62681073,-105.00030846,1671.523,-132.3,-16.2,174.5,4.95,21
2024-08-03T01:33:27.010Z,4316,39.62680952,-105.00030720,1671.523,-132.3,-16.2,174.5,5.00,21
2024-08-03T01:33:27.044Z,4317,39.62680834,-105.00030597,1671.523,-132.2,-16.2,174.6,5.04,21
2024-08-03T01:33:27.077Z,4318,39.62680715,-105.00030474,1671.523,-132.1,-16.2,174.7,5.09,21
2024-08-03T01:33:27.110Z,4319,39.62680596,-105.00030348,1671.523,-132.0,-16.2,174.7,5.14,21
2024-08-03T01:33:27.144Z,4320,39.62680473,-105.00030218,1671.523,-132.0,-16.2,174.8,5.21,21
2024-08-03T01:33:27.177Z,4321,39.62680351,-105.00030088,1671.523,-131.9,-16.2,174.9,5.28,21
2024-08-03T01:33:27.210Z,4322,39.62680226,-105.00029956,1671.523,-131.9,-16.2,174.9,5.34,21
2024-08-03T01:33:27.244Z,4323,39.62680096,-105.00029823,1671.523,-131.8,-16.2,175.0,5.39,21
2024-08-03T01:33:27.277Z,4324,39.62679965,-105.00029690,1671.523,-131.7,-16.2,175.1,5.44,21
2024-08-03T01:33:27.310Z,4325,39.62679837,-105.00029557,1671.523,-131.7,-16.2,175.1,5.49,21
2024-08-03T01:33:27.344Z,4326,39.62679715,-105.00029427,1671.523,-131.6,-16.2,175.2,5.56,21
2024-08-03T01:33:27.377Z,4327,39.62679593,-105.00029297,1671.523,-131.5,-16.2,175.3,5.64,21
2024-08-03T01:33:27.411Z,4328,39.62679464,-105.00029159,1671.523,-131.3,-16.2,175.4,5.70,21
2024-08-03T01:33:27.444Z,4329,39.62679323,-105.00029006,1671.523,-131.1,-16.2,175.6,5.75,21
2024-08-03T01:33:27.477Z,4330,39.62679181,-105.00028852,1671.523,-130.9,-16.2,175.7,5.79,21
2024-08-03T01:33:27.511Z,4331,39.62679041,-105.00028702,1671.523,-130.7,-16.2,175.9,5.85,21
2024-08-03T01:33:27.544Z,4332,39.62678903,-105.00028558,1671.523,-130.5,-16.2,176.0,5.92,21
2024-08-03T01:33:27.577Z,4333,39.62678765,-105.00028415,1671.523,-130.3,-16.2,176.2,6.00,21
2024-08-03T01:33:27.611Z,4334,39.62678626,-105.00028269,1671.523,-130.1,-16.2,176.4,6.05,21
2024-08-03T01:33:27.644Z,4335,39.62678482,-105.00028119,1671.523,-130.0,-16.2,176.6,6.08,21
2024-08-03T01:33:27.678Z,4336,39.62678339,-105.00027969,1671.523,-129.8,-16.2,176.8,6.10,21
2024-08-03T01:33:27.711Z,4337,39.62678195,-105.00027820,1671.523,-129.6,-16.2,177.1,6.15,21
2024-08-03T01:33:27.744Z,4338,39.62678050,-105.00027673,1671.523,-129.4,-16.2,177.4,6.22,21
2024-08-03T01:33:27.778Z,4339,39.62677906,-105.00027526,1671.523,-129.2,-16.2,177.6,6.29,21
2024-08-03T01:33:27.811Z,4340,39.62677759,-105.00027377,1671.523,-129.0,-16.2,177.9,6.35,21
2024-08-03T01:33:27.844Z,4341,39.62677606,-105.00027224,1671.523,-128.7,-16.2,178.2,6.38,21
2024-08-03T01:33:27.878Z,4342,39.62677454,-105.00027070,1671.523,-128.4,-16.2,178.4,6.40,21
2024-08-03T01:33:27.911Z,4343,39.62677298,-105.00026914,1671.523,-128.1,-16.2,178.7,6.44,21
2024-08-03T01:33:27.944Z,4344,39.62677135,-105.00026754,1671.523,-127.8,-16.2,179.0,6.48,21
2024-08-03T01:33:27.978Z,4345,39.62676973,-105.00026594,1671.523,-127.6,-16.2,179.2,6.53,21
2024-08-03T01:33:28.011Z,4346,39.62676813,-105.00026437,1671.523,-127.3,-16.2,137.5,6.58,21
2024-08-03T01:33:28.045Z,4347,39.62676660,-105.00026287,1671.523,-126.9,-16.2,17.6,6.63,21
2024-08-03T01:33:28.078Z,4348,39.62676507,-105.00026137,1671.523,-126.6,-16.2,-102.2,6.69,21
2024-08-03T01:33:28.111Z,4349,39.62676356,-105.00025992,1671.523,-126.3,-16.2,-179.6,6.73,21
2024-08-03T01:33:28.145Z,4350,39.62676210,-105.00025855,1671.523,-125.9,-16.2,-179.3,6.76,21
2024-08-03T01:33:28.178Z,4351,39.62676063,-105.00025718,1671.523,-125.5,-16.2,-179.0,6.78,21
2024-08-03T01:33:28.211Z,4352,39.62675906,-105.00025571,1671.523,-125.2,-16.2,-178.7,6.82,21
2024-08-03T01:33:28.245Z,4353,39.62675728,-105.00025404,1671.523,-124.9,-16.2,-178.4,6.87,21
2024-08-03T01:33:28.278Z,4354,39.62675550,-105.00025237,1671.523,-124.6,-16.2,-178.1,6.93,21
2024-08-03T01:33:28.311Z,4355,39.62675369,-105.00025070,1671.523,-124.3,-16.2,-177.8,6.98,21
2024-08-03T01:33:28.345Z,4356,39.62675183,-105.00024903,1671.523,-124.0,-16.2,-177.5,7.04,21
2024-08-03T01:33:28.378Z,4357,39.62674998,-105.00024736,1671.523,-123.7,-16.2,-177.2,7.09,21
2024-08-03T01:33:28.412Z,4358,39.62674817,-105.00024576,1671.523,-123.4,-16.2,-176.9,7.14,21
2024-08-03T01:33:28.445Z,4359,39.62674647,-105.00024425,1671.523,-123.1,-16.2,-176.6,7.17,21
2024-08-03T01:33:28.478Z,4360,39.62674477,-105.00024275,1671.523,-122.8,-16.2,-176.3,7.19,21
2024-08-03T01:33:28.512Z,4361,39.62674305,-105.00024129,1671.523,-122.5,-16.2,-176.0,7.23,21
2024-08-03T01:33:28.545Z,4362,39.62674130,-105.00023989,1671.523,-122.2,-16.2,-175.6,7.29,21
2024-08-03T01:33:28.578Z,4363,39.62673955,-105.00023849,1671.523,-121.9,-16.2,-175.3,7.34,21
2024-08-03T01:33:28.612Z,4364,39.62673764,-105.00023694,1671.523,-121.6,-16.2,-175.0,7.39,21
2024-08-03T01:33:28.645Z,4365,39.62673547,-105.00023514,1671.523,-121.2,-16.2,-174.7,7.42,21
2024-08-03T01:33:28.679Z,4366,39.62673330,-105.00023333,1671.523,-120.9,-16.2,-174.4,7.44,21
2024-08-03T01:33:28.712Z,4367,39.62673118,-105.00023159,1671.523,-120.6,-16.2,-174.1,7.48,21
2024-08-03T01:33:28.745Z,4368,39.62672918,-105.00022996,1671.523,-120.3,-16.2,-173.8,7.52,21
2024-08-03T01:33:28.779Z,4369,39.62672717,-105.00022832,1671.523,-120.0,-16.2,-173.5,7.56,21
2024-08-03T01:33:28.812Z,4370,39.62672525,-105.00022679,1671.523,-119.7,-16.2,-173.2,7.59,21
2024-08-03T01:33:28.845Z,4371,39.62672347,-105.00022542,1671.523,-119.4,-16.2,-172.9,7.62,21
2024-08-03T01:33:28.879Z,4372,39.62672170,-105.00022405,1671.523,-119.1,-16.2,-172.7,7.65,21
2024-08-03T01:33:28.912Z,4373,39.62671980,-105.00022262,1671.523,-118.8,-16.2,-172.4,7.67,21
2024-08-03T01:33:28.945Z,4374,39.62671771,-105.00022109,1671.523,-118.5,-16.2,-172.1,7.68,21
2024-08-03T01:33:28.979Z,4375,39.62671562,-105.00021955,1671.523,-118.2,-16.2,-171.8,7.70,21
2024-08-03T01:33:29.012Z,4376,39.62671354,-105.00021804,1671.523,-117.9,-16.2,-171.5,7.71,21
2024-08-03T01:33:29.046Z,4377,39.62671148,-105.00021657,1671.523,-117.6,-16.2,-171.2,7.74,21
2024-08-03T01:33:29.079Z,4378,39.62670943,-105.00021511,1671.523,-117.3,-16.2,-170.9,7.77,21
2024-08-03T01:33:29.112Z,4379,39.62670736,-105.00021364,1671.523,-117.0,-16.2,-170.6,7.81,21
2024-08-03T01:33:29.146Z,4380,39.62670528,-105.00021217,1671.523,-116.7,-16.2,-170.3,7.85,21
2024-08-03T01:33:29.179Z,4381,39.62670320,-105.00021070,1671.523,-116.4,-16.2,-170.1,7.89,21
2024-08-03T01:33:29.212Z,4382,39.62670110,-105.00020925,1671.523,-116.1,-16.2,-169.8,7.93,21
2024-08-03T01:33:29.246Z,4383,39.62669897,-105.00020781,1671.523,-115.8,-16.2,-169.5,7.96,21
2024-08-03T01:33:29.279Z,4384,39.62669684,-105.00020638,1671.523,-115.6,-16.2,-169.2,7.99,21
2024-08-03T01:33:29.312Z,4385,39.62669479,-105.00020501,1671.523,-115.3,-16.2,-168.9,8.01,21
2024-08-03T01:33:29.346Z,4386,39.62669287,-105.00020374,1671.523,-115.0,-16.2,-168.6,8.03,21
2024-08-03T01:33:29.379Z,4387,39.62669094,-105.00020247,1671.523,-114.8,-16.2,-168.4,8.04,21
2024-08-03T01:33:29.413Z,4388,39.62668883,-105.00020110,1671.523,-114.5,-16.2,-168.1,8.06,21
2024-08-03T01:33:29.446Z,4389,39.62668642,-105.00019956,1671.523,-114.2,-16.2,-167.8,8.09,21
2024-08-03T01:33:29.479Z,4390,39.62668401,-105.00019803,1671.523,-113.9,-16.2,-167.5,8.12,21
2024-08-03T01:33:29.513Z,4391,39.62668167,-105.00019656,1671.523,-113.6,-16.2,-167.2,8.16,21
2024-08-03T01:33:29.546Z,4392,39.62667945,-105.00019519,1671.523,-113.2,-16.2,-166.9,8.20,21
2024-08-03T01:33:29.579Z,4393,39.62667722,-105.00019382,1671.523,-112.9,-16.2,-166.7,8.25,21
2024-08-03T01:33:29.613Z,4394,39.62667507,-105.00019252,1671.523,-112.6,-16.2,-166.4,8.28,21
2024-08-03T01:33:29.646Z,4395,39.62667303,-105.00019132,1671.523,-112.3,-16.2,-166.1,8.30,21
2024-08-03T01:33:29.680Z,4396,39.62667100,-105.00019012,1671.523,-112.1,-16.2,-165.8,8.32,21
2024-08-03T01:33:29.713Z,4397,39.62666890,-105.00018892,1671.523,-111.8,-16.2,-165.5,8.33,21
2024-08-03T01:33:29.746Z,4398,39.62666672,-105.00018772,1671.523,-111.5,-16.2,-165.2,8.35,21
2024-08-03T01:33:29.780Z,4399,39.62666453,-105.00018652,1671.523,-111.2,-16.2,-164.9,8.37,21
2024-08-03T01:33:29.813Z,4400,39.62666220,-105.00018522,1671.523,-110.9,-16.2,-164.6,8.38,21
2024-08-03T01:33:29.846Z,4401,39.62665965,-105.00018379,1671.523,-110.6,-16.2,-164.3,8.40,21
2024-08-03T01:33:29.880Z,4402,39.62665709,-105.00018235,1671.523,-110.3,-16.2,-164.0,8.42,21
2024-08-03T01:33:29.913Z,4403,39.62665458,-105.00018100,1671.523,-110.0,-16.2,-163.7,8.44,21
2024-08-03T01:33:29.946Z,4404,39.62665211,-105.00017976,1671.523,-109.7,-16.2,-163.4,8.46,21
2024-08-03T01:33:29.980Z,4405,39.62664964,-105.00017853,1671.523,-109.5,-16.2,-163.1,8.48,21
2024-08-03T01:33:30.013Z,4406,39.62664731,-105.00017735,1671.523,-109.2,-16.2,-162.8,8.50,21
2024-08-03T01:33:30.047Z,4407,39.62664516,-105.00017625,1671.523,-108.8,-16.2,-162.5,8.53,21
2024-08-03T01:33:30.080Z,4408,39.62664301,-105.00017515,1671.523,-108.5,-16.2,-162.3,8.56,21
2024-08-03T01:33:30.113Z,4409,39.62664065,-105.00017398,1671.523,-108.2,-16.2,-162.0,8.59,21
2024-08-03T01:33:30.147Z,4410,39.62663798,-105.00017271,1671.523,-107.8,-16.2,-161.7,8.61,21
2024-08-03T01:33:30.180Z,4411,39.62663532,-105.00017144,1671.523,-107.5,-16.2,-161.4,8.63,21
2024-08-03T01:33:30.213Z,4412,39.62663274,-105.00017023,1671.523,-107.2,-16.2,-161.1,8.64,21
2024-08-03T01:33:30.247Z,4413,39.62663028,-105.00016909,1671.523,-106.9,-16.2,-160.8,8.65,21
2024-08-03T01:33:30.280Z,4414,39.62662782,-105.00016796,1671.523,-106.7,-16.2,-160.5,8.66,21
2024-08-03T01:33:30.313Z,4415,39.62662540,-105.00016687,1671.523,-106.4,-16.2,-160.2,8.66,21
2024-08-03T01:33:30.347Z,4416,39.62662305,-105.00016583,1671.523,-106.1,-16.2,-159.9,8.65,21
2024-08-03T01:33:30.380Z,4417,39.62662070,-105.00016480,1671.523,-105.9,-16.2,-159.6,8.64,21
2024-08-03T01:33:30.414Z,4418,39.62661824,-105.00016375,1671.523,-105.6,-16.2,-159.3,8.64,21
2024-08-03T01:33:30.447Z,4419,39.62661562,-105.00016268,1671.523,-105.2,-16.2,-159.0,8.66,21
2024-08-03T01:33:30.480Z,4420,39.62661300,-105.00016161,1671.523,-104.9,-16.2,-158.7,8.69,21
2024-08-03T01:33:30.514Z,4421,39.62661042,-105.00016056,1671.523,-104.6,-16.2,-158.4,8.71,21
2024-08-03T01:33:30.547Z,4422,39.62660789,-105.00015953,1671.523,-104.3,-16.2,-158.1,8.73,21
2024-08-03T01:33:30.580Z,4423,39.62660536,-105.00015849,1671.523,-104.0,-16.2,-157.9,8.75,21
2024-08-03T01:33:30.614Z,4424,39.62660281,-105.00015750,1671.523,-103.7,-16.2,-157.6,8.77,21
2024-08-03T01:33:30.647Z,4425,39.62660026,-105.00015657,1671.523,-103.4,-16.2,-157.3,8.80,21
2024-08-03T01:33:30.681Z,4426,39.62659770,-105.00015563,1671.523,-103.2,-16.2,-157.0,8.82,21
2024-08-03T01:33:30.714Z,4427,39.62659519,-105.00015471,1671.523,-102.8,-16.2,-156.7,8.83,21
2024-08-03T01:33:30.747Z,4428,39.62659276,-105.00015381,1671.523,-102.5,-16.2,-156.4,8.82,21
2024-08-03T01:33:30.781Z,4429,39.62659033,-105.00015291,1671.523,-102.1,-16.2,-156.2,8.81,21
2024-08-03T01:33:30.814Z,4430,39.62658785,-105.00015202,1671.523,-101.8,-16.2,-155.9,8.80,21
2024-08-03T01:33:30.847Z,4431,39.62658528,-105.00015116,1671.523,-101.5,-16.2,-155.6,8.79,21
2024-08-03T01:33:30.881Z,4432,39.62658271,-105.00015029,1671.523,-101.2,-16.2,-155.3,8.78,21
2024-08-03T01:33:30.914Z,4433,39.62658021,-105.00014946,1671.523,-100.9,-16.2,-155.0,8.76,21
2024-08-03T01:33:30.947Z,4434,39.62657779,-105.00014870,1671.523,-100.8,-16.2,-154.8,8.71,21
2024-08-03T01:33:30.981Z,4435,39.62657537,-105.00014793,1671.523,-100.7,-16.2,-154.5,8.66,21
2024-08-03T01:33:31.014Z,4436,39.62657279,-105.00014713,1671.523,-100.5,-16.2,-154.3,8.62,21
2024-08-03T01:33:31.048Z,4437,39.62657001,-105.00014630,1671.523,-100.4,-16.2,-154.0,8.58,21
2024-08-03T01:33:31.081Z,4438,39.62656724,-105.00014546,1671.523,-100.3,-16.2,-153.7,8.54,21
2024-08-03T01:33:31.114Z,4439,39.62656459,-105.00014472,1671.523,-100.1,-16.2,-153.5,8.51,21
2024-08-03T01:33:31.148Z,4440,39.62656209,-105.00014409,1671.523,-99.8,-16.2,-153.3,8.50,21
2024-08-03T01:33:31.181Z,4441,39.62655960,-105.00014345,1671.523,-99.5,-16.2,-153.0,8.50,21
2024-08-03T01:33:31.214Z,4442,39.62655723,-105.00014283,1671.523,-99.2,-16.2,-152.8,8.47,21
2024-08-03T01:33:31.248Z,4443,39.62655500,-105.00014223,1671.523,-98.9,-16.2,-152.5,8.43,21
2024-08-03T01:33:31.281Z,4444,39.62655278,-105.00014163,1671.523,-98.6,-16.2,-152.2,8.38,21
2024-08-03T01:33:31.314Z,4445,39.62655040,-105.00014100,1671.523,-98.3,-16.2,-152.0,8.34,21
2024-08-03T01:33:31.348Z,4446,39.62654784,-105.00014033,1671.523,-98.1,-16.2,-151.7,8.30,21
2024-08-03T01:33:31.381Z,4447,39.62654527,-105.00013967,1671.523,-97.8,-16.2,-151.4,8.26,21
2024-08-03T01:33:31.415Z,4448,39.62654272,-105.00013904,1671.523,-97.6,-16.2,-151.1,8.22,21
2024-08-03T01:33:31.448Z,4449,39.62654017,-105.00013848,1671.523,-97.3,-16.2,-150.8,8.17,21
2024-08-03T01:33:31.481Z,4450,39.62653762,-105.00013791,1671.523,-97.0,-16.2,-150.5,8.13,21
2024-08-03T01:33:31.515Z,4451,39.62653514,-105.00013737,1671.523,-96.7,-16.2,-150.3,8.10,21
2024-08-03T01:33:31.548Z,4452,39.62653274,-105.00013687,1671.523,-96.4,-16.2,-150.0,8.10,21
2024-08-03T01:33:31.581Z,4453,39.62653034,-105.00013637,1671.523,-96.1,-16.2,-149.7,8.09,21
2024-08-03T01:33:31.615Z,4454,39.62652795,-105.00013589,1671.523,-95.8,-16.2,-149.3,8.07,21
2024-08-03T01:33:31.648Z,4455,39.62652556,-105.00013542,1671.523,-95.5,-16.2,-149.0,8.03,21
2024-08-03T01:33:31.682Z,4456,39.62652317,-105.00013495,1671.523,-95.2,-16.2,-148.7,8.00,21
2024-08-03T01:33:31.715Z,4457,39.62652086,-105.00013452,1671.523,-94.9,-16.2,-148.3,7.97,21
2024-08-03T01:33:31.748Z,4458,39.62651864,-105.00013412,1671.523,-94.6,-16.2,-148.0,7.97,21
2024-08-03T01:33:31.782Z,4459,39.62651643,-105.00013371,1671.523,-94.3,-16.2,-147.7,7.97,21
2024-08-03T01:33:31.815Z,4460,39.62651404,-105.00013333,1671.523,-93.9,-16.2,-147.3,7.94,21
2024-08-03T01:33:31.848Z,4461,39.62651146,-105.00013296,1671.523,-93.5,-16.2,-147.0,7.90,21
2024-08-03T01:33:31.882Z,4462,39.62650888,-105.00013260,1671.523,-93.1,-16.2,-146.7,7.86,21
2024-08-03T01:33:31.915Z,4463,39.62650646,-105.00013228,1671.523,-92.8,-16.2,-146.3,7.84,21
2024-08-03T01:33:31.948Z,4464,39.62650420,-105.00013201,1671.523,-92.5,-16.2,-146.0,7.84,21
2024-08-03T01:33:31.982Z,4465,39.62650194,-105.00013174,1671.523,-92.2,-16.2,-145.6,7.83,21
2024-08-03T01:33:32.015Z,4466,39.62649970,-105.00013149,1671.523,-91.8,-16.2,-145.2,7.81,21
2024-08-03T01:33:32.049Z,4467,39.62649750,-105.00013126,1671.523,-91.5,-16.2,-144.9,7.77,21
2024-08-03T01:33:32.082Z,4468,39.62649529,-105.00013102,1671.523,-91.1,-16.2,-144.5,7.74,21
2024-08-03T01:33:32.115Z,4469,39.62649313,-105.00013084,1671.523,-90.7,-16.2,-144.1,7.72,21
2024-08-03T01:33:32.149Z,4470,39.62649103,-105.00013070,1671.523,-90.4,-16.2,-143.8,7.71,21
2024-08-03T01:33:32.182Z,4471,39.62648892,-105.00013057,1671.523,-90.0,-16.2,-143.4,7.71,21
2024-08-03T01:33:32.215Z,4472,39.62648657,-105.00013044,1671.523,-89.6,-16.2,-143.0,7.69,21
2024-08-03T01:33:32.249Z,4473,39.62648393,-105.00013030,1671.523,-89.2,-16.2,-142.7,7.66,21
2024-08-03T01:33:32.282Z,4474,39.62648130,-105.00013017,1671.523,-88.8,-16.2,-142.3,7.62,21
2024-08-03T01:33:32.315Z,4475,39.62647887,-105.00013007,1671.523,-88.4,-16.2,-141.9,7.60,21
2024-08-03T01:33:32.349Z,4476,39.62647665,-105.00013000,1671.523,-88.1,-16.2,-141.6,7.60,21
2024-08-03T01:33:32.382Z,4477,39.62647444,-105.00012993,1671.523,-87.7,-16.2,-141.2,7.60,21
2024-08-03T01:33:32.416Z,4478,39.62647225,-105.00012990,1671.523,-87.3,-16.2,-140.8,7.58,21
2024-08-03T01:33:32.449Z,4479,39.62647011,-105.00012990,1671.523,-87.0,-16.2,-140.4,7.55,21
2024-08-03T01:33:32.482Z,4480,39.62646796,-105.00012990,1671.523,-86.7,-16.2,-140.0,7.52,21
2024-08-03T01:33:32.516Z,4481,39.62646562,-105.00012993,1671.523,-86.3,-16.2,-139.6,7.50,21
2024-08-03T01:33:32.549Z,4482,39.62646309,-105.00013000,1671.523,-85.9,-16.2,-139.3,7.50,21
2024-08-03T01:33:32.582Z,4483,39.62646056,-105.00013007,1671.523,-85.5,-16.2,-138.9,7.50,21
2024-08-03T01:33:32.616Z,4484,39.62645816,-105.00013015,1671.523,-85.1,-16.2,-138.5,7.49,21
2024-08-03T01:33:32.649Z,4485,39.62645590,-105.00013025,1671.523,-84.7,-16.2,-138.1,7.45,21
2024-08-03T01:33:32.683Z,4486,39.62645363,-105.00013035,1671.523,-84.3,-16.2,-137.7,7.42,21
2024-08-03T01:33:32.716Z,4487,39.62645143,-105.00013048,1671.523,-83.9,-16.2,-137.3,7.41,21
2024-08-03T01:33:32.749Z,4488,39.62644931,-105.00013065,1671.523,-83.5,-16.2,-137.0,7.41,21
2024-08-03T01:33:32.783Z,4489,39.62644718,-105.00013082,1671.523,-83.1,-16.2,-136.6,7.41,21
2024-08-03T01:33:32.816Z,4490,39.62644501,-105.00013098,1671.523,-82.7,-16.2,-136.2,7.40,21
2024-08-03T01:33:32.849Z,4491,39.62644279,-105.00013115,1671.523,-82.4,-16.2,-135.9,7.36,21
2024-08-03T01:33:32.883Z,4492,39.62644057,-105.00013132,1671.523,-82.1,-16.2,-135.5,7.33,21
2024-08-03T01:33:32.916Z,4493,39.62643831,-105.00013155,1671.523,-81.7,-16.2,-135.1,7.30,21
2024-08-03T01:33:32.949Z,4494,39.62643598,-105.00013185,1671.523,-81.3,-16.2,-134.8,7.28,21
2024-08-03T01:33:32.983Z,4495,39.62643366,-105.00013215,1671.523,-80.9,-16.2,-134.4,7.25,21
2024-08-03T01:33:33.016Z,4496,39.62643141,-105.00013247,1671.523,-80.5,-16.2,-134.0,7.24,21
2024-08-03T01:33:33.050Z,4497,39.62642923,-105.00013280,1671.523,-80.1,-16.2,-133.6,7.24,21
2024-08-03T01:33:33.083Z,4498,39.62642705,-105.00013313,1671.523,-79.8,-16.2,-133.3,7.24,21
2024-08-03T01:33:33.116Z,4499,39.62642503,-105.00013348,1671.523,-79.4,-16.2,-132.9,7.23,21
2024-08-03T01:33:33.150Z,4500,39.62642315,-105.00013385,1671.523,-79.0,-16.2,-132.5,7.21,21
2024-08-03T01:33:33.183Z,4501,39.62642128,-105.00013422,1671.523,-78.6,-16.2,-132.2,7.18,21
2024-08-03T01:33:33.216Z,4502,39.62641909,-105.00013465,1671.523,-78.2,-16.2,-131.8,7.17,21
2024-08-03T01:33:33.250Z,4503,39.62641661,-105.00013515,1671.523,-77.9,-16.2,-131.4,7.18,21
2024-08-03T01:33:33.283Z,4504,39.62641413,-105.00013565,1671.523,-77.6,-16.2,-131.1,7.18,21
2024-08-03T01:33:33.316Z,4505,39.62641187,-105.00013614,1671.523,-77.2,-16.2,-130.7,7.17,21
2024-08-03T01:33:33.350Z,4506,39.62640984,-105.00013660,1671.523,-76.9,-16.2,-130.4,7.14,21
2024-08-03T01:33:33.383Z,4507,39.62640780,-105.00013707,1671.523,-76.6,-16.2,-130.1,7.12,21
2024-08-03T01:33:33.417Z,4508,39.62640567,-105.00013759,1671.523,-76.2,-16.2,-129.7,7.11,21
2024-08-03T01:33:33.450Z,4509,39.62640345,-105.00013816,1671.523,-75.8,-16.2,-129.3,7.11,21
2024-08-03T01:33:33.483Z,4510,39.62640123,-105.00013872,1671.523,-75.5,-16.2,-129.0,7.12,21
2024-08-03T01:33:33.517Z,4511,39.62639906,-105.00013931,1671.523,-75.1,-16.2,-128.6,7.11,21
2024-08-03T01:33:33.550Z,4512,39.62639693,-105.00013991,1671.523,-74.7,-16.2,-128.3,7.09,21
2024-08-03T01:33:33.583Z,4513,39.62639480,-105.00014051,1671.523,-74.4,-16.2,-128.0,7.07,21
2024-08-03T01:33:33.617Z,4514,39.62639281,-105.00014109,1671.471,-74.0,-16.2,-127.6,7.05,21
2024-08-03T01:33:33.650Z,4515,39.62639094,-105.00014166,1671.369,-73.7,-16.2,-127.3,7.02,21
2024-08-03T01:33:33.684Z,4516,39.62638907,-105.00014223,1671.267,-73.4,-16.2,-127.0,7.00,21
2024-08-03T01:33:33.717Z,4517,39.62638702,-105.00014283,1671.218,-73.0,-16.2,-126.6,6.99,21
2024-08-03T01:33:33.750Z,4518,39.62638480,-105.00014346,1671.218,-72.7,-16.2,-126.3,7.00,21
2024-08-03T01:33:33.784Z,4519,39.62638258,-105.00014410,1671.218,-72.4,-16.2,-126.0,7.01,21
2024-08-03T01:33:33.817Z,4520,39.62638034,-105.00014480,1671.218,-72.1,-16.2,-125.6,7.00,21
2024-08-03T01:33:33.850Z,4521,39.62637808,-105.00014557,1671.218,-71.7,-16.2,-125.3,6.97,21
2024-08-03T01:33:33.884Z,4522,39.62637582,-105.00014634,1671.218,-71.4,-16.2,-125.0,6.95,21
2024-08-03T01:33:33.917Z,4523,39.62637378,-105.00014709,1671.218,-71.0,-16.2,-124.6,6.93,21
2024-08-03T01:33:33.950Z,4524,39.62637195,-105.00014782,1671.218,-70.7,-16.2,-124.3,6.90,21
2024-08-03T01:33:33.984Z,4525,39.62637012,-105.00014855,1671.218,-70.4,-16.2,-124.0,6.88,21
2024-08-03T01:33:34.017Z,4526,39.62636820,-105.00014934,1671.218,-70.1,-16.2,-123.8,6.87,21
2024-08-03T01:33:34.051Z,4527,39.62636619,-105.00015018,1671.218,-69.8,-16.2,-123.5,6.88,21
2024-08-03T01:33:34.084Z,4528,39.62636418,-105.00015101,1671.218,-69.6,-16.2,-123.2,6.89,21
2024-08-03T01:33:34.117Z,4529,39.62636218,-105.00015183,1671.218,-69.4,-16.2,-123.0,6.88,21
2024-08-03T01:33:34.151Z,4530,39.62636020,-105.00015263,1671.218,-69.1,-16.2,-122.7,6.85,21
2024-08-03T01:33:34.184Z,4531,39.62635821,-105.00015343,1671.218,-68.9,-16.2,-122.5,6.82,21
2024-08-03T01:33:34.217Z,4532,39.62635624,-105.00015425,1671.218,-68.7,-16.2,-122.3,6.81,21
2024-08-03T01:33:34.251Z,4533,39.62635427,-105.00015508,1671.218,-68.4,-16.2,-122.1,6.82,21
2024-08-03T01:33:34.284Z,4534,39.62635231,-105.00015592,1671.218,-68.1,-16.2,-121.9,6.83,21
2024-08-03T01:33:34.317Z,4535,39.62635040,-105.00015677,1671.218,-67.9,-16.2,-121.7,6.82,21
2024-08-03T01:33:34.351Z,4536,39.62634854,-105.00015764,1671.218,-67.6,-16.2,-121.5,6.80,21
2024-08-03T01:33:34.384Z,4537,39.62634669,-105.00015850,1671.218,-67.4,-16.2,-121.3,6.78,21
2024-08-03T01:33:34.418Z,4538,39.62634474,-105.00015941,1671.218,-67.2,-16.2,-121.1,6.77,21
2024-08-03T01:33:34.451Z,4539,39.62634271,-105.00016034,1671.218,-67.0,-16.2,-120.9,6.78,21
2024-08-03T01:33:34.484Z,4540,39.62634068,-105.00016127,1671.218,-66.8,-16.2,-120.7,6.80,21
2024-08-03T01:33:34.518Z,4541,39.62633869,-105.00016221,1671.218,-66.6,-16.2,-120.5,6.78,21
2024-08-03T01:33:34.551Z,4542,39.62633671,-105.00016314,1671.218,-66.4,-16.2,-120.3,6.75,21
2024-08-03T01:33:34.584Z,4543,39.62633474,-105.00016408,1671.218,-66.3,-16.2,-120.1,6.72,21
2024-08-03T01:33:34.618Z,4544,39.62633280,-105.00016503,1671.218,-66.1,-16.2,-119.9,6.71,21
2024-08-03T01:33:34.651Z,4545,39.62633089,-105.00016600,1671.218,-65.9,-16.2,-119.7,6.72,21
2024-08-03T01:33:34.685Z,4546,39.62632897,-105.00016697,1671.218,-65.8,-16.2,-119.6,6.74,21
2024-08-03T01:33:34.718Z,4547,39.62632714,-105.00016790,1671.218,-65.6,-16.2,-119.4,6.72,21
2024-08-03T01:33:34.751Z,4548,39.62632539,-105.00016880,1671.218,-65.4,-16.2,-119.2,6.69,21
2024-08-03T01:33:34.785Z,4549,39.62632363,-105.00016970,1671.218,-65.2,-16.2,-119.0,6.66,21
2024-08-03T01:33:34.818Z,4550,39.62632181,-105.00017064,1671.218,-65.0,-16.2,-118.8,6.66,21
2024-08-03T01:33:34.851Z,4551,39.62631994,-105.00017160,1671.218,-64.8,-16.2,-118.6,6.67,21
2024-08-03T01:33:34.885Z,4552,39.62631807,-105.00017257,1671.218,-64.7,-16.2,-118.5,6.68,21
2024-08-03T01:33:34.918Z,4553,39.62631615,-105.00017361,1671.218,-64.5,-16.2,-118.3,6.68,22
2024-08-03T01:33:34.951Z,4554,39.62631421,-105.00017471,1671.218,-64.3,-16.2,-118.1,6.66,22
2024-08-03T01:33:34.985Z,4555,39.62631226,-105.00017582,1671.218,-64.2,-16.2,-118.0,6.64,22
2024-08-03T01:33:35.018Z,4556,39.62631048,-105.00017682,1671.218,-64.0,-16.2,-117.8,6.63,22
2024-08-03T01:33:35.052Z,4557,39.62630883,-105.00017776,1671.218,-63.8,-16.2,-117.6,6.63,22
2024-08-03T01:33:35.085Z,4558,39.62630719,-105.00017869,1671.218,-63.6,-16.2,-117.5,6.63,22
2024-08-03T01:33:35.118Z,4559,39.62630531,-105.00017976,1671.161,-63.4,-16.2,-117.3,6.61,22
2024-08-03T01:33:35.152Z,4560,39.62630324,-105.00018093,1671.059,-63.2,-16.2,-117.1,6.58,22
2024-08-03T01:33:35.185Z,4561,39.62630117,-105.00018209,1670.958,-63.1,-16.2,-117.0,6.55,22
2024-08-03T01:33:35.218Z,4562,39.62629924,-105.00018320,1670.914,-62.9,-16.2,-116.8,6.55,22
2024-08-03T01:33:35.252Z,4563,39.62629742,-105.00018427,1670.914,-62.7,-16.2,-116.6,6.56,22
2024-08-03T01:33:35.285Z,4564,39.62629560,-105.00018534,1670.914,-62.6,-16.2,-116.5,6.57,22
2024-08-03T01:33:35.318Z,4565,39.62629382,-105.00018639,1670.914,-62.4,-16.2,-116.3,6.56,22
2024-08-03T01:33:35.352Z,4566,39.62629209,-105.00018742,1670.914,-62.2,-16.2,-116.1,6.53,22
2024-08-03T01:33:35.385Z,4567,39.62629035,-105.00018846,1670.914,-62.1,-16.2,-115.9,6.50,22
2024-08-03T01:33:35.419Z,4568,39.62628864,-105.00018949,1670.914,-61.9,-16.2,-115.7,6.50,22
2024-08-03T01:33:35.452Z,4569,39.62628693,-105.00019053,1670.914,-61.7,-16.2,-115.5,6.51,22
2024-08-03T01:33:35.485Z,4570,39.62628523,-105.00019156,1670.914,-61.6,-16.2,-115.4,6.52,22
2024-08-03T01:33:35.519Z,4571,39.62628337,-105.00019269,1670.914,-61.4,-16.2,-115.2,6.53,22
2024-08-03T01:33:35.552Z,4572,39.62628138,-105.00019389,1670.914,-61.2,-16.2,-115.0,6.53,22
2024-08-03T01:33:35.585Z,4573,39.62627939,-105.00019509,1670.914,-61.1,-16.2,-114.9,6.53,22
2024-08-03T01:33:35.619Z,4574,39.62627753,-105.00019626,1670.914,-60.9,-16.2,-114.7,6.52,22
2024-08-03T01:33:35.652Z,4575,39.62627578,-105.00019739,1670.914,-60.7,-16.2,-114.5,6.51,22
2024-08-03T01:33:35.686Z,4576,39.62627402,-105.00019852,1670.914,-60.6,-16.2,-114.4,6.49,22
2024-08-03T01:33:35.719Z,4577,39.62627230,-105.00019964,1670.914,-60.4,-16.2,-114.2,6.47,22
2024-08-03T01:33:35.752Z,4578,39.62627060,-105.00020074,1670.914,-60.2,-16.2,-114.0,6.44,22
2024-08-03T01:33:35.786Z,4579,39.62626891,-105.00020184,1670.914,-60.1,-16.2,-113.9,6.41,22
2024-08-03T01:33:35.819Z,4580,39.62626718,-105.00020298,1670.914,-59.9,-16.2,-113.7,6.40,22
2024-08-03T01:33:35.852Z,4581,39.62626544,-105.00020415,1670.914,-59.8,-16.2,-113.5,6.40,22
2024-08-03T01:33:35.886Z,4582,39.62626370,-105.00020532,1670.914,-59.7,-16.2,-113.4,6.40,22
2024-08-03T01:33:35.919Z,4583,39.62626194,-105.00020649,1670.914,-59.6,-16.2,-113.2,6.38,22
2024-08-03T01:33:35.952Z,4584,39.62626017,-105.00020765,1670.914,-59.4,-16.2,-113.1,6.35,22
2024-08-03T01:33:35.986Z,4585,39.62625841,-105.00020882,1670.914,-59.2,-16.2,-113.0,6.32,22
2024-08-03T01:33:36.019Z,4586,39.62625674,-105.00020993,1670.914,-59.0,-16.2,-112.8,6.31,22
2024-08-03T01:33:36.053Z,4587,39.62625513,-105.00021100,1670.914,-58.8,-16.2,-112.6,6.31,22
2024-08-03T01:33:36.086Z,4588,39.62625353,-105.00021207,1670.914,-58.7,-16.2,-112.5,6.31,22
2024-08-03T01:33:36.119Z,4589,39.62625182,-105.00021323,1670.914,-58.5,-16.2,-112.3,6.30,22
2024-08-03T01:33:36.153Z,4590,39.62625004,-105.00021447,1670.914,-58.3,-16.2,-112.1,6.28,22
2024-08-03T01:33:36.186Z,4591,39.62624826,-105.00021570,1670.914,-58.1,-16.2,-112.0,6.27,22
2024-08-03T01:33:36.219Z,4592,39.62624665,-105.00021684,1670.914,-57.9,-16.2,-111.8,6.25,22
2024-08-03T01:33:36.253Z,4593,39.62624515,-105.00021790,1670.914,-57.8,-16.2,-111.6,6.22,22
2024-08-03T01:33:36.286Z,4594,39.62624366,-105.00021897,1670.914,-57.7,-16.2,-111.5,6.19,22
2024-08-03T01:33:36.319Z,4595,39.62624205,-105.00022014,1670.914,-57.6,-16.2,-111.3,6.18,22
2024-08-03T01:33:36.353Z,4596,39.62624036,-105.00022137,1670.914,-57.4,-16.2,-111.1,6.18,22
2024-08-03T01:33:36.386Z,4597,39.62623867,-105.00022261,1670.914,-57.2,-16.2,-111.0,6.18,22
2024-08-03T01:33:36.420Z,4598,39.62623698,-105.00022386,1670.914,-57.0,-16.2,-110.8,6.17,22
2024-08-03T01:33:36.453Z,4599,39.62623527,-105.00022513,1670.914,-56.9,-16.2,-110.6,6.16,22
2024-08-03T01:33:36.486Z,4600,39.62623357,-105.00022640,1670.914,-56.8,-16.2,-110.4,6.14,22
2024-08-03T01:33:36.520Z,4601,39.62623195,-105.00022761,1670.914,-56.6,-16.2,-110.2,6.14,22
2024-08-03T01:33:36.553Z,4602,39.62623037,-105.00022877,1670.914,-56.4,-16.2,-110.0,6.14,22
2024-08-03T01:33:36.586Z,4603,39.62622879,-105.00022994,1670.914,-56.2,-16.2,-109.9,6.14,22
2024-08-03T01:33:36.620Z,4604,39.62622731,-105.00023107,1670.914,-56.0,-16.2,-109.7,6.12,22
2024-08-03T01:33:36.653Z,4605,39.62622590,-105.00023217,1670.914,-55.7,-16.2,-109.5,6.09,22
2024-08-03T01:33:36.687Z,4606,39.62622449,-105.00023327,1670.914,-55.5,-16.2,-109.3,6.07,22
2024-08-03T01:33:36.720Z,4607,39.62622288,-105.00023454,1670.914,-55.3,-16.2,-109.1,6.06,22
2024-08-03T01:33:36.753Z,4608,39.62622114,-105.00023590,1670.914,-55.1,-16.2,-108.9,6.08,22
2024-08-03T01:33:36.787Z,4609,39.62621941,-105.00023727,1670.914,-55.0,-16.2,-108.7,6.10,22
2024-08-03T01:33:36.820Z,4610,39.62621768,-105.00023866,1670.914,-54.7,-16.2,-108.5,6.09,22
2024-08-03T01:33:36.853Z,4611,39.62621596,-105.00024006,1670.914,-54.5,-16.2,-108.2,6.06,22
2024-08-03T01:33:36.887Z,4612,39.62621424,-105.00024146,1670.914,-54.2,-16.2,-108.0,6.03,22
2024-08-03T01:33:36.920Z,4613,39.62621266,-105.00024276,1670.914,-54.0,-16.2,-107.8,6.03,22
2024-08-03T01:33:36.953Z,4614,39.62621118,-105.00024400,1670.914,-53.8,-16.2,-107.5,6.05,22
2024-08-03T01:33:36.987Z,4615,39.62620969,-105.00024523,1670.914,-53.7,-16.2,-107.3,6.07,22
2024-08-03T01:33:37.020Z,4616,39.62620827,-105.00024644,1670.914,-53.4,-16.2,-107.1,6.06,22
2024-08-03T01:33:37.054Z,4617,39.62620689,-105.00024765,1670.914,-53.2,-16.2,-106.8,6.03,22
2024-08-03T01:33:37.087Z,4618,39.62620551,-105.00024885,1670.914,-52.9,-16.2,-106.6,6.00,22
2024-08-03T01:33:37.120Z,4619,39.62620397,-105.00025019,1670.914,-52.6,-16.2,-106.3,5.99,22
2024-08-03T01:33:37.154Z,4620,39.62620233,-105.00025163,1670.914,-52.4,-16.2,-106.1,5.98,22
2024-08-03T01:33:37.187Z,4621,39.62620068,-105.00025306,1670.914,-52.1,-16.2,-105.8,5.97,22
2024-08-03T01:33:37.220Z,4622,39.62619914,-105.00025444,1670.914,-51.9,-16.2,-105.6,5.96,22
2024-08-03T01:33:37.254Z,4623,39.62619767,-105.00025577,1670.914,-51.6,-16.2,-105.3,5.96,22
2024-08-03T01:33:37.287Z,4624,39.62619619,-105.00025710,1670.914,-51.4,-16.2,-105.1,5.96,22
2024-08-03T01:33:37.320Z,4625,39.62619475,-105.00025844,1670.914,-51.2,-16.2,-104.9,5.95,22
2024-08-03T01:33:37.354Z,4626,39.62619334,-105.00025977,1670.914,-50.9,-16.2,-104.6,5.92,22
2024-08-03T01:33:37.387Z,4627,39.62619193,-105.00026111,1670.914,-50.7,-16.2,-104.4,5.89,22
2024-08-03T01:33:37.421Z,4628,39.62619055,-105.00026242,1670.849,-50.5,-16.2,-104.2,5.85,22
2024-08-03T01:33:37.454Z,4629,39.62618920,-105.00026372,1670.748,-50.3,-16.2,-103.9,5.79,22
2024-08-03T01:33:37.487Z,4630,39.62618784,-105.00026503,1670.646,-50.1,-16.2,-103.7,5.74,22
2024-08-03T01:33:37.521Z,4631,39.62618651,-105.00026628,1670.609,-49.9,-16.2,-103.5,5.70,22
2024-08-03T01:33:37.554Z,4632,39.62618520,-105.00026752,1670.609,-49.7,-16.2,-103.2,5.68,22
2024-08-03T01:33:37.587Z,4633,39.62618388,-105.00026875,1670.609,-49.5,-16.2,-103.0,5.65,22
2024-08-03T01:33:37.621Z,4634,39.62618243,-105.00027018,1670.609,-49.3,-16.2,-102.8,5.62,22
2024-08-03T01:33:37.654Z,4635,39.62618090,-105.00027171,1670.609,-49.1,-16.2,-102.5,5.60,22
2024-08-03T01:33:37.688Z,4636,39.62617937,-105.00027325,1670.609,-48.9,-16.2,-102.3,5.57,22
2024-08-03T01:33:37.721Z,4637,39.62617802,-105.00027461,1670.609,-48.6,-16.2,-102.1,5.53,22
2024-08-03T01:33:37.754Z,4638,39.62617677,-105.00027588,1670.609,-48.4,-16.2,-101.8,5.47,22
2024-08-03T01:33:37.788Z,4639,39.62617552,-105.00027715,1670.609,-48.1,-16.2,-101.6,5.42,22
2024-08-03T01:33:37.821Z,4640,39.62617425,-105.00027846,1670.609,-47.8,-16.2,-101.3,5.39,22
2024-08-03T01:33:37.854Z,4641,39.62617297,-105.00027979,1670.609,-47.6,-16.2,-101.1,5.36,22
2024-08-03T01:33:37.888Z,4642,39.62617170,-105.00028113,1670.609,-47.3,-16.2,-100.9,5.34,22
2024-08-03T01:33:37.921Z,4643,39.62617041,-105.00028251,1670.609,-47.1,-16.2,-100.6,5.31,22
2024-08-03T01:33:37.954Z,4644,39.62616912,-105.00028391,1670.609,-46.9,-16.2,-100.4,5.28,22
2024-08-03T01:33:37.988Z,4645,39.62616782,-105.00028531,1670.609,-46.7,-16.2,-100.2,5.26,22
2024-08-03T01:33:38.021Z,4646,39.62616659,-105.00028667,1670.609,-46.5,-16.2,-99.9,5.23,22
2024-08-03T01:33:38.055Z,4647,39.62616539,-105.00028800,1670.609,-46.3,-16.2,-99.7,5.21,22
2024-08-03T01:33:38.088Z,4648,39.62616419,-105.00028934,1670.609,-46.1,-16.2,-99.5,5.18,22
2024-08-03T01:33:38.121Z,4649,39.62616305,-105.00029065,1670.609,-45.8,-16.2,-99.2,5.16,22
2024-08-03T01:33:38.155Z,4650,39.62616195,-105.00029195,1670.609,-45.6,-16.2,-99.0,5.13,22
2024-08-03T01:33:38.188Z,4651,39.62616085,-105.00029325,1670.609,-45.4,-16.2,-98.8,5.11,22
2024-08-03T01:33:38.221Z,4652,39.62615969,-105.00029462,1670.609,-45.1,-16.2,-98.6,5.08,22
2024-08-03T01:33:38.255Z,4653,39.62615850,-105.00029602,1670.609,-44.9,-16.2,-98.4,5.06,22
2024-08-03T01:33:38.288Z,4654,39.62615731,-105.00029742,1670.609,-44.6,-16.2,-98.2,5.03,22
2024-08-03T01:33:38.321Z,4655,39.62615620,-105.00029871,1670.609,-44.3,-16.2,-97.9,5.01,22
2024-08-03T01:33:38.355Z,4656,39.62615515,-105.00029995,1670.609,-44.1,-16.2,-97.7,4.98,22
2024-08-03T01:33:38.388Z,4657,39.62615409,-105.00030118,1670.609,-43.9,-16.2,-97.5,4.96,22
2024-08-03T01:33:38.422Z,4658,39.62615297,-105.00030251,1670.609,-43.7,-16.2,-97.2,4.94,22
2024-08-03T01:33:38.455Z,4659,39.62615182,-105.00030387,1670.609,-43.5,-16.2,-97.0,4.91,22
2024-08-03T01:33:38.488Z,4660,39.62615067,-105.00030524,1670.609,-43.3,-16.2,-96.8,4.89,22
2024-08-03T01:33:38.522Z,4661,39.62614962,-105.00030654,1670.609,-43.0,-16.2,-96.5,4.86,22
2024-08-03T01:33:38.555Z,4662,39.62614864,-105.00030781,1670.609,-42.8,-16.2,-96.3,4.84,22
2024-08-03T01:33:38.588Z,4663,39.62614765,-105.00030908,1670.609,-42.6,-16.2,-96.1,4.82,22
2024-08-03T01:33:38.622Z,4664,39.62614660,-105.00031044,1670.609,-42.3,-16.2,-95.9,4.79,22
2024-08-03T01:33:38.655Z,4665,39.62614553,-105.00031184,1670.609,-42.1,-16.2,-95.7,4.77,22
2024-08-03T01:33:38.689Z,4666,39.62614446,-105.00031324,1670.609,-41.9,-16.2,-95.5,4.75,22
2024-08-03T01:33:38.722Z,4667,39.62614345,-105.00031453,1670.609,-41.7,-16.2,-95.2,4.72,22
2024-08-03T01:33:38.755Z,4668,39.62614248,-105.00031576,1670.609,-41.5,-16.2,-95.0,4.70,22
2024-08-03T01:33:38.789Z,4669,39.62614150,-105.00031700,1670.609,-41.3,-16.2,-94.8,4.68,22
2024-08-03T01:33:38.822Z,4670,39.62614047,-105.00031839,1670.540,-41.0,-16.2,-94.6,4.65,22
2024-08-03T01:33:38.855Z,4671,39.62613941,-105.00031986,1670.439,-40.8,-16.2,-94.4,4.63,22
2024-08-03T01:33:38.889Z,4672,39.62613835,-105.00032133,1670.337,-40.6,-16.2,-94.2,4.60,22
2024-08-03T01:33:38.922Z,4673,39.62613742,-105.00032255,1670.304,-40.4,-16.2,-94.0,4.58,22
2024-08-03T01:33:38.955Z,4674,39.62613655,-105.00032365,1670.304,-40.2,-16.2,-93.8,4.56,22
2024-08-03T01:33:38.989Z,4675,39.62613568,-105.00032475,1670.304,-40.0,-16.2,-93.6,4.54,22
2024-08-03T01:33:39.022Z,4676,39.62613476,-105.00032601,1670.304,-39.8,-16.2,-93.4,4.51,22
2024-08-03T01:33:39.056Z,4677,39.62613382,-105.00032734,1670.304,-39.6,-16.2,-93.2,4.49,22
2024-08-03T01:33:39.089Z,4678,39.62613288,-105.00032868,1670.304,-39.5,-16.2,-93.0,4.47,22
2024-08-03T01:33:39.122Z,4679,39.62613190,-105.00033008,1670.304,-39.3,-16.2,-92.8,4.46,22
2024-08-03T01:33:39.156Z,4680,39.62613090,-105.00033151,1670.304,-39.1,-16.2,-92.6,4.46,22
2024-08-03T01:33:39.189Z,4681,39.62612989,-105.00033295,1670.304,-38.9,-16.2,-92.4,4.46,22
2024-08-03T01:33:39.222Z,4682,39.62612897,-105.00033429,1670.304,-38.6,-16.2,-92.2,4.44,22
2024-08-03T01:33:39.256Z,4683,39.62612807,-105.00033559,1670.304,-38.4,-16.2,-92.0,4.42,22
2024-08-03T01:33:39.289Z,4684,39.62612718,-105.00033690,1670.304,-38.2,-16.2,-91.9,4.40,22
2024-08-03T01:33:39.322Z,4685,39.62612630,-105.00033815,1670.304,-38.0,-16.2,-91.7,4.38,22
2024-08-03T01:33:39.356Z,4686,39.62612543,-105.00033939,1670.304,-37.8,-16.2,-91.5,4.36,22
2024-08-03T01:33:39.389Z,4687,39.62612456,-105.00034062,1670.304,-37.7,-16.2,-91.3,4.33,22
2024-08-03T01:33:39.423Z,4688,39.62612372,-105.00034185,1670.304,-37.5,-16.2,-91.1,4.31,22
2024-08-03T01:33:39.456Z,4689,39.62612290,-105.00034309,1670.304,-37.3,-16.2,-90.9,4.29,22
2024-08-03T01:33:39.489Z,4690,39.62612207,-105.00034432,1670.304,-37.1,-16.2,-90.7,4.27,22
2024-08-03T01:33:39.523Z,4691,39.62612121,-105.00034572,1670.304,-36.9,-16.2,-90.5,4.26,22
2024-08-03T01:33:39.556Z,4692,39.62612034,-105.00034719,1670.304,-36.7,-16.2,-90.3,4.26,22
2024-08-03T01:33:39.589Z,4693,39.62611946,-105.00034866,1670.304,-36.5,-16.2,-90.2,4.26,22
2024-08-03T01:33:39.623Z,4694,39.62611864,-105.00035001,1670.233,-36.3,-16.2,-90.0,4.25,22
2024-08-03T01:33:39.656Z,4695,39.62611783,-105.00035131,1670.131,-36.1,-16.2,-89.8,4.23,22
2024-08-03T01:33:39.690Z,4696,39.62611702,-105.00035261,1670.030,-35.9,-16.2,-89.6,4.21,22
2024-08-03T01:33:39.723Z,4697,39.62611624,-105.00035382,1669.999,-35.8,-16.2,-89.5,4.18,22
2024-08-03T01:33:39.756Z,4698,39.62611547,-105.00035499,1669.999,-35.7,-16.2,-89.4,4.16,22
2024-08-03T01:33:39.790Z,4699,39.62611471,-105.00035615,1669.999,-35.5,-16.2,-89.3,4.13,22
2024-08-03T01:33:39.823Z,4700,39.62611394,-105.00035742,1669.999,-35.4,-16.2,-89.2,4.11,22
2024-08-03T01:33:39.856Z,4701,39.62611316,-105.00035872,1669.999,-35.3,-16.2,-89.1,4.09,22
2024-08-03T01:33:39.890Z,4702,39.62611239,-105.00036002,1669.999,-35.1,-16.2,-89.0,4.07,22
2024-08-03T01:33:39.923Z,4703,39.62611159,-105.00036132,1669.999,-35.1,-16.2,-89.0,4.06,22
2024-08-03T01:33:39.956Z,4704,39.62611079,-105.00036262,1669.999,-35.0,-16.2,-88.9,4.06,22
2024-08-03T01:33:39.990Z,4705,39.62610999,-105.00036392,1669.999,-34.9,-16.2,-88.8,4.06,22
2024-08-03T01:33:40.023Z,4706,39.62610926,-105.00036513,1669.927,-34.9,-16.2,-88.8,4.03,22
2024-08-03T01:33:40.057Z,4707,39.62610856,-105.00036630,1669.825,-34.8,-16.2,-88.7,3.98,22
2024-08-03T01:33:40.090Z,4708,39.62610785,-105.00036746,1669.724,-34.7,-16.2,-88.7,3.93,22
2024-08-03T01:33:40.123Z,4709,39.62610707,-105.00036873,1669.694,-34.7,-16.2,-88.6,3.92,22
2024-08-03T01:33:40.157Z,4710,39.62610627,-105.00037003,1669.694,-34.6,-16.2,-88.5,3.92,22
2024-08-03T01:33:40.190Z,4711,39.62610546,-105.00037133,1669.694,-34.5,-16.2,-88.4,3.92,22
2024-08-03T01:33:40.223Z,4712,39.62610472,-105.00037256,1669.694,-34.5,-16.2,-88.4,3.91,22
2024-08-03T01:33:40.257Z,4713,39.62610402,-105.00037376,1669.694,-34.4,-16.2,-88.3,3.89,22
2024-08-03T01:33:40.290Z,4714,39.62610331,-105.00037496,1669.694,-34.3,-16.2,-88.2,3.87,22
2024-08-03T01:33:40.323Z,4715,39.62610263,-105.00037614,1669.694,-34.3,-16.2,-88.2,3.84,22
2024-08-03T01:33:40.357Z,4716,39.62610197,-105.00037731,1669.694,-34.2,-16.2,-88.1,3.81,22
2024-08-03T01:33:40.390Z,4717,39.62610130,-105.00037848,1669.694,-34.2,-16.2,-88.0,3.79,22
2024-08-03T01:33:40.424Z,4718,39.62610065,-105.00037962,1669.621,-34.2,-16.2,-88.0,3.77,22
2024-08-03T01:33:40.457Z,4719,39.62610001,-105.00038075,1669.519,-34.1,-16.2,-87.9,3.75,22
2024-08-03T01:33:40.490Z,4720,39.62609936,-105.00038189,1669.418,-34.0,-16.2,-87.8,3.73,22
2024-08-03T01:33:40.524Z,4721,39.62609870,-105.00038302,1669.390,-34.0,-16.2,-87.8,3.72,22
2024-08-03T01:33:40.557Z,4722,39.62609803,-105.00038416,1669.390,-33.9,-16.2,-87.7,3.72,22
2024-08-03T01:33:40.590Z,4723,39.62609736,-105.00038529,1669.390,-33.8,-16.2,-87.7,3.72,22
2024-08-03T01:33:40.624Z,4724,39.62609668,-105.00038650,1669.390,-33.8,-16.2,-87.7,3.69,22
2024-08-03T01:33:40.657Z,4725,39.62609599,-105.00038773,1669.390,-33.7,-16.2,-87.6,3.64,22
2024-08-03T01:33:40.691Z,4726,39.62609530,-105.00038897,1669.390,-33.6,-16.2,-87.5,3.59,22
2024-08-03T01:33:40.724Z,4727,39.62609461,-105.00039015,1669.315,-33.6,-16.2,-87.5,3.57,22
2024-08-03T01:33:40.757Z,4728,39.62609393,-105.00039132,1669.214,-33.5,-16.2,-87.4,3.55,22
2024-08-03T01:33:40.791Z,4729,39.62609324,-105.00039249,1669.112,-33.4,-16.2,-87.3,3.53,22
2024-08-03T01:33:40.824Z,4730,39.62609256,-105.00039373,1669.085,-33.4,-16.2,-87.3,3.50,22
2024-08-03T01:33:40.857Z,4731,39.62609187,-105.00039500,1669.085,-33.3,-16.2,-87.2,3.48,22
2024-08-03T01:33:40.891Z,4732,39.62609119,-105.00039627,1669.085,-33.3,-16.2,-87.1,3.45,22
2024-08-03T01:33:40.924Z,4733,39.62609066,-105.00039724,1669.085,-33.3,-16.2,-87.1,3.43,22
2024-08-03T01:33:40.957Z,4734,39.62609018,-105.00039811,1669.085,-33.2,-16.2,-87.0,3.41,22
2024-08-03T01:33:40.991Z,4735,39.62608970,-105.00039897,1669.085,-33.1,-16.2,-86.9,3.39,22
2024-08-03T01:33:41.024Z,4736,39.62608911,-105.00040009,1669.010,-33.1,-16.2,-86.9,3.35,22
2024-08-03T01:33:41.058Z,4737,39.62608848,-105.00040129,1668.908,-33.2,-16.2,-86.8,3.30,22
2024-08-03T01:33:41.091Z,4738,39.62608785,-105.00040249,1668.806,-33.2,-16.2,-86.7,3.26,22
2024-08-03T01:33:41.124Z,4739,39.62608728,-105.00040359,1668.780,-33.3,-16.2,-86.7,3.23,22
2024-08-03T01:33:41.158Z,4740,39.62608672,-105.00040466,1668.780,-33.4,-16.2,-86.6,3.21,22
2024-08-03T01:33:41.191Z,4741,39.62608616,-105.00040573,1668.780,-33.6,-16.2,-86.6,3.20,22
2024-08-03T01:33:41.224Z,4742,39.62608564,-105.00040677,1668.704,-33.5,-16.2,-86.6,3.16,22
2024-08-03T01:33:41.258Z,4743,39.62608513,-105.00040781,1668.602,-33.3,-16.2,-86.5,3.11,22
2024-08-03T01:33:41.291Z,4744,39.62608462,-105.00040884,1668.501,-33.1,-16.2,-86.4,3.06,22
2024-08-03T01:33:41.324Z,4745,39.62608412,-105.00040980,1668.475,-33.0,-16.2,-86.4,3.02,22
2024-08-03T01:33:41.358Z,4746,39.62608361,-105.00041073,1668.475,-32.8,-16.2,-86.3,2.97,22
2024-08-03T01:33:41.391Z,4747,39.62608311,-105.00041167,1668.475,-32.6,-16.2,-86.2,2.93,22
2024-08-03T01:33:41.425Z,4748,39.62608262,-105.00041268,1668.475,-32.6,-16.2,-86.1,2.90,22
2024-08-03T01:33:41.458Z,4749,39.62608214,-105.00041371,1668.475,-32.6,-16.2,-86.1,2.89,22
2024-08-03T01:33:41.491Z,4750,39.62608165,-105.00041475,1668.475,-32.6,-16.2,-86.0,2.87,22
2024-08-03T01:33:41.525Z,4751,39.62608120,-105.00041571,1668.398,-32.5,-16.2,-85.9,2.83,22
2024-08-03T01:33:41.558Z,4752,39.62608077,-105.00041664,1668.297,-32.5,-16.2,-85.9,2.79,22
2024-08-03T01:33:41.591Z,4753,39.62608033,-105.00041757,1668.195,-32.4,-16.2,-85.8,2.74,22
2024-08-03T01:33:41.625Z,4754,39.62607995,-105.00041853,1668.170,-32.3,-16.2,-85.8,2.72,22
2024-08-03T01:33:41.658Z,4755,39.62607958,-105.00041950,1668.170,-32.3,-16.2,-85.7,2.70,22
2024-08-03T01:33:41.692Z,4756,39.62607921,-105.00042047,1668.170,-32.2,-16.2,-85.7,2.69,22
2024-08-03T01:33:41.725Z,4757,39.62607885,-105.00042139,1668.093,-32.2,-16.2,-85.6,2.67,22
2024-08-03T01:33:41.758Z,4758,39.62607850,-105.00042229,1667.991,-32.1,-16.2,-85.6,2.66,22
2024-08-03T01:33:41.792Z,4759,39.62607814,-105.00042319,1667.890,-32.1,-16.2,-85.5,2.64,22
2024-08-03T01:33:41.825Z,4760,39.62607775,-105.00042419,1667.866,-32.1,-16.2,-85.4,2.65,22
2024-08-03T01:33:41.858Z,4761,39.62607735,-105.00042522,1667.866,-32.1,-16.2,-85.3,2.67,22
2024-08-03T01:33:41.892Z,4762,39.62607695,-105.00042626,1667.866,-32.1,-16.2,-85.2,2.68,22
2024-08-03T01:33:41.925Z,4763,39.62607659,-105.00042722,1667.866,-31.7,-16.2,-85.1,2.74,22
2024-08-03T01:33:41.958Z,4764,39.62607625,-105.00042815,1667.866,-31.2,-16.2,-85.0,2.82,22
2024-08-03T01:33:41.992Z,4765,39.62607590,-105.00042909,1667.866,-30.7,-16.2,-84.9,2.89,22
2024-08-03T01:33:42.025Z,4766,39.62607549,-105.00043015,1667.866,-30.3,-16.2,-84.8,2.99,22
2024-08-03T01:33:42.059Z,4767,39.62607506,-105.00043125,1667.866,-30.0,-16.2,-84.7,3.09,22
2024-08-03T01:33:42.092Z,4768,39.62607463,-105.00043235,1667.866,-29.7,-16.2,-84.5,3.20,22
2024-08-03T01:33:42.125Z,4769,39.62607418,-105.00043353,1667.787,-29.6,-16.2,-84.4,3.30,22
2024-08-03T01:33:42.159Z,4770,39.62607372,-105.00043473,1667.685,-29.5,-16.2,-84.2,3.41,22
2024-08-03T01:33:42.192Z,4771,39.62607326,-105.00043593,1667.584,-29.5,-16.2,-84.0,3.51,22
2024-08-03T01:33:42.225Z,4772,39.62607276,-105.00043724,1667.561,-29.5,-16.2,-83.9,3.59,22
2024-08-03T01:33:42.259Z,4773,39.62607224,-105.00043857,1667.561,-29.4,-16.2,-83.8,3.67,22
2024-08-03T01:33:42.292Z,4774,39.62607172,-105.00043991,1667.561,-29.4,-16.2,-83.6,3.74,22
2024-08-03T01:33:42.325Z,4775,39.62607122,-105.00044121,1667.561,-29.3,-16.2,-83.5,3.82,22
2024-08-03T01:33:42.359Z,4776,39.62607074,-105.00044252,1667.561,-29.2,-16.2,-83.3,3.89,22
2024-08-03T01:33:42.392Z,4777,39.62607026,-105.00044382,1667.561,-29.0,-16.2,-83.1,3.96,22
2024-08-03T01:33:42.426Z,4778,39.62606969,-105.00044530,1667.561,-28.9,-16.2,-83.0,4.04,22
2024-08-03T01:33:42.459Z,4779,39.62606910,-105.00044684,1667.561,-28.7,-16.2,-82.8,4.11,22
2024-08-03T01:33:42.492Z,4780,39.62606851,-105.00044837,1667.561,-28.5,-16.2,-82.6,4.19,22
2024-08-03T01:33:42.526Z,4781,39.62606792,-105.00044990,1667.481,-28.4,-16.2,-82.5,4.24,22
2024-08-03T01:33:42.559Z,4782,39.62606733,-105.00045144,1667.379,-28.2,-16.2,-82.3,4.28,22
2024-08-03T01:33:42.592Z,4783,39.62606674,-105.00045297,1667.278,-28.0,-16.2,-82.1,4.33,22
2024-08-03T01:33:42.626Z,4784,39.62606616,-105.00045454,1667.256,-27.8,-16.2,-82.0,4.40,22
2024-08-03T01:33:42.659Z,4785,39.62606560,-105.00045610,1667.256,-27.6,-16.2,-81.8,4.47,22
2024-08-03T01:33:42.693Z,4786,39.62606503,-105.00045767,1667.256,-27.4,-16.2,-81.6,4.55,22
2024-08-03T01:33:42.726Z,4787,39.62606445,-105.00045924,1667.256,-27.2,-16.2,-81.4,4.61,22
2024-08-03T01:33:42.759Z,4788,39.62606386,-105.00046081,1667.256,-27.0,-16.2,-81.2,4.67,22
2024-08-03T01:33:42.793Z,4789,39.62606327,-105.00046238,1667.256,-26.7,-16.2,-81.0,4.73,22
2024-08-03T01:33:42.826Z,4790,39.62606264,-105.00046410,1667.175,-26.5,-16.2,-80.8,4.80,22
2024-08-03T01:33:42.859Z,4791,39.62606201,-105.00046587,1667.074,-26.3,-16.2,-80.6,4.88,22
2024-08-03T01:33:42.893Z,4792,39.62606137,-105.00046764,1666.972,-26.0,-16.2,-80.3,4.95,22
2024-08-03T01:33:42.926Z,4793,39.62606070,-105.00046949,1666.951,-25.9,-16.2,-80.1,5.01,22
2024-08-03T01:33:42.959Z,4794,39.62606003,-105.00047136,1666.951,-25.7,-16.2,-79.9,5.07,22
2024-08-03T01:33:42.993Z,4795,39.62605935,-105.00047323,1666.951,-25.5,-16.2,-79.6,5.14,22
2024-08-03T01:33:43.026Z,4796,39.62605869,-105.00047512,1666.951,-25.3,-16.2,-79.4,5.20,22
2024-08-03T01:33:43.060Z,4797,39.62605804,-105.00047702,1666.951,-25.0,-16.2,-79.2,5.26,22
2024-08-03T01:33:43.093Z,4798,39.62605738,-105.00047893,1666.951,-24.8,-16.2,-78.9,5.32,22
2024-08-03T01:33:43.126Z,4799,39.62605672,-105.00048083,1666.951,-24.5,-16.2,-78.7,5.37,22
2024-08-03T01:33:43.160Z,4800,39.62605606,-105.00048273,1666.951,-24.3,-16.2,-78.5,5.41,22
2024-08-03T01:33:43.193Z,4801,39.62605540,-105.00048463,1666.951,-24.0,-16.2,-78.2,5.45,22
2024-08-03T01:33:43.226Z,4802,39.62605478,-105.00048648,1666.869,-23.8,-16.2,-78.0,5.51,22
2024-08-03T01:33:43.260Z,4803,39.62605418,-105.00048831,1666.768,-23.6,-16.2,-77.8,5.57,22
2024-08-03T01:33:43.293Z,4804,39.62605358,-105.00049015,1666.666,-23.3,-16.2,-77.5,5.63,22
2024-08-03T01:33:43.326Z,4805,39.62605294,-105.00049223,1666.646,-23.1,-16.2,-77.3,5.70,22
2024-08-03T01:33:43.360Z,4806,39.62605229,-105.00049436,1666.646,-22.9,-16.2,-77.1,5.76,22
2024-08-03T01:33:43.393Z,4807,39.62605164,-105.00049650,1666.646,-22.6,-16.2,-76.8,5.82,22
2024-08-03T01:33:43.427Z,4808,39.62605095,-105.00049872,1666.646,-22.4,-16.2,-76.7,5.86,22
2024-08-03T01:33:43.460Z,4809,39.62605024,-105.00050095,1666.646,-22.1,-16.2,-76.6,5.89,22
2024-08-03T01:33:43.493Z,4810,39.62604954,-105.00050319,1666.646,-21.8,-16.2,-76.4,5.92,22
2024-08-03T01:33:43.527Z,4811,39.62604891,-105.00050539,1666.646,-21.5,-16.2,-76.1,5.97,22
2024-08-03T01:33:43.560Z,4812,39.62604829,-105.00050760,1666.646,-21.3,-16.2,-75.7,6.04,22
2024-08-03T01:33:43.593Z,4813,39.62604767,-105.00050980,1666.646,-21.0,-16.2,-75.4,6.10,22
2024-08-03T01:33:43.627Z,4814,39.62604702,-105.00051206,1666.563,-20.8,-16.2,-75.1,6.13,22
2024-08-03T01:33:43.660Z,4815,39.62604635,-105.00051432,1666.462,-20.6,-16.2,-74.9,6.15,22
2024-08-03T01:33:43.694Z,4816,39.62604569,-105.00051659,1666.360,-20.3,-16.2,-74.6,6.16,22
2024-08-03T01:33:43.727Z,4817,39.62604510,-105.00051878,1666.342,-20.1,-16.2,-74.4,6.19,22
2024-08-03T01:33:43.760Z,4818,39.62604454,-105.00052095,1666.342,-19.9,-16.2,-74.1,6.23,22
2024-08-03T01:33:43.794Z,4819,39.62604397,-105.00052312,1666.342,-19.6,-16.2,-73.8,6.26,22
2024-08-03T01:33:43.827Z,4820,39.62604330,-105.00052564,1666.342,-19.4,-16.2,-73.6,6.31,22
2024-08-03T01:33:43.860Z,4821,39.62604260,-105.00052825,1666.342,-19.1,-16.2,-73.4,6.38,22
2024-08-03T01:33:43.894Z,4822,39.62604191,-105.00053085,1666.342,-18.8,-16.2,-73.1,6.44,22
2024-08-03T01:33:43.927Z,4823,39.62604139,-105.00053285,1666.342,-18.6,-16.2,-72.9,6.47,22
2024-08-03T01:33:43.960Z,4824,39.62604090,-105.00053471,1666.342,-18.3,-16.2,-72.6,6.49,22
2024-08-03T01:33:43.994Z,4825,39.62604041,-105.00053658,1666.342,-18.0,-16.2,-72.3,6.51,22
2024-08-03T01:33:44.027Z,4826,39.62603978,-105.00053914,1666.257,-17.8,-16.2,-72.1,6.54,22
2024-08-03T01:33:44.061Z,4827,39.62603912,-105.00054185,1666.155,-17.5,-16.2,-71.8,6.57,22
2024-08-03T01:33:44.094Z,4828,39.62603846,-105.00054455,1666.054,-17.2,-16.2,-71.5,6.60,22
2024-08-03T01:33:44.127Z,4829,39.62603783,-105.00054720,1666.037,-16.9,-16.2,-71.2,6.65,22
2024-08-03T01:33:44.161Z,4830,39.62603721,-105.00054983,1666.037,-16.6,-16.2,-70.9,6.71,22
2024-08-03T01:33:44.194Z,4831,39.62603659,-105.00055247,1666.037,-16.3,-16.2,-70.6,6.76,22
2024-08-03T01:33:44.227Z,4832,39.62603602,-105.00055505,1666.037,-16.0,-16.2,-70.3,6.79,22
2024-08-03T01:33:44.261Z,4833,39.62603545,-105.00055762,1666.037,-15.7,-16.2,-70.0,6.81,22
2024-08-03T01:33:44.294Z,4834,39.62603488,-105.00056019,1666.037,-15.4,-16.2,-69.7,6.84,22
2024-08-03T01:33:44.327Z,4835,39.62603433,-105.00056270,1666.037,-15.0,-16.2,-69.4,6.90,22
2024-08-03T01:33:44.361Z,4836,39.62603377,-105.00056520,1666.037,-14.7,-16.2,-69.1,6.96,22
2024-08-03T01:33:44.394Z,4837,39.62603322,-105.00056770,1666.037,-14.4,-16.2,-68.8,7.02,22
2024-08-03T01:33:44.428Z,4838,39.62603270,-105.00057024,1665.951,-14.1,-16.2,-68.4,7.05,22
2024-08-03T01:33:44.461Z,4839,39.62603218,-105.00057277,1665.849,-13.8,-16.2,-68.1,7.08,22
2024-08-03T01:33:44.494Z,4840,39.62603167,-105.00057531,1665.748,-13.5,-16.2,-67.8,7.10,22
2024-08-03T01:33:44.528Z,4841,39.62603117,-105.00057824,1665.732,-13.1,-16.2,-67.4,7.15,22
2024-08-03T01:33:44.561Z,4842,39.62603067,-105.00058124,1665.732,-12.8,-16.2,-67.1,7.21,22
2024-08-03T01:33:44.594Z,4843,39.62603017,-105.00058424,1665.732,-12.5,-16.2,-66.8,7.27,22
2024-08-03T01:33:44.628Z,4844,39.62602968,-105.00058702,1665.732,-12.1,-16.2,-66.5,7.30,22
2024-08-03T01:33:44.661Z,4845,39.62602920,-105.00058976,1665.732,-11.8,-16.2,-66.2,7.33,22
2024-08-03T01:33:44.695Z,4846,39.62602872,-105.00059249,1665.732,-11.4,-16.2,-65.8,7.35,22
2024-08-03T01:33:44.728Z,4847,39.62602830,-105.00059520,1665.732,-11.1,-16.2,-65.7,7.38,22
2024-08-03T01:33:44.761Z,4848,39.62602788,-105.00059790,1665.732,-10.8,-16.2,-65.5,7.40,22
2024-08-03T01:33:44.795Z,4849,39.62602746,-105.00060061,1665.732,-10.5,-16.2,-65.3,7.43,22
2024-08-03T01:33:44.828Z,4850,39.62602705,-105.00060348,1665.645,-10.2,-16.2,-64.9,7.46,22
2024-08-03T01:33:44.861Z,4851,39.62602663,-105.00060638,1665.543,-9.8,-16.2,-64.4,7.48,22
2024-08-03T01:33:44.895Z,4852,39.62602622,-105.00060928,1665.442,-9.4,-16.2,-63.9,7.51,22
2024-08-03T01:33:44.928Z,4853,39.62602583,-105.00061230,1665.427,-9.1,-16.2,-63.5,7.54,22
2024-08-03T01:33:44.961Z,4854,39.62602545,-105.00061534,1665.427,-8.8,-16.2,-63.2,7.56,22
2024-08-03T01:33:44.995Z,4855,39.62602507,-105.00061837,1665.427,-8.5,-16.2,-62.9,7.59,22
2024-08-03T01:33:45.028Z,4856,39.62602470,-105.00062133,1665.427,-8.2,-16.2,-62.6,7.62,22
2024-08-03T01:33:45.062Z,4857,39.62602432,-105.00062426,1665.427,-7.9,-16.2,-62.3,7.65,22
2024-08-03T01:33:45.095Z,4858,39.62602394,-105.00062720,1665.427,-7.5,-16.2,-61.9,7.68,22
2024-08-03T01:33:45.128Z,4859,39.62602367,-105.00062982,1665.427,-7.2,-16.2,-61.6,7.70,22
2024-08-03T01:33:45.162Z,4860,39.62602342,-105.00063239,1665.427,-6.9,-16.2,-61.3,7.73,22
2024-08-03T01:33:45.195Z,4861,39.62602316,-105.00063496,1665.427,-6.6,-16.2,-61.0,7.76,22
2024-08-03T01:33:45.228Z,4862,39.62602288,-105.00063807,1665.427,-6.3,-16.2,-60.7,7.79,22
2024-08-03T01:33:45.262Z,4863,39.62602259,-105.00064128,1665.427,-6.0,-16.2,-60.4,7.82,22
2024-08-03T01:33:45.295Z,4864,39.62602230,-105.00064448,1665.427,-5.6,-16.2,-60.0,7.85,22
2024-08-03T01:33:45.328Z,4865,39.62602203,-105.00064763,1665.339,-5.3,-16.2,-59.7,7.87,22
2024-08-03T01:33:45.362Z,4866,39.62602175,-105.00065076,1665.237,-5.0,-16.2,-59.4,7.90,22
2024-08-03T01:33:45.395Z,4867,39.62602148,-105.00065390,1665.135,-4.7,-16.2,-59.1,7.93,22
2024-08-03T01:33:45.429Z,4868,39.62602126,-105.00065715,1665.122,-4.4,-16.2,-59.0,7.96,22
2024-08-03T01:33:45.462Z,4869,39.62602103,-105.00066042,1665.122,-4.1,-16.2,-58.8,7.99,22
2024-08-03T01:33:45.495Z,4870,39.62602081,-105.00066369,1665.122,-3.7,-16.2,-58.6,8.02,22
2024-08-03T01:33:45.529Z,4871,39.62602061,-105.00066673,1665.122,-3.4,-16.2,-58.3,8.05,22
2024-08-03T01:33:45.562Z,4872,39.62602041,-105.00066973,1665.122,-3.1,-16.2,-58.0,8.08,22
2024-08-03T01:33:45.595Z,4873,39.62602021,-105.00067273,1665.122,-2.8,-16.2,-57.7,8.11,22
2024-08-03T01:33:45.629Z,4874,39.62602007,-105.00067591,1665.122,-2.5,-16.2,-57.3,8.11,22
2024-08-03T01:33:45.662Z,4875,39.62601994,-105.00067912,1665.122,-2.2,-16.2,-56.9,8.11,22
2024-08-03T01:33:45.696Z,4876,39.62601981,-105.00068232,1665.122,-1.9,-16.2,-56.5,8.11,22
2024-08-03T01:33:45.729Z,4877,39.62601968,-105.00068532,1665.122,-1.7,-16.2,-56.1,8.14,22
2024-08-03T01:33:45.762Z,4878,39.62601955,-105.00068829,1665.122,-1.4,-16.2,-55.8,8.17,22
2024-08-03T01:33:45.796Z,4879,39.62601942,-105.00069126,1665.122,-1.1,-16.2,-55.5,8.20,22
2024-08-03T01:33:45.829Z,4880,39.62601931,-105.00069473,1665.032,-0.8,-16.2,-55.2,8.23,22
2024-08-03T01:33:45.862Z,4881,39.62601922,-105.00069826,1664.931,-0.4,-16.2,-54.9,8.27,22
2024-08-03T01:33:45.896Z,4882,39.62601912,-105.00070180,1664.829,-0.0,-16.2,-54.6,8.30,22
2024-08-03T01:33:45.929Z,4883,39.62601912,-105.00070495,1664.818,0.2,-16.2,-54.3,8.30,22
2024-08-03T01:33:45.962Z,4884,39.62601914,-105.00070806,1664.818,0.5,-16.2,-54.0,8.30,22
2024-08-03T01:33:45.996Z,4885,39.62601916,-105.00071116,1664.818,0.8,-16.2,-53.7,8.30,22
2024-08-03T01:33:46.029Z,4886,39.62601917,-105.00071438,1664.818,1.0,-16.2,-53.5,8.33,22
2024-08-03T01:33:46.063Z,4887,39.62601917,-105.00071762,1664.818,1.3,-16.2,-53.2,8.36,22
2024-08-03T01:33:46.096Z,4888,39.62601918,-105.00072085,1664.818,1.6,-16.2,-52.9,8.40,22
2024-08-03T01:33:46.129Z,4889,39.62601922,-105.00072415,1664.818,1.9,-16.2,-52.6,8.40,22
2024-08-03T01:33:46.163Z,4890,39.62601926,-105.00072745,1664.818,2.2,-16.2,-52.3,8.40,22
2024-08-03T01:33:46.196Z,4891,39.62601930,-105.00073076,1664.818,2.5,-16.2,-52.0,8.40,22
2024-08-03T01:33:46.229Z,4892,39.62601937,-105.00073406,1664.818,2.8,-16.2,-51.7,8.43,22
2024-08-03T01:33:46.263Z,4893,39.62601945,-105.00073736,1664.818,3.1,-16.2,-51.4,8.47,22
2024-08-03T01:33:46.296Z,4894,39.62601952,-105.00074067,1664.818,3.5,-16.2,-51.1,8.50,22
2024-08-03T01:33:46.329Z,4895,39.62601966,-105.00074385,1664.726,3.8,-16.2,-50.8,8.51,22
2024-08-03T01:33:46.363Z,4896,39.62601981,-105.00074702,1664.624,4.1,-16.2,-50.5,8.51,22
2024-08-03T01:33:46.396Z,4897,39.62601996,-105.00075019,1664.523,4.4,-16.2,-50.2,8.51,22
2024-08-03T01:33:46.430Z,4898,39.62602014,-105.00075366,1664.513,4.6,-16.2,-49.9,8.54,22
2024-08-03T01:33:46.463Z,4899,39.62602032,-105.00075716,1664.513,4.8,-16.2,-49.6,8.58,22
2024-08-03T01:33:46.496Z,4900,39.62602050,-105.00076067,1664.513,5.1,-16.2,-49.2,8.61,22
2024-08-03T01:33:46.530Z,4901,39.62602070,-105.00076402,1664.513,5.3,-16.2,-49.1,8.62,22
2024-08-03T01:33:46.563Z,4902,39.62602090,-105.00076736,1664.513,5.6,-16.2,-48.9,8.62,22
2024-08-03T01:33:46.596Z,4903,39.62602110,-105.00077069,1664.513,5.9,-16.2,-48.8,8.63,22
2024-08-03T01:33:46.630Z,4904,39.62602135,-105.00077406,1664.513,6.3,-16.2,-48.4,8.63,22
2024-08-03T01:33:46.663Z,4905,39.62602160,-105.00077743,1664.513,6.7,-16.2,-47.9,8.63,22
2024-08-03T01:33:46.697Z,4906,39.62602185,-105.00078080,1664.513,7.1,-16.2,-47.4,8.64,22
2024-08-03T01:33:46.730Z,4907,39.62602211,-105.00078402,1664.513,7.4,-16.2,-47.1,8.67,22
2024-08-03T01:33:46.763Z,4908,39.62602237,-105.00078722,1664.513,7.7,-16.2,-46.8,8.71,22
2024-08-03T01:33:46.797Z,4909,39.62602263,-105.00079042,1664.513,8.1,-16.2,-46.4,8.75,22
2024-08-03T01:33:46.830Z,4910,39.62602295,-105.00079381,1664.513,8.4,-16.2,-46.1,8.76,22
2024-08-03T01:33:46.863Z,4911,39.62602328,-105.00079721,1664.513,8.7,-16.2,-45.8,8.76,22
2024-08-03T01:33:46.897Z,4912,39.62602361,-105.00080062,1664.513,9.0,-16.2,-45.5,8.77,22
2024-08-03T01:33:46.930Z,4913,39.62602399,-105.00080417,1664.513,9.3,-16.2,-45.2,8.78,22
2024-08-03T01:33:46.963Z,4914,39.62602438,-105.00080774,1664.513,9.6,-16.2,-44.9,8.79,22
2024-08-03T01:33:46.997Z,4915,39.62602476,-105.00081131,1664.513,10.0,-16.2,-44.5,8.80,22
2024-08-03T01:33:47.030Z,4916,39.62602516,-105.00081476,1664.419,10.3,-16.2,-44.2,8.80,22
2024-08-03T01:33:47.064Z,4917,39.62602555,-105.00081820,1664.318,10.6,-16.2,-43.9,8.81,22
2024-08-03T01:33:47.097Z,4918,39.62602595,-105.00082164,1664.216,10.9,-16.2,-43.6,8.81,22
2024-08-03T01:33:47.130Z,4919,39.62602645,-105.00082501,1664.208,11.2,-16.2,-43.3,8.82,22
2024-08-03T01:33:47.164Z,4920,39.62602697,-105.00082838,1664.208,11.5,-16.2,-43.0,8.82,22
2024-08-03T01:33:47.197Z,4921,39.62602748,-105.00083175,1664.208,11.8,-16.2,-42.7,8.83,22
2024-08-03T01:33:47.230Z,4922,39.62602805,-105.00083512,1664.208,12.1,-16.2,-42.4,8.84,22
2024-08-03T01:33:47.264Z,4923,39.62602861,-105.00083849,1664.208,12.4,-16.2,-42.1,8.85,22
2024-08-03T01:33:47.297Z,4924,39.62602918,-105.00084186,1664.208,12.7,-16.2,-41.8,8.86,22
2024-08-03T01:33:47.330Z,4925,39.62602971,-105.00084511,1664.208,13.0,-16.2,-41.5,8.87,22
2024-08-03T01:33:47.364Z,4926,39.62603023,-105.00084834,1664.208,13.3,-16.2,-41.2,8.88,22
2024-08-03T01:33:47.397Z,4927,39.62603075,-105.00085158,1664.208,13.6,-16.2,-40.9,8.88,22
2024-08-03T01:33:47.431Z,4928,39.62603137,-105.00085513,1664.208,13.9,-16.2,-40.8,8.90,22
2024-08-03T01:33:47.464Z,4929,39.62603200,-105.00085870,1664.208,14.2,-16.2,-40.6,8.91,22
2024-08-03T01:33:47.497Z,4930,39.62603263,-105.00086227,1664.208,14.5,-16.2,-40.5,8.93,22
2024-08-03T01:33:47.531Z,4931,39.62603328,-105.00086568,1664.208,14.8,-16.2,-40.1,8.93,22
2024-08-03T01:33:47.564Z,4932,39.62603394,-105.00086909,1664.208,15.1,-16.2,-39.6,8.94,22
2024-08-03T01:33:47.597Z,4933,39.62603459,-105.00087249,1664.208,15.4,-16.2,-39.1,8.95,22
2024-08-03T01:33:47.631Z,4934,39.62603527,-105.00087586,1664.113,15.7,-16.2,-38.8,8.97,22
2024-08-03T01:33:47.664Z,4935,39.62603596,-105.00087923,1664.011,16.0,-16.2,-38.5,8.98,22
2024-08-03T01:33:47.698Z,4936,39.62603665,-105.00088260,1663.909,16.3,-16.2,-38.2,9.00,22
2024-08-03T01:33:47.731Z,4937,39.62603736,-105.00088585,1663.903,16.6,-16.2,-37.9,9.01,22
2024-08-03T01:33:47.764Z,4938,39.62603806,-105.00088908,1663.903,16.9,-16.2,-37.6,9.02,22
2024-08-03T01:33:47.798Z,4939,39.62603877,-105.00089232,1663.903,17.2,-16.2,-37.3,9.02,22
2024-08-03T01:33:47.831Z,4940,39.62603954,-105.00089568,1663.903,17.5,-16.2,-37.0,9.04,22
2024-08-03T01:33:47.864Z,4941,39.62604031,-105.00089905,1663.903,17.7,-16.2,-36.7,9.06,22
2024-08-03T01:33:47.898Z,4942,39.62604109,-105.00090242,1663.903,18.0,-16.2,-36.4,9.08,22
2024-08-03T01:33:47.931Z,4943,39.62604194,-105.00090595,1663.903,18.3,-16.2,-36.1,9.06,22
2024-08-03T01:33:47.964Z,4944,39.62604279,-105.00090949,1663.903,18.7,-16.2,-35.8,9.04,22
2024-08-03T01:33:47.998Z,4945,39.62604364,-105.00091302,1663.903,19.1,-16.2,-35.4,9.01,22
2024-08-03T01:33:48.031Z,4946,39.62604453,-105.00091656,1663.903,19.4,-16.2,-35.1,9.03,22
2024-08-03T01:33:48.065Z,4947,39.62604543,-105.00092010,1663.903,19.8,-16.2,-34.7,9.05,22
2024-08-03T01:33:48.098Z,4948,39.62604633,-105.00092363,1663.903,20.2,-16.2,-34.4,9.07,22
2024-08-03T01:33:48.131Z,4949,39.62604718,-105.00092685,1663.806,20.5,-16.2,-34.1,9.09,22
2024-08-03T01:33:48.165Z,4950,39.62604804,-105.00093006,1663.705,20.9,-16.2,-33.7,9.10,22
2024-08-03T01:33:48.198Z,4951,39.62604889,-105.00093326,1663.603,21.3,-16.2,-33.3,9.11,22
2024-08-03T01:33:48.231Z,4952,39.62604975,-105.00093630,1663.598,21.6,-16.2,-32.9,9.10,22
2024-08-03T01:33:48.265Z,4953,39.62605060,-105.00093934,1663.598,22.0,-16.2,-32.6,9.09,22
2024-08-03T01:33:48.298Z,4954,39.62605145,-105.00094238,1663.598,22.3,-16.2,-32.2,9.08,22
2024-08-03T01:33:48.331Z,4955,39.62605256,-105.00094586,1663.598,22.7,-16.2,-31.8,9.11,22
2024-08-03T01:33:48.365Z,4956,39.62605367,-105.00094936,1663.598,23.1,-16.2,-31.5,9.13,22
2024-08-03T01:33:48.398Z,4957,39.62605478,-105.00095287,1663.598,23.5,-16.2,-31.1,9.15,22
2024-08-03T01:33:48.432Z,4958,39.62605590,-105.00095634,1663.598,23.8,-16.2,-30.8,9.17,22
2024-08-03T01:33:48.465Z,4959,39.62605701,-105.00095981,1663.598,24.1,-16.2,-30.4,9.18,22
2024-08-03T01:33:48.498Z,4960,39.62605813,-105.00096328,1663.598,24.4,-16.2,-30.1,9.19,22
2024-08-03T01:33:48.532Z,4961,39.62605924,-105.00096656,1663.598,24.7,-16.2,-29.7,9.19,22
2024-08-03T01:33:48.565Z,4962,39.62606034,-105.00096983,1663.598,25.1,-16.2,-29.4,9.18,22
2024-08-03T01:33:48.598Z,4963,39.62606144,-105.00097310,1663.598,25.4,-16.2,-29.0,9.18,22
2024-08-03T01:33:48.632Z,4964,39.62606248,-105.00097604,1663.598,25.8,-16.2,-28.6,9.16,22
2024-08-03T01:33:48.665Z,4965,39.62606352,-105.00097898,1663.598,26.3,-16.2,-28.3,9.15,22
2024-08-03T01:33:48.699Z,4966,39.62606456,-105.00098191,1663.598,26.7,-16.2,-27.9,9.13,22
2024-08-03T01:33:48.732Z,4967,39.62606583,-105.00098534,1663.500,27.1,-16.2,-27.7,9.16,22
2024-08-03T01:33:48.765Z,4968,39.62606712,-105.00098877,1663.398,27.5,-16.2,-27.5,9.18,22
2024-08-03T01:33:48.799Z,4969,39.62606840,-105.00099221,1663.296,27.9,-16.2,-27.3,9.21,22
2024-08-03T01:33:48.832Z,4970,39.62606966,-105.00099542,1663.294,28.3,-16.2,-26.8,9.21,22
2024-08-03T01:33:48.865Z,4971,39.62607091,-105.00099862,1663.294,28.6,-16.2,-26.2,9.21,22
2024-08-03T01:33:48.899Z,4972,39.62607217,-105.00100183,1663.294,29.0,-16.2,-25.7,9.21,22
2024-08-03T01:33:48.932Z,4973,39.62607356,-105.00100523,1663.294,29.3,-16.2,-25.3,9.20,22
2024-08-03T01:33:48.965Z,4974,39.62607494,-105.00100863,1663.294,29.7,-16.2,-25.0,9.19,22
2024-08-03T01:33:48.999Z,4975,39.62607633,-105.00101203,1663.294,30.0,-16.2,-24.6,9.17,22
2024-08-03T01:33:49.032Z,4976,39.62607756,-105.00101491,1663.294,30.4,-16.2,-24.2,9.17,22
2024-08-03T01:33:49.066Z,4977,39.62607878,-105.00101778,1663.294,30.7,-16.2,-23.9,9.18,22
2024-08-03T01:33:49.099Z,4978,39.62608000,-105.00102065,1663.294,31.1,-16.2,-23.5,9.18,22
2024-08-03T01:33:49.132Z,4979,39.62608151,-105.00102411,1663.294,31.5,-16.2,-23.3,9.21,22
2024-08-03T01:33:49.166Z,4980,39.62608303,-105.00102758,1663.294,31.8,-16.2,-23.1,9.24,22
2024-08-03T01:33:49.199Z,4981,39.62608455,-105.00103105,1663.294,32.2,-16.2,-22.9,9.28,22
2024-08-03T01:33:49.232Z,4982,39.62608599,-105.00103419,1663.294,32.6,-16.2,-22.4,9.27,22
2024-08-03T01:33:49.266Z,4983,39.62608744,-105.00103733,1663.294,33.0,-16.2,-21.8,9.26,22
2024-08-03T01:33:49.299Z,4984,39.62608888,-105.00104047,1663.294,33.4,-16.2,-21.3,9.24,22
2024-08-03T01:33:49.333Z,4985,39.62609024,-105.00104330,1663.193,33.7,-16.2,-20.9,9.25,22
2024-08-03T01:33:49.366Z,4986,39.62609159,-105.00104614,1663.091,34.1,-16.2,-20.6,9.26,22
2024-08-03T01:33:49.399Z,4987,39.62609294,-105.00104898,1662.990,34.4,-16.2,-20.2,9.26,22
2024-08-03T01:33:49.433Z,4988,39.62609453,-105.00105214,1662.989,34.8,-16.2,-19.8,9.26,22
2024-08-03T01:33:49.466Z,4989,39.62609611,-105.00105531,1662.989,35.1,-16.2,-19.5,9.25,22
2024-08-03T01:33:49.499Z,4990,39.62609770,-105.00105848,1662.989,35.5,-16.2,-19.1,9.24,22
2024-08-03T01:33:49.533Z,4991,39.62609907,-105.00106106,1662.989,35.9,-16.2,-18.7,9.25,22
2024-08-03T01:33:49.566Z,4992,39.62610043,-105.00106363,1662.989,36.2,-16.2,-18.4,9.26,22
2024-08-03T01:33:49.599Z,4993,39.62610180,-105.00106619,1662.989,36.6,-16.2,-18.0,9.27,22
2024-08-03T01:33:49.633Z,4994,39.62610369,-105.00106960,1662.989,37.1,-16.2,-18.0,9.26,22
2024-08-03T01:33:49.666Z,4995,39.62610558,-105.00107300,1662.989,37.5,-16.2,-18.0,9.25,22
2024-08-03T01:33:49.700Z,4996,39.62610747,-105.00107640,1662.989,38.0,-16.2,-18.0,9.24,22
2024-08-03T01:33:49.733Z,4997,39.62610904,-105.00107921,1662.989,38.3,-16.2,-17.3,9.25,22
2024-08-03T01:33:49.766Z,4998,39.62611060,-105.00108201,1662.989,38.6,-16.2,-16.5,9.27,22
2024-08-03T01:33:49.800Z,4999,39.62611217,-105.00108481,1662.989,38.9,-16.2,-15.8,9.28,22
2024-08-03T01:33:49.833Z,5000,39.62611387,-105.00108768,1662.989,39.2,-16.2,-15.4,9.27,22
2024-08-03T01:33:49.866Z,5001,39.62611556,-105.00109055,1662.989,39.5,-16.2,-15.1,9.27,22
2024-08-03T01:33:49.900Z,5002,39.62611726,-105.00109342,1662.988,39.8,-16.2,-14.7,9.26,22
2024-08-03T01:33:49.933Z,5003,39.62611914,-105.00109639,1662.886,40.2,-16.2,-14.4,9.26,22
2024-08-03T01:33:49.966Z,5004,39.62612102,-105.00109936,1662.785,40.6,-16.2,-14.0,9.25,22
2024-08-03T01:33:50.000Z,5005,39.62612290,-105.00110233,1662.684,41.0,-16.2,-13.7,9.25,22
2024-08-03T01:33:50.033Z,5006,39.62612468,-105.00110513,1662.684,41.3,-16.2,-13.3,9.26,22
2024-08-03T01:33:50.067Z,5007,39.62612647,-105.00110793,1662.684,41.7,-16.2,-13.0,9.28,22
2024-08-03T01:33:50.100Z,5008,39.62612825,-105.00111074,1662.684,42.0,-16.2,-12.6,9.30,22
2024-08-03T01:33:50.133Z,5009,39.62613009,-105.00111347,1662.684,42.3,-16.2,-12.4,9.29,22
2024-08-03T01:33:50.167Z,5010,39.62613192,-105.00111621,1662.684,42.7,-16.2,-12.3,9.29,22
2024-08-03T01:33:50.200Z,5011,39.62613376,-105.00111894,1662.684,43.0,-16.2,-12.1,9.28,22
2024-08-03T01:33:50.233Z,5012,39.62613543,-105.00112134,1662.684,43.4,-16.2,-11.6,9.26,22
2024-08-03T01:33:50.267Z,5013,39.62613711,-105.00112374,1662.684,43.9,-16.2,-11.0,9.23,22
2024-08-03T01:33:50.300Z,5014,39.62613879,-105.00112615,1662.684,44.3,-16.2,-10.5,9.20,22
2024-08-03T01:33:50.334Z,5015,39.62614077,-105.00112892,1662.684,44.6,-16.2,-10.1,9.20,22
2024-08-03T01:33:50.367Z,5016,39.62614276,-105.00113169,1662.684,44.9,-16.2,-9.8,9.20,22
2024-08-03T01:33:50.400Z,5017,39.62614475,-105.00113446,1662.682,45.2,-16.2,-9.4,9.20,22
2024-08-03T01:33:50.434Z,5018,39.62614679,-105.00113720,1662.580,45.6,-16.2,-9.0,9.22,22
2024-08-03T01:33:50.467Z,5019,39.62614884,-105.00113993,1662.478,46.0,-16.2,-8.7,9.24,22
2024-08-03T01:33:50.500Z,5020,39.62615089,-105.00114266,1662.379,46.4,-16.2,-8.3,9.26,22
2024-08-03T01:33:50.534Z,5021,39.62615277,-105.00114510,1662.379,46.8,-16.2,-8.0,9.24,22
2024-08-03T01:33:50.567Z,5022,39.62615465,-105.00114753,1662.379,47.2,-16.2,-7.6,9.22,22
2024-08-03T01:33:50.600Z,5023,39.62615653,-105.00114997,1662.379,47.6,-16.2,-7.3,9.19,22
2024-08-03T01:33:50.634Z,5024,39.62615845,-105.00115234,1662.379,47.9,-16.2,-7.0,9.19,22
2024-08-03T01:33:50.667Z,5025,39.62616036,-105.00115470,1662.379,48.2,-16.2,-6.6,9.20,22
2024-08-03T01:33:50.701Z,5026,39.62616227,-105.00115708,1662.379,48.5,-16.2,-6.3,9.20,22
2024-08-03T01:33:50.734Z,5027,39.62616433,-105.00115951,1662.379,48.7,-16.2,-5.9,9.18,22
2024-08-03T01:33:50.767Z,5028,39.62616638,-105.00116195,1662.379,48.9,-16.2,-5.6,9.15,22
2024-08-03T01:33:50.801Z,5029,39.62616844,-105.00116439,1662.379,49.1,-16.2,-5.2,9.14,22
2024-08-03T01:33:50.834Z,5030,39.62617083,-105.00116709,1662.379,49.4,-16.2,-4.9,9.14,22
2024-08-03T01:33:50.867Z,5031,39.62617321,-105.00116980,1662.379,49.7,-16.2,-4.5,9.14,22
2024-08-03T01:33:50.901Z,5032,39.62617558,-105.00117247,1662.379,50.0,-16.2,-4.2,9.14,22
2024-08-03T01:33:50.934Z,5033,39.62617740,-105.00117448,1662.379,50.3,-16.2,-3.9,9.13,22
2024-08-03T01:33:50.967Z,5034,39.62617922,-105.00117648,1662.379,50.7,-16.2,-3.6,9.11,22
2024-08-03T01:33:51.001Z,5035,39.62618106,-105.00117850,1662.379,51.0,-16.2,-3.3,9.09,22
2024-08-03T01:33:51.034Z,5036,39.62618338,-105.00118097,1662.379,51.3,-16.2,-3.0,9.07,22
2024-08-03T01:33:51.068Z,5037,39.62618570,-105.00118344,1662.379,51.7,-16.2,-2.6,9.05,22
2024-08-03T01:33:51.101Z,5038,39.62618801,-105.00118590,1662.379,52.0,-16.2,-2.3,9.03,22
2024-08-03T01:33:51.134Z,5039,39.62619018,-105.00118817,1662.379,52.3,-16.2,-2.1,9.03,22
2024-08-03T01:33:51.168Z,5040,39.62619234,-105.00119044,1662.379,52.7,-16.2,-2.0,9.04,22
2024-08-03T01:33:51.201Z,5041,39.62619451,-105.00119270,1662.375,53.0,-16.2,-1.8,9.04,22
2024-08-03T01:33:51.234Z,5042,39.62619666,-105.00119483,1662.273,53.4,-16.2,-1.3,9.00,22
2024-08-03T01:33:51.268Z,5043,39.62619881,-105.00119697,1662.171,53.8,-16.2,-0.8,8.96,22
2024-08-03T01:33:51.301Z,5044,39.62620096,-105.00119910,1662.074,54.1,-16.2,-0.3,8.92,22
2024-08-03T01:33:51.335Z,5045,39.62620305,-105.00120107,1662.074,54.5,-16.2,0.1,8.91,22
2024-08-03T01:33:51.368Z,5046,39.62620515,-105.00120303,1662.074,54.8,-16.2,0.4,8.89,22
2024-08-03T01:33:51.401Z,5047,39.62620725,-105.00120501,1662.074,55.1,-16.2,0.7,8.88,22
2024-08-03T01:33:51.435Z,5048,39.62620955,-105.00120715,1662.074,55.5,-16.2,0.9,8.89,22
2024-08-03T01:33:51.468Z,5049,39.62621185,-105.00120928,1662.074,55.8,-16.2,1.0,8.90,22
2024-08-03T01:33:51.501Z,5050,39.62621415,-105.00121141,1662.074,56.1,-16.2,1.2,8.90,22
2024-08-03T01:33:51.535Z,5051,39.62621631,-105.00121341,1662.074,56.5,-16.2,1.8,8.87,22
2024-08-03T01:33:51.568Z,5052,39.62621847,-105.00121541,1662.074,56.8,-16.2,2.3,8.83,22
2024-08-03T01:33:51.601Z,5053,39.62622064,-105.00121741,1662.074,57.1,-16.2,2.8,8.79,22
2024-08-03T01:33:51.635Z,5054,39.62622285,-105.00121931,1662.074,57.5,-16.2,3.0,8.80,22
2024-08-03T01:33:51.668Z,5055,39.62622506,-105.00122121,1662.074,57.9,-16.2,3.1,8.81,22
2024-08-03T01:33:51.702Z,5056,39.62622727,-105.00122311,1662.074,58.2,-16.2,3.3,8.82,22
2024-08-03T01:33:51.735Z,5057,39.62622941,-105.00122491,1662.074,58.6,-16.2,3.9,8.80,22
2024-08-03T01:33:51.768Z,5058,39.62623155,-105.00122671,1662.074,59.0,-16.2,4.4,8.78,22
2024-08-03T01:33:51.802Z,5059,39.62623369,-105.00122852,1662.074,59.4,-16.2,4.9,8.76,22
2024-08-03T01:33:51.835Z,5060,39.62623594,-105.00123032,1662.074,59.8,-16.2,5.3,8.73,22
2024-08-03T01:33:51.868Z,5061,39.62623818,-105.00123212,1662.074,60.2,-16.2,5.6,8.69,22
2024-08-03T01:33:51.902Z,5062,39.62624043,-105.00123393,1662.068,60.5,-16.2,5.9,8.66,22
2024-08-03T01:33:51.935Z,5063,39.62624279,-105.00123579,1661.966,60.9,-16.2,6.1,8.67,22
2024-08-03T01:33:51.968Z,5064,39.62624515,-105.00123766,1661.864,61.3,-16.2,6.2,8.68,22
2024-08-03T01:33:52.002Z,5065,39.62624750,-105.00123951,1661.770,61.6,-16.2,6.4,8.69,22
2024-08-03T01:33:52.035Z,5066,39.62624964,-105.00124115,1661.770,62.0,-16.2,7.0,8.66,22
2024-08-03T01:33:52.069Z,5067,39.62625178,-105.00124278,1661.770,62.4,-16.2,7.5,8.63,22
2024-08-03T01:33:52.102Z,5068,39.62625394,-105.00124442,1661.770,62.7,-16.2,8.0,8.60,22
2024-08-03T01:33:52.135Z,5069,39.62625642,-105.00124613,1661.770,63.1,-16.2,8.4,8.61,22
2024-08-03T01:33:52.169Z,5070,39.62625891,-105.00124783,1661.770,63.5,-16.2,8.8,8.62,22
2024-08-03T01:33:52.202Z,5071,39.62626137,-105.00124952,1661.762,63.8,-16.2,9.1,8.64,22
2024-08-03T01:33:52.235Z,5072,39.62626366,-105.00125109,1661.660,64.1,-16.2,9.5,8.63,22
2024-08-03T01:33:52.269Z,5073,39.62626595,-105.00125266,1661.558,64.4,-16.2,9.9,8.63,22
2024-08-03T01:33:52.302Z,5074,39.62626824,-105.00125422,1661.465,64.7,-16.2,10.3,8.63,22
2024-08-03T01:33:52.336Z,5075,39.62627048,-105.00125568,1661.465,65.1,-16.2,10.7,8.60,22
2024-08-03T01:33:52.369Z,5076,39.62627272,-105.00125715,1661.465,65.5,-16.2,11.1,8.57,22
2024-08-03T01:33:52.402Z,5077,39.62627498,-105.00125862,1661.465,65.8,-16.2,11.4,8.54,22
2024-08-03T01:33:52.436Z,5078,39.62627745,-105.00126012,1661.465,66.3,-16.2,11.8,8.56,22
2024-08-03T01:33:52.469Z,5079,39.62627992,-105.00126163,1661.465,66.7,-16.2,12.2,8.58,22
2024-08-03T01:33:52.502Z,5080,39.62628235,-105.00126310,1661.465,67.1,-16.2,12.5,8.59,22
2024-08-03T01:33:52.536Z,5081,39.62628433,-105.00126423,1661.465,67.5,-16.2,12.7,8.56,22
2024-08-03T01:33:52.569Z,5082,39.62628632,-105.00126537,1661.465,67.9,-16.2,12.9,8.53,22
2024-08-03T01:33:52.602Z,5083,39.62628837,-105.00126653,1661.456,68.2,-16.2,13.2,8.51,22
2024-08-03T01:33:52.636Z,5084,39.62629114,-105.00126803,1661.354,68.6,-16.2,13.8,8.51,22
2024-08-03T01:33:52.669Z,5085,39.62629390,-105.00126954,1661.252,69.0,-16.2,14.4,8.52,22
2024-08-03T01:33:52.703Z,5086,39.62629664,-105.00127101,1661.160,69.3,-16.2,14.9,8.52,22
2024-08-03T01:33:52.736Z,5087,39.62629911,-105.00127225,1661.160,69.7,-16.2,15.3,8.50,22
2024-08-03T01:33:52.769Z,5088,39.62630159,-105.00127348,1661.160,70.1,-16.2,15.7,8.47,22
2024-08-03T01:33:52.803Z,5089,39.62630407,-105.00127471,1661.160,70.4,-16.2,16.1,8.45,22
2024-08-03T01:33:52.836Z,5090,39.62630650,-105.00127588,1661.160,70.8,-16.2,16.6,8.46,22
2024-08-03T01:33:52.869Z,5091,39.62630893,-105.00127705,1661.160,71.2,-16.2,17.0,8.47,22
2024-08-03T01:33:52.903Z,5092,39.62631133,-105.00127818,1661.160,71.5,-16.2,17.4,8.47,22
2024-08-03T01:33:52.936Z,5093,39.62631341,-105.00127905,1661.160,71.9,-16.2,17.9,8.45,22
2024-08-03T01:33:52.969Z,5094,39.62631549,-105.00127992,1661.160,72.3,-16.2,18.3,8.43,22
2024-08-03T01:33:53.003Z,5095,39.62631763,-105.00128081,1661.150,72.7,-16.2,18.7,8.41,22
2024-08-03T01:33:53.036Z,5096,39.62632031,-105.00128191,1661.048,73.2,-16.2,19.2,8.43,22
2024-08-03T01:33:53.070Z,5097,39.62632300,-105.00128301,1660.946,73.7,-16.2,19.6,8.44,22
2024-08-03T01:33:53.103Z,5098,39.62632569,-105.00128409,1660.855,74.2,-16.2,20.0,8.45,22
2024-08-03T01:33:53.136Z,5099,39.62632842,-105.00128499,1660.855,74.7,-16.2,20.5,8.43,22
2024-08-03T01:33:53.170Z,5100,39.62633115,-105.00128589,1660.855,75.2,-16.2,21.0,8.41,22
2024-08-03T01:33:53.203Z,5101,39.62633385,-105.00128679,1660.855,75.7,-16.2,21.4,8.39,22
2024-08-03T01:33:53.236Z,5102,39.62633631,-105.00128762,1660.855,76.2,-16.2,21.9,8.37,22
2024-08-03T01:33:53.270Z,5103,39.62633877,-105.00128846,1660.855,76.7,-16.2,22.3,8.36,22
2024-08-03T01:33:53.303Z,5104,39.62634121,-105.00128928,1660.855,77.1,-16.2,22.7,8.34,22
2024-08-03T01:33:53.337Z,5105,39.62634355,-105.00128998,1660.855,77.5,-16.2,23.2,8.32,22
2024-08-03T01:33:53.370Z,5106,39.62634588,-105.00129068,1660.855,77.9,-16.2,23.6,8.30,22
2024-08-03T01:33:53.403Z,5107,39.62634824,-105.00129137,1660.855,78.2,-16.2,24.0,8.27,22
2024-08-03T01:33:53.437Z,5108,39.62635080,-105.00129200,1660.855,77.6,-16.2,24.4,8.21,22
2024-08-03T01:33:53.470Z,5109,39.62635336,-105.00129264,1660.855,77.0,-16.2,24.8,8.16,22
2024-08-03T01:33:53.503Z,5110,39.62635589,-105.00129325,1660.855,76.5,-16.2,25.2,8.09,22
2024-08-03T01:33:53.537Z,5111,39.62635826,-105.00129372,1660.855,76.2,-16.2,25.6,7.94,22
2024-08-03T01:33:53.570Z,5112,39.62636062,-105.00129419,1660.855,75.9,-16.2,26.0,7.79,22
2024-08-03T01:33:53.603Z,5113,39.62636294,-105.00129463,1660.855,75.6,-16.2,26.4,7.63,22
2024-08-03T01:33:53.637Z,5114,39.62636492,-105.00129490,1660.855,75.7,-16.2,26.6,7.42,22
2024-08-03T01:33:53.670Z,5115,39.62636689,-105.00129517,1660.855,75.7,-16.2,26.8,7.21,22
2024-08-03T01:33:53.704Z,5116,39.62636889,-105.00129542,1660.855,75.9,-16.2,27.1,7.01,22
2024-08-03T01:33:53.737Z,5117,39.62637099,-105.00129555,1660.855,76.3,-16.2,27.6,6.87,22
2024-08-03T01:33:53.770Z,5118,39.62637310,-105.00129568,1660.855,76.8,-16.2,28.2,6.73,22
2024-08-03T01:33:53.804Z,5119,39.62637519,-105.00129581,1660.855,77.3,-16.2,28.7,6.59,22
2024-08-03T01:33:53.837Z,5120,39.62637714,-105.00129588,1660.855,78.1,-16.2,29.1,6.45,22
2024-08-03T01:33:53.870Z,5121,39.62637909,-105.00129594,1660.855,79.0,-16.2,29.5,6.32,22
2024-08-03T01:33:53.904Z,5122,39.62638102,-105.00129598,1660.855,79.7,-16.2,29.8,6.18,22
2024-08-03T01:33:53.937Z,5123,39.62638286,-105.00129585,1660.855,80.0,-16.2,30.2,5.98,22
2024-08-03T01:33:53.970Z,5124,39.62638469,-105.00129572,1660.855,80.3,-16.2,30.6,5.78,22
2024-08-03T01:33:54.004Z,5125,39.62638650,-105.00129557,1660.855,80.5,-16.2,30.9,5.59,22
2024-08-03T01:33:54.037Z,5126,39.62638810,-105.00129530,1660.855,80.8,-16.2,31.1,5.41,22
2024-08-03T01:33:54.071Z,5127,39.62638970,-105.00129503,1660.855,81.1,-16.2,31.3,5.22,22
2024-08-03T01:33:54.104Z,5128,39.62639125,-105.00129475,1660.855,81.5,-16.2,31.6,5.04,22
2024-08-03T01:33:54.137Z,5129,39.62639242,-105.00129438,1660.855,82.1,-16.2,32.1,4.90,22
2024-08-03T01:33:54.171Z,5130,39.62639360,-105.00129402,1660.855,82.7,-16.2,32.6,4.76,22
2024-08-03T01:33:54.204Z,5131,39.62639480,-105.00129363,1660.855,83.2,-16.2,33.1,4.61,22
2024-08-03T01:33:54.237Z,5132,39.62639612,-105.00129309,1660.855,83.5,-16.2,33.5,4.45,22
2024-08-03T01:33:54.271Z,5133,39.62639744,-105.00129256,1660.855,83.8,-16.2,33.8,4.28,22
2024-08-03T01:33:54.304Z,5134,39.62639874,-105.00129200,1660.855,84.2,-16.2,34.1,4.13,22
2024-08-03T01:33:54.338Z,5135,39.62639990,-105.00129130,1660.855,84.7,-16.2,34.4,4.05,22
2024-08-03T01:33:54.371Z,5136,39.62640106,-105.00129060,1660.855,85.3,-16.2,34.7,3.96,22
2024-08-03T01:33:54.404Z,5137,39.62640219,-105.00128990,1660.855,85.9,-16.2,34.9,3.88,22
2024-08-03T01:33:54.438Z,5138,39.62640320,-105.00128916,1660.855,86.5,-16.2,35.1,3.81,22
2024-08-03T01:33:54.471Z,5139,39.62640421,-105.00128843,1660.855,87.2,-16.2,35.3,3.75,22
2024-08-03T01:33:54.504Z,5140,39.62640519,-105.00128768,1660.855,87.8,-16.2,35.5,3.69,22
2024-08-03T01:33:54.538Z,5141,39.62640605,-105.00128684,1660.855,88.1,-16.2,35.7,3.66,22
2024-08-03T01:33:54.571Z,5142,39.62640690,-105.00128601,1660.855,88.5,-16.2,35.9,3.64,22
2024-08-03T01:33:54.604Z,5143,39.62640778,-105.00128514,1660.855,88.8,-16.2,36.0,3.63,22
2024-08-03T01:33:54.638Z,5144,39.62640879,-105.00128404,1660.855,89.1,-16.2,36.2,3.65,22
2024-08-03T01:33:54.671Z,5145,39.62640981,-105.00128293,1660.855,89.4,-16.2,36.3,3.66,22
2024-08-03T01:33:54.705Z,5146,39.62641079,-105.00128185,1660.855,89.6,-16.2,36.4,3.68,22
2024-08-03T01:33:54.738Z,5147,39.62641156,-105.00128085,1660.855,89.8,-16.2,36.5,3.71,22
2024-08-03T01:33:54.771Z,5148,39.62641234,-105.00127985,1660.855,89.9,-16.2,36.6,3.73,22
2024-08-03T01:33:54.805Z,5149,39.62641313,-105.00127882,1660.840,90.0,-16.2,36.7,3.76,22
2024-08-03T01:33:54.838Z,5150,39.62641394,-105.00127765,1660.738,90.2,-16.2,36.8,3.79,22
2024-08-03T01:33:54.871Z,5151,39.62641476,-105.00127648,1660.636,90.4,-16.2,36.8,3.82,22
2024-08-03T01:33:54.905Z,5152,39.62641556,-105.00127532,1660.550,90.6,-16.2,36.9,3.85,22
2024-08-03T01:33:54.938Z,5153,39.62641628,-105.00127415,1660.550,90.8,-16.2,37.0,3.90,22
2024-08-03T01:33:54.971Z,5154,39.62641700,-105.00127298,1660.550,90.9,-16.2,37.0,3.96,22
2024-08-03T01:33:55.005Z,5155,39.62641774,-105.00127177,1660.550,91.0,-16.2,37.1,4.01,22
2024-08-03T01:33:55.038Z,5156,39.62641857,-105.00127034,1660.550,91.1,-16.2,37.1,4.04,22
2024-08-03T01:33:55.072Z,5157,39.62641940,-105.00126890,1660.550,91.1,-16.2,37.2,4.08,22
2024-08-03T01:33:55.105Z,5158,39.62642022,-105.00126747,1660.550,91.2,-16.2,37.2,4.11,22
2024-08-03T01:33:55.138Z,5159,39.62642097,-105.00126607,1660.550,91.3,-16.2,37.2,4.17,22
2024-08-03T01:33:55.172Z,5160,39.62642172,-105.00126467,1660.550,91.3,-16.2,37.3,4.23,22
2024-08-03T01:33:55.205Z,5161,39.62642246,-105.00126326,1660.550,91.4,-16.2,37.3,4.28,22
2024-08-03T01:33:55.238Z,5162,39.62642316,-105.00126179,1660.550,91.4,-16.2,37.3,4.32,22
2024-08-03T01:33:55.272Z,5163,39.62642386,-105.00126032,1660.550,91.5,-16.2,37.4,4.36,22
2024-08-03T01:33:55.305Z,5164,39.62642457,-105.00125886,1660.550,91.5,-16.2,37.4,4.40,22
2024-08-03T01:33:55.339Z,5165,39.62642525,-105.00125742,1660.550,91.5,-16.2,37.4,4.46,22
2024-08-03T01:33:55.372Z,5166,39.62642593,-105.00125599,1660.550,91.6,-16.2,37.4,4.52,22
2024-08-03T01:33:55.405Z,5167,39.62642662,-105.00125450,1660.550,91.6,-16.2,37.4,4.58,22
2024-08-03T01:33:55.439Z,5168,39.62642736,-105.00125277,1660.550,91.6,-16.2,37.4,4.63,22
2024-08-03T01:33:55.472Z,5169,39.62642810,-105.00125103,1660.550,91.6,-16.2,37.4,4.69,22
2024-08-03T01:33:55.505Z,5170,39.62642883,-105.00124931,1660.550,91.6,-16.2,37.4,4.74,22
2024-08-03T01:33:55.539Z,5171,39.62642953,-105.00124764,1660.550,91.6,-16.2,37.4,4.76,22
2024-08-03T01:33:55.572Z,5172,39.62643023,-105.00124597,1660.550,91.6,-16.2,37.5,4.77,22
2024-08-03T01:33:55.605Z,5173,39.62643092,-105.00124433,1660.550,91.6,-16.2,37.5,4.80,22
2024-08-03T01:33:55.639Z,5174,39.62643154,-105.00124279,1660.550,91.6,-16.2,37.5,4.86,22
2024-08-03T01:33:55.672Z,5175,39.62643216,-105.00124126,1660.550,91.7,-16.2,37.5,4.92,22
2024-08-03T01:33:55.706Z,5176,39.62643279,-105.00123965,1660.550,91.7,-16.2,37.5,4.98,22
2024-08-03T01:33:55.739Z,5177,39.62643346,-105.00123771,1660.550,91.9,-16.2,37.5,5.04,22
2024-08-03T01:33:55.772Z,5178,39.62643413,-105.00123578,1660.550,92.0,-16.2,37.5,5.10,22
2024-08-03T01:33:55.806Z,5179,39.62643478,-105.00123389,1660.532,92.1,-16.2,37.5,5.16,22
2024-08-03T01:33:55.839Z,5180,39.62643531,-105.00123219,1660.430,91.9,-16.2,37.5,5.20,22
2024-08-03T01:33:55.872Z,5181,39.62643585,-105.00123048,1660.328,91.8,-16.2,37.5,5.24,22
2024-08-03T01:33:55.906Z,5182,39.62643643,-105.00122869,1660.246,91.7,-16.2,37.5,5.29,22
2024-08-03T01:33:55.939Z,5183,39.62643726,-105.00122653,1660.246,91.4,-16.2,37.5,5.33,22
2024-08-03T01:33:55.972Z,5184,39.62643809,-105.00122436,1660.246,91.1,-16.2,37.5,5.38,22
2024-08-03T01:33:56.006Z,5185,39.62643889,-105.00122231,1660.246,90.9,-16.2,37.5,5.42,22
2024-08-03T01:33:56.039Z,5186,39.62643957,-105.00122081,1660.246,91.1,-16.2,37.5,5.48,22
2024-08-03T01:33:56.073Z,5187,39.62644026,-105.00121931,1660.246,91.3,-16.2,37.5,5.53,22
2024-08-03T01:33:56.106Z,5188,39.62644105,-105.00121769,1660.246,91.6,-16.2,37.5,5.59,22
2024-08-03T01:33:56.139Z,5189,39.62644229,-105.00121555,1660.246,92.0,-16.2,37.5,5.67,22
2024-08-03T01:33:56.173Z,5190,39.62644354,-105.00121342,1660.246,92.5,-16.2,37.5,5.74,22
2024-08-03T01:33:56.206Z,5191,39.62644476,-105.00121134,1660.246,92.8,-16.2,37.5,5.81,22
2024-08-03T01:33:56.239Z,5192,39.62644588,-105.00120951,1660.246,92.9,-16.2,37.5,5.84,22
2024-08-03T01:33:56.273Z,5193,39.62644701,-105.00120767,1660.246,93.0,-16.2,37.5,5.88,22
2024-08-03T01:33:56.306Z,5194,39.62644813,-105.00120585,1660.246,93.0,-16.2,37.5,5.92,22
2024-08-03T01:33:56.340Z,5195,39.62644926,-105.00120412,1660.246,92.8,-16.2,37.5,5.98,22
2024-08-03T01:33:56.373Z,5196,39.62645038,-105.00120238,1660.246,92.5,-16.2,37.5,6.04,22
2024-08-03T01:33:56.406Z,5197,39.62645152,-105.00120066,1660.246,92.3,-16.2,37.5,6.10,22
2024-08-03T01:33:56.440Z,5198,39.62645270,-105.00119895,1660.246,92.1,-16.2,37.5,6.15,22
2024-08-03T01:33:56.473Z,5199,39.62645389,-105.00119725,1660.246,91.9,-16.2,37.5,6.19,22
2024-08-03T01:33:56.506Z,5200,39.62645513,-105.00119551,1660.246,91.8,-16.2,37.5,6.24,22
2024-08-03T01:33:56.540Z,5201,39.62645659,-105.00119361,1660.246,91.8,-16.2,37.5,6.28,22
2024-08-03T01:33:56.573Z,5202,39.62645805,-105.00119171,1660.246,91.9,-16.2,37.5,6.33,22
2024-08-03T01:33:56.606Z,5203,39.62645950,-105.00118984,1660.246,91.9,-16.2,37.5,6.37,22
2024-08-03T01:33:56.640Z,5204,39.62646093,-105.00118810,1660.246,91.9,-16.2,37.5,6.42,22
2024-08-03T01:33:56.673Z,5205,39.62646237,-105.00118637,1660.246,92.0,-16.2,37.5,6.47,22
2024-08-03T01:33:56.707Z,5206,39.62646379,-105.00118467,1660.246,92.0,-16.2,37.5,6.52,22
2024-08-03T01:33:56.740Z,5207,39.62646517,-105.00118310,1660.246,92.0,-16.2,37.5,6.55,22
2024-08-03T01:33:56.773Z,5208,39.62646655,-105.00118153,1660.246,92.0,-16.2,37.5,6.57,22
2024-08-03T01:33:56.807Z,5209,39.62646798,-105.00117994,1660.246,92.0,-16.2,37.5,6.61,22
2024-08-03T01:33:56.840Z,5210,39.62646961,-105.00117823,1660.246,92.3,-16.2,37.5,6.66,22
2024-08-03T01:33:56.873Z,5211,39.62647125,-105.00117653,1660.246,92.5,-16.2,37.5,6.72,22
2024-08-03T01:33:56.907Z,5212,39.62647286,-105.00117487,1660.246,93.1,-16.2,37.5,6.77,22
2024-08-03T01:33:56.940Z,5213,39.62647441,-105.00117333,1660.246,95.2,-16.2,37.5,6.80,22
2024-08-03T01:33:56.973Z,5214,39.62647595,-105.00117180,1660.246,97.2,-16.2,37.5,6.83,22
2024-08-03T01:33:57.007Z,5215,39.62647756,-105.00117023,1660.246,98.9,-16.2,37.5,6.84,22
2024-08-03T01:33:57.040Z,5216,39.62647941,-105.00116856,1660.246,99.5,-16.2,37.5,6.77,22
2024-08-03T01:33:57.074Z,5217,39.62648126,-105.00116690,1660.246,100.0,-16.2,37.6,6.69,22
2024-08-03T01:33:57.107Z,5218,39.62648305,-105.00116531,1660.246,100.0,-16.2,37.6,6.59,22
2024-08-03T01:33:57.140Z,5219,39.62648464,-105.00116401,1660.246,98.1,-16.2,37.7,6.44,22
2024-08-03T01:33:57.174Z,5220,39.62648623,-105.00116271,1660.246,96.2,-16.2,37.8,6.28,22
2024-08-03T01:33:57.207Z,5221,39.62648778,-105.00116141,1660.246,94.7,-16.2,37.9,6.12,22
2024-08-03T01:33:57.240Z,5222,39.62648920,-105.00116015,1660.246,94.0,-16.2,38.0,5.93,22
2024-08-03T01:33:57.274Z,5223,39.62649062,-105.00115888,1660.246,93.4,-16.2,38.1,5.75,22
2024-08-03T01:33:57.307Z,5224,39.62649203,-105.00115766,1660.269,93.0,-16.2,38.2,5.57,22
2024-08-03T01:33:57.341Z,5225,39.62649338,-105.00115663,1660.371,93.3,-16.2,38.4,5.42,22
2024-08-03T01:33:57.374Z,5226,39.62649474,-105.00115559,1660.472,93.6,-16.2,38.5,5.27,22
2024-08-03T01:33:57.407Z,5227,39.62649610,-105.00115458,1660.527,94.0,-16.2,38.6,5.12,22
2024-08-03T01:33:57.441Z,5228,39.62649749,-105.00115365,1660.425,94.6,-16.2,38.7,5.00,22
2024-08-03T01:33:57.474Z,5229,39.62649889,-105.00115271,1660.323,95.1,-16.2,38.8,4.88,22
2024-08-03T01:33:57.507Z,5230,39.62650019,-105.00115185,1660.246,95.5,-16.2,39.0,4.74,22
2024-08-03T01:33:57.541Z,5231,39.62650124,-105.00115122,1660.246,95.3,-16.2,39.3,4.55,22
2024-08-03T01:33:57.574Z,5232,39.62650228,-105.00115058,1660.246,95.1,-16.2,39.6,4.36,22
2024-08-03T01:33:57.607Z,5233,39.62650336,-105.00114995,1660.246,95.0,-16.2,39.9,4.18,22
2024-08-03T01:33:57.641Z,5234,39.62650455,-105.00114932,1660.246,94.8,-16.2,40.1,4.06,22
2024-08-03T01:33:57.674Z,5235,39.62650575,-105.00114868,1660.246,94.7,-16.2,40.4,3.93,22
2024-08-03T01:33:57.708Z,5236,39.62650694,-105.00114810,1660.246,94.6,-16.2,40.7,3.80,22
2024-08-03T01:33:57.741Z,5237,39.62650808,-105.00114770,1660.246,94.7,-16.2,40.9,3.68,22
2024-08-03T01:33:57.774Z,5238,39.62650922,-105.00114730,1660.246,94.7,-16.2,41.2,3.57,22
2024-08-03T01:33:57.808Z,5239,39.62651034,-105.00114689,1660.246,94.8,-16.2,41.5,3.47,22
2024-08-03T01:33:57.841Z,5240,39.62651143,-105.00114646,1660.246,94.8,-16.2,41.8,3.43,22
2024-08-03T01:33:57.874Z,5241,39.62651251,-105.00114603,1660.246,94.8,-16.2,42.1,3.38,22
2024-08-03T01:33:57.908Z,5242,39.62651355,-105.00114563,1660.246,94.8,-16.2,42.4,3.35,22
2024-08-03T01:33:57.941Z,5243,39.62651446,-105.00114533,1660.246,95.0,-16.2,42.6,3.34,22
2024-08-03T01:33:57.974Z,5244,39.62651537,-105.00114503,1660.246,95.2,-16.2,42.9,3.33,22
2024-08-03T01:33:58.008Z,5245,39.62651632,-105.00114469,1660.246,95.6,-16.2,43.1,3.33,22
2024-08-03T01:33:58.041Z,5246,39.62651739,-105.00114426,1660.246,96.2,-16.2,43.3,3.35,22
2024-08-03T01:33:58.075Z,5247,39.62651847,-105.00114382,1660.246,96.8,-16.2,43.4,3.38,22
2024-08-03T01:33:58.108Z,5248,39.62651953,-105.00114341,1660.246,97.4,-16.2,43.6,3.41,22
2024-08-03T01:33:58.141Z,5249,39.62652058,-105.00114304,1660.246,98.0,-16.2,44.1,3.49,22
2024-08-03T01:33:58.175Z,5250,39.62652162,-105.00114267,1660.246,98.6,-16.2,44.6,3.56,22
2024-08-03T01:33:58.208Z,5251,39.62652267,-105.00114228,1660.246,99.2,-16.2,45.0,3.63,22
2024-08-03T01:33:58.241Z,5252,39.62652372,-105.00114181,1660.246,99.7,-16.2,45.2,3.72,22
2024-08-03T01:33:58.275Z,5253,39.62652477,-105.00114135,1660.246,100.2,-16.2,45.5,3.80,22
2024-08-03T01:33:58.308Z,5254,39.62652587,-105.00114085,1660.246,100.7,-16.2,45.8,3.88,22
2024-08-03T01:33:58.342Z,5255,39.62652711,-105.00114029,1660.246,100.9,-16.2,46.1,3.95,22
2024-08-03T01:33:58.375Z,5256,39.62652835,-105.00113972,1660.246,101.1,-16.2,46.4,4.03,22
2024-08-03T01:33:58.408Z,5257,39.62652961,-105.00113915,1660.246,101.3,-16.2,46.7,4.10,22
2024-08-03T01:33:58.442Z,5258,39.62653090,-105.00113858,1660.246,101.5,-16.2,47.0,4.19,22
2024-08-03T01:33:58.475Z,5259,39.62653220,-105.00113802,1660.246,101.8,-16.2,47.3,4.27,22
2024-08-03T01:33:58.508Z,5260,39.62653350,-105.00113742,1660.246,102.1,-16.2,47.6,4.36,22
2024-08-03T01:33:58.542Z,5261,39.62653482,-105.00113676,1660.246,102.5,-16.2,47.8,4.44,22
2024-08-03T01:33:58.575Z,5262,39.62653614,-105.00113609,1660.246,102.8,-16.2,48.1,4.53,22
2024-08-03T01:33:58.608Z,5263,39.62653747,-105.00113542,1660.246,103.2,-16.2,48.3,4.61,22
2024-08-03T01:33:58.642Z,5264,39.62653883,-105.00113475,1660.246,103.5,-16.2,48.5,4.68,22
2024-08-03T01:33:58.675Z,5265,39.62654019,-105.00113409,1660.246,103.8,-16.2,48.7,4.76,22
2024-08-03T01:33:58.709Z,5266,39.62654152,-105.00113340,1660.246,104.1,-16.2,48.9,4.83,22
2024-08-03T01:33:58.742Z,5267,39.62654278,-105.00113267,1660.246,104.3,-16.2,49.4,4.92,22
2024-08-03T01:33:58.775Z,5268,39.62654404,-105.00113193,1660.246,104.5,-16.2,49.8,5.01,22
2024-08-03T01:33:58.809Z,5269,39.62654536,-105.00113117,1660.246,104.8,-16.2,50.2,5.08,22
2024-08-03T01:33:58.842Z,5270,39.62654683,-105.00113034,1660.246,105.1,-16.2,50.4,5.12,22
2024-08-03T01:33:58.875Z,5271,39.62654831,-105.00112950,1660.246,105.4,-16.2,50.7,5.17,22
2024-08-03T01:33:58.909Z,5272,39.62654981,-105.00112864,1660.246,105.7,-16.2,51.0,5.22,22
2024-08-03T01:33:58.942Z,5273,39.62655137,-105.00112771,1660.246,105.9,-16.2,51.2,5.31,22
2024-08-03T01:33:58.975Z,5274,39.62655294,-105.00112677,1660.246,106.1,-16.2,51.5,5.40,22
2024-08-03T01:33:59.009Z,5275,39.62655446,-105.00112588,1660.246,106.4,-16.2,51.8,5.47,22
2024-08-03T01:33:59.042Z,5276,39.62655588,-105.00112507,1660.246,106.7,-16.2,52.1,5.52,22
2024-08-03T01:33:59.076Z,5277,39.62655729,-105.00112427,1660.246,107.1,-16.2,52.4,5.56,22
2024-08-03T01:33:59.109Z,5278,39.62655880,-105.00112340,1660.246,107.4,-16.2,52.7,5.62,22
2024-08-03T01:33:59.142Z,5279,39.62656053,-105.00112233,1660.246,107.7,-16.2,52.9,5.71,22
2024-08-03T01:33:59.176Z,5280,39.62656226,-105.00112126,1660.246,108.1,-16.2,53.2,5.80,22
2024-08-03T01:33:59.209Z,5281,39.62656397,-105.00112019,1660.246,108.4,-16.2,53.5,5.88,22
2024-08-03T01:33:59.242Z,5282,39.62656567,-105.00111913,1660.246,108.6,-16.2,53.8,5.94,22
2024-08-03T01:33:59.276Z,5283,39.62656736,-105.00111806,1660.246,108.8,-16.2,54.1,6.00,22
2024-08-03T01:33:59.309Z,5284,39.62656902,-105.00111699,1660.246,109.1,-16.2,54.4,6.05,22
2024-08-03T01:33:59.343Z,5285,39.62657061,-105.00111592,1660.246,109.3,-16.2,54.6,6.10,22
2024-08-03T01:33:59.376Z,5286,39.62657220,-105.00111486,1660.246,109.6,-16.2,54.9,6.14,22
2024-08-03T01:33:59.409Z,5287,39.62657380,-105.00111379,1660.246,109.9,-16.2,55.2,6.19,22
2024-08-03T01:33:59.443Z,5288,39.62657546,-105.00111272,1660.246,110.2,-16.2,55.5,6.25,22
2024-08-03T01:33:59.476Z,5289,39.62657711,-105.00111165,1660.246,110.5,-16.2,55.8,6.31,22
2024-08-03T01:33:59.509Z,5290,39.62657879,-105.00111054,1660.246,110.8,-16.2,56.1,6.37,22
2024-08-03T01:33:59.543Z,5291,39.62658051,-105.00110930,1660.246,111.2,-16.2,56.4,6.41,22
2024-08-03T01:33:59.576Z,5292,39.62658224,-105.00110807,1660.246,111.5,-16.2,56.8,6.46,22
2024-08-03T01:33:59.609Z,5293,39.62658403,-105.00110677,1660.246,111.9,-16.2,57.0,6.51,22
2024-08-03T01:33:59.643Z,5294,39.62658598,-105.00110534,1660.246,112.3,-16.2,57.2,6.57,22
2024-08-03T01:33:59.676Z,5295,39.62658794,-105.00110390,1660.246,112.6,-16.2,57.4,6.63,22
2024-08-03T01:33:59.710Z,5296,39.62658981,-105.00110251,1660.246,113.0,-16.2,57.7,6.69,22
2024-08-03T01:33:59.743Z,5297,39.62659151,-105.00110121,1660.246,113.2,-16.2,58.2,6.75,22
2024-08-03T01:33:59.776Z,5298,39.62659322,-105.00109991,1660.246,113.5,-16.2,58.7,6.82,22
2024-08-03T01:33:59.810Z,5299,39.62659493,-105.00109856,1660.246,113.8,-16.2,59.2,6.87,22
2024-08-03T01:33:59.843Z,5300,39.62659667,-105.00109713,1660.246,114.1,-16.2,59.6,6.91,22
2024-08-03T01:33:59.876Z,5301,39.62659841,-105.00109569,1660.246,114.4,-16.2,59.9,6.94,22
2024-08-03T01:33:59.910Z,5302,39.62660018,-105.00109422,1660.246,114.7,-16.2,60.3,6.97,22
2024-08-03T01:33:59.943Z,5303,39.62660205,-105.00109265,1660.246,115.0,-16.2,60.6,6.99,22
2024-08-03T01:33:59.976Z,5304,39.62660391,-105.00109108,1660.246,115.3,-16.2,60.9,7.01,22
2024-08-03T01:34:00.010Z,5305,39.62660573,-105.00108953,1660.246,115.5,-16.2,61.1,7.04,22
2024-08-03T01:34:00.043Z,5306,39.62660744,-105.00108803,1660.246,115.5,-16.2,61.2,7.10,22
2024-08-03T01:34:00.077Z,5307,39.62660915,-105.00108653,1660.246,115.6,-16.2,61.3,7.17,22
2024-08-03T01:34:00.110Z,5308,39.62661094,-105.00108498,1660.246,115.7,-16.2,61.5,7.23,22
2024-08-03T01:34:00.143Z,5309,39.62661288,-105.00108331,1660.246,115.8,-16.2,61.6,7.27,22
2024-08-03T01:34:00.177Z,5310,39.62661483,-105.00108164,1660.246,116.0,-16.2,61.8,7.32,22
2024-08-03T01:34:00.210Z,5311,39.62661674,-105.00107999,1660.246,116.2,-16.2,61.9,7.34,22
2024-08-03T01:34:00.243Z,5312,39.62661859,-105.00107839,1660.246,116.5,-16.2,62.0,7.29,22
2024-08-03T01:34:00.277Z,5313,39.62662043,-105.00107679,1660.246,116.9,-16.2,62.1,7.24,22
2024-08-03T01:34:00.310Z,5314,39.62662222,-105.00107523,1660.246,117.0,-16.2,62.2,7.17,22
2024-08-03T01:34:00.344Z,5315,39.62662386,-105.00107376,1660.246,116.7,-16.2,62.2,7.04,22
2024-08-03T01:34:00.377Z,5316,39.62662551,-105.00107230,1660.246,116.5,-16.2,62.3,6.91,22
2024-08-03T01:34:00.410Z,5317,39.62662719,-105.00107076,1660.246,116.3,-16.2,62.3,6.80,22
2024-08-03T01:34:00.444Z,5318,39.62662891,-105.00106909,1660.246,116.1,-16.2,62.3,6.73,22
2024-08-03T01:34:00.477Z,5319,39.62663064,-105.00106743,1660.246,116.0,-16.2,62.4,6.65,22
2024-08-03T01:34:00.510Z,5320,39.62663233,-105.00106581,1660.246,116.1,-16.2,62.4,6.57,22
2024-08-03T01:34:00.544Z,5321,39.62663395,-105.00106431,1660.246,116.7,-16.2,62.4,6.47,22
2024-08-03T01:34:00.577Z,5322,39.62663558,-105.00106281,1660.246,117.4,-16.2,62.4,6.37,22
2024-08-03T01:34:00.610Z,5323,39.62663710,-105.00106137,1660.246,117.9,-16.2,62.4,6.23,22
2024-08-03T01:34:00.644Z,5324,39.62663841,-105.00106007,1660.246,118.3,-16.2,62.4,6.02,22
2024-08-03T01:34:00.677Z,5325,39.62663972,-105.00105877,1660.246,118.7,-16.2,62.4,5.80,22
2024-08-03T01:34:00.711Z,5326,39.62664100,-105.00105754,1660.246,118.9,-16.2,62.4,5.59,22
2024-08-03T01:34:00.744Z,5327,39.62664222,-105.00105643,1660.246,118.6,-16.2,62.4,5.39,22
2024-08-03T01:34:00.777Z,5328,39.62664344,-105.00105533,1660.246,118.4,-16.2,62.4,5.18,22
2024-08-03T01:34:00.811Z,5329,39.62664461,-105.00105430,1660.246,118.1,-16.2,62.4,4.98,22
2024-08-03T01:34:00.844Z,5330,39.62664568,-105.00105340,1660.246,117.8,-16.2,62.4,4.76,22
2024-08-03T01:34:00.877Z,5331,39.62664675,-105.00105250,1660.246,117.5,-16.2,62.4,4.55,22
2024-08-03T01:34:00.911Z,5332,39.62664785,-105.00105155,1660.246,117.4,-16.2,62.4,4.34,22
2024-08-03T01:34:00.944Z,5333,39.62664901,-105.00105052,1660.246,117.6,-16.2,62.4,4.13,22
2024-08-03T01:34:00.977Z,5334,39.62665017,-105.00104948,1660.246,117.8,-16.2,62.4,3.91,22
2024-08-03T01:34:01.011Z,5335,39.62665121,-105.00104861,1660.246,117.6,-16.2,62.4,3.73,22
2024-08-03T01:34:01.044Z,5336,39.62665200,-105.00104804,1660.246,116.7,-16.2,62.4,3.59,22
2024-08-03T01:34:01.078Z,5337,39.62665280,-105.00104747,1660.246,115.9,-16.2,62.4,3.45,22
2024-08-03T01:34:01.111Z,5338,39.62665361,-105.00104692,1660.246,115.0,-16.2,62.4,3.34,22
2024-08-03T01:34:01.144Z,5339,39.62665445,-105.00104638,1660.246,114.0,-16.2,62.4,3.28,22
2024-08-03T01:34:01.178Z,5340,39.62665529,-105.00104585,1660.246,113.0,-16.2,62.4,3.22,22
2024-08-03T01:34:01.211Z,5341,39.62665620,-105.00104535,1660.246,112.3,-16.2,62.4,3.19,22
2024-08-03T01:34:01.244Z,5342,39.62665722,-105.00104492,1660.246,112.0,-16.2,62.4,3.23,22
2024-08-03T01:34:01.278Z,5343,39.62665825,-105.00104448,1660.246,111.6,-16.2,62.4,3.27,22
2024-08-03T01:34:01.311Z,5344,39.62665923,-105.00104414,1660.246,111.6,-16.2,62.4,3.34,22
2024-08-03T01:34:01.345Z,5345,39.62666013,-105.00104397,1660.246,112.1,-16.2,62.4,3.44,22
2024-08-03T01:34:01.378Z,5346,39.62666103,-105.00104381,1660.246,112.6,-16.2,62.4,3.55,22
2024-08-03T01:34:01.411Z,5347,39.62666209,-105.00104363,1660.246,113.2,-16.2,62.4,3.66,22
2024-08-03T01:34:01.445Z,5348,39.62666346,-105.00104343,1660.246,114.0,-16.2,62.4,3.75,22
2024-08-03T01:34:01.478Z,5349,39.62666484,-105.00104323,1660.246,114.8,-16.2,62.4,3.84,22
2024-08-03T01:34:01.511Z,5350,39.62666616,-105.00104306,1660.246,115.5,-16.2,62.4,3.93,22
2024-08-03T01:34:01.545Z,5351,39.62666739,-105.00104296,1660.246,116.2,-16.2,62.4,4.00,22
2024-08-03T01:34:01.578Z,5352,39.62666862,-105.00104286,1660.246,117.0,-16.2,62.4,4.06,22
2024-08-03T01:34:01.611Z,5353,39.62666987,-105.00104274,1660.246,117.3,-16.2,62.4,4.08,22
2024-08-03T01:34:01.645Z,5354,39.62667115,-105.00104257,1660.246,117.1,-16.2,62.4,4.02,22
2024-08-03T01:34:01.678Z,5355,39.62667243,-105.00104241,1660.246,116.8,-16.2,62.4,3.95,22
2024-08-03T01:34:01.712Z,5356,39.62667366,-105.00104224,1660.246,116.6,-16.2,62.4,3.88,22
2024-08-03T01:34:01.745Z,5357,39.62667479,-105.00104207,1660.246,116.2,-16.2,62.4,3.79,22
2024-08-03T01:34:01.778Z,5358,39.62667592,-105.00104191,1660.246,115.8,-16.2,62.4,3.69,22
2024-08-03T01:34:01.812Z,5359,39.62667698,-105.00104170,1660.246,115.6,-16.2,62.4,3.59,22
2024-08-03T01:34:01.845Z,5360,39.62667793,-105.00104144,1660.246,115.7,-16.2,62.4,3.45,22
2024-08-03T01:34:01.878Z,5361,39.62667888,-105.00104117,1660.246,115.8,-16.2,62.4,3.32,22
2024-08-03T01:34:01.912Z,5362,39.62667985,-105.00104093,1660.246,115.9,-16.2,62.4,3.19,22
2024-08-03T01:34:01.945Z,5363,39.62668085,-105.00104073,1660.246,115.7,-16.2,62.4,3.05,22
2024-08-03T01:34:01.978Z,5364,39.62668186,-105.00104053,1660.246,115.6,-16.2,62.4,2.90,22
2024-08-03T01:34:02.012Z,5365,39.62668273,-105.00104034,1660.283,115.3,-16.2,62.4,2.74,22
2024-08-03T01:34:02.045Z,5366,39.62668338,-105.00104017,1660.385,114.8,-16.2,62.4,2.54,22
2024-08-03T01:34:02.079Z,5367,39.62668402,-105.00104000,1660.487,114.2,-16.2,62.4,2.34,22
2024-08-03T01:34:02.112Z,5368,39.62668463,-105.00103985,1660.550,114.0,-16.2,62.4,2.16,22
2024-08-03T01:34:02.145Z,5369,39.62668518,-105.00103972,1660.550,114.2,-16.2,62.4,2.03,22
2024-08-03T01:34:02.179Z,5370,39.62668573,-105.00103958,1660.550,114.5,-16.2,62.4,1.89,22
2024-08-03T01:34:02.212Z,5371,39.62668628,-105.00103944,1660.550,114.8,-16.2,62.4,1.79,22
2024-08-03T01:34:02.245Z,5372,39.62668683,-105.00103927,1660.550,115.2,-16.2,62.4,1.72,22
2024-08-03T01:34:02.279Z,5373,39.62668739,-105.00103910,1660.550,115.6,-16.2,62.4,1.65,22
2024-08-03T01:34:02.312Z,5374,39.62668792,-105.00103894,1660.550,115.9,-16.2,62.4,1.59,22
2024-08-03T01:34:02.346Z,5375,39.62668843,-105.00103877,1660.550,115.9,-16.2,62.4,1.53,22
2024-08-03T01:34:02.379Z,5376,39.62668894,-105.00103860,1660.550,115.8,-16.2,62.4,1.47,22
2024-08-03T01:34:02.412Z,5377,39.62668939,-105.00103839,1660.550,115.8,-16.2,62.4,1.40,22
2024-08-03T01:34:02.446Z,5378,39.62668977,-105.00103808,1660.550,115.7,-16.2,62.4,1.33,22
2024-08-03T01:34:02.479Z,5379,39.62669015,-105.00103778,1660.550,115.6,-16.2,62.4,1.25,22
2024-08-03T01:34:02.512Z,5380,39.62669047,-105.00103750,1660.550,115.6,-16.2,62.4,1.20,22
2024-08-03T01:34:02.546Z,5381,39.62669071,-105.00103723,1660.550,115.7,-16.2,62.4,1.18,22
2024-08-03T01:34:02.579Z,5382,39.62669095,-105.00103696,1660.550,115.9,-16.2,62.4,1.15,22
2024-08-03T01:34:02.612Z,5383,39.62669117,-105.00103654,1660.550,116.0,-16.2,62.4,1.15,22
2024-08-03T01:34:02.646Z,5384,39.62669136,-105.00103587,1660.550,116.0,-16.2,62.4,1.18,22
2024-08-03T01:34:02.679Z,5385,39.62669155,-105.00103521,1660.550,116.1,-16.2,62.4,1.22,22
2024-08-03T01:34:02.713Z,5386,39.62669171,-105.00103458,1660.550,116.2,-16.2,62.4,1.27,22
2024-08-03T01:34:02.746Z,5387,39.62669181,-105.00103401,1660.550,116.3,-16.2,62.4,1.36,22
2024-08-03T01:34:02.779Z,5388,39.62669192,-105.00103344,1660.550,116.5,-16.2,62.4,1.45,22
2024-08-03T01:34:02.813Z,5389,39.62669197,-105.00103282,1660.550,116.7,-16.2,62.4,1.54,22
2024-08-03T01:34:02.846Z,5390,39.62669195,-105.00103212,1660.550,117.0,-16.2,62.4,1.64,22
2024-08-03T01:34:02.879Z,5391,39.62669193,-105.00103142,1660.550,117.2,-16.2,62.4,1.74,22
2024-08-03T01:34:02.913Z,5392,39.62669190,-105.00103068,1660.550,117.4,-16.2,62.4,1.84,22
2024-08-03T01:34:02.946Z,5393,39.62669185,-105.00102988,1660.550,117.3,-16.2,62.4,1.94,22
2024-08-03T01:34:02.979Z,5394,39.62669180,-105.00102908,1660.550,117.2,-16.2,62.4,2.04,22
2024-08-03T01:34:03.013Z,5395,39.62669174,-105.00102819,1660.550,117.1,-16.2,62.4,2.16,22
2024-08-03T01:34:03.046Z,5396,39.62669166,-105.00102715,1660.550,117.0,-16.2,62.4,2.30,22
2024-08-03T01:34:03.080Z,5397,39.62669159,-105.00102612,1660.550,116.9,-16.2,62.4,2.44,22
2024-08-03T01:34:03.113Z,5398,39.62669150,-105.00102506,1660.550,116.8,-16.2,62.4,2.58,22
2024-08-03T01:34:03.146Z,5399,39.62669141,-105.00102396,1660.550,116.8,-16.2,62.4,2.72,22
2024-08-03T01:34:03.180Z,5400,39.62669132,-105.00102285,1660.550,116.7,-16.2,62.4,2.86,22
2024-08-03T01:34:03.213Z,5401,39.62669116,-105.00102169,1660.509,116.7,-16.2,62.4,2.99,22
2024-08-03T01:34:03.246Z,5402,39.62669089,-105.00102042,1660.407,116.7,-16.2,62.4,3.10,22
2024-08-03T01:34:03.280Z,5403,39.62669061,-105.00101915,1660.306,116.6,-16.2,62.4,3.21,22
2024-08-03T01:34:03.313Z,5404,39.62669035,-105.00101787,1660.246,116.6,-16.2,62.4,3.34,22
2024-08-03T01:34:03.347Z,5405,39.62669012,-105.00101657,1660.246,116.6,-16.2,62.4,3.48,22
2024-08-03T01:34:03.380Z,5406,39.62668989,-105.00101527,1660.246,116.6,-16.2,62.4,3.63,22
2024-08-03T01:34:03.413Z,5407,39.62668963,-105.00101388,1660.204,116.6,-16.2,62.4,3.77,22
2024-08-03T01:34:03.447Z,5408,39.62668935,-105.00101238,1660.102,116.6,-16.2,62.4,3.92,22
2024-08-03T01:34:03.480Z,5409,39.62668907,-105.00101088,1660.000,116.6,-16.2,62.4,4.06,22
2024-08-03T01:34:03.513Z,5410,39.62668875,-105.00100924,1659.941,116.6,-16.2,62.4,4.21,22
2024-08-03T01:34:03.547Z,5411,39.62668838,-105.00100740,1659.941,116.6,-16.2,62.4,4.36,22
2024-08-03T01:34:03.580Z,5412,39.62668801,-105.00100557,1659.941,116.5,-16.2,62.4,4.50,22
2024-08-03T01:34:03.613Z,5413,39.62668760,-105.00100373,1659.941,116.5,-16.2,62.4,4.64,22
2024-08-03T01:34:03.647Z,5414,39.62668714,-105.00100190,1659.941,116.4,-16.2,62.4,4.75,22
2024-08-03T01:34:03.680Z,5415,39.62668668,-105.00100006,1659.941,116.3,-16.2,62.4,4.87,22
2024-08-03T01:34:03.714Z,5416,39.62668624,-105.00099823,1659.898,116.3,-16.2,62.4,4.98,22
2024-08-03T01:34:03.747Z,5417,39.62668582,-105.00099639,1659.796,116.3,-16.2,62.4,5.10,22
2024-08-03T01:34:03.780Z,5418,39.62668539,-105.00099456,1659.695,116.2,-16.2,62.4,5.21,22
2024-08-03T01:34:03.814Z,5419,39.62668488,-105.00099258,1659.636,116.2,-16.2,62.4,5.33,22
2024-08-03T01:34:03.847Z,5420,39.62668423,-105.00099041,1659.636,116.2,-16.2,62.4,5.43,22
2024-08-03T01:34:03.880Z,5421,39.62668359,-105.00098824,1659.636,116.3,-16.2,62.4,5.54,22
2024-08-03T01:34:03.914Z,5422,39.62668298,-105.00098609,1659.636,116.3,-16.2,62.4,5.63,22
2024-08-03T01:34:03.947Z,5423,39.62668241,-105.00098395,1659.636,116.3,-16.2,62.4,5.72,22
2024-08-03T01:34:03.980Z,5424,39.62668184,-105.00098182,1659.636,116.4,-16.2,62.4,5.80,22
2024-08-03T01:34:04.014Z,5425,39.62668127,-105.00097971,1659.592,116.4,-16.2,62.4,5.87,22
2024-08-03T01:34:04.047Z,5426,39.62668070,-105.00097764,1659.491,116.4,-16.2,62.4,5.91,22
2024-08-03T01:34:04.081Z,5427,39.62668013,-105.00097557,1659.389,116.4,-16.2,62.4,5.96,22
2024-08-03T01:34:04.114Z,5428,39.62667954,-105.00097350,1659.287,116.4,-16.2,62.4,6.01,21
2024-08-03T01:34:04.147Z,5429,39.62667892,-105.00097144,1659.185,116.4,-16.2,62.4,6.09,21
2024-08-03T01:34:04.181Z,5430,39.62667831,-105.00096937,1659.084,116.3,-16.2,62.4,6.16,21
2024-08-03T01:34:04.214Z,5431,39.62667762,-105.00096704,1659.026,116.3,-16.2,62.4,6.22,21
2024-08-03T01:34:04.247Z,5432,39.62667681,-105.00096437,1659.026,116.3,-16.2,62.4,6.27,21
2024-08-03T01:34:04.281Z,5433,39.62667600,-105.00096170,1659.026,116.3,-16.2,62.4,6.31,21
2024-08-03T01:34:04.314Z,5434,39.62667525,-105.00095922,1658.982,116.3,-16.2,62.4,6.35,21
2024-08-03T01:34:04.348Z,5435,39.62667458,-105.00095698,1658.880,116.2,-16.2,62.4,6.39,21
2024-08-03T01:34:04.381Z,5436,39.62667390,-105.00095475,1658.778,116.1,-16.2,62.4,6.44,21
2024-08-03T01:34:04.414Z,5437,39.62667320,-105.00095247,1658.677,116.1,-16.2,62.4,6.48,21
2024-08-03T01:34:04.448Z,5438,39.62667248,-105.00095013,1658.575,116.1,-16.2,62.4,6.52,21
2024-08-03T01:34:04.481Z,5439,39.62667176,-105.00094780,1658.473,116.2,-16.2,62.4,6.57,21
2024-08-03T01:34:04.514Z,5440,39.62667103,-105.00094548,1658.372,116.2,-16.2,62.4,6.61,22
2024-08-03T01:34:04.548Z,5441,39.62667030,-105.00094317,1658.270,116.2,-16.2,62.4,6.64,22
2024-08-03T01:34:04.581Z,5442,39.62666957,-105.00094087,1658.168,116.3,-16.2,62.4,6.67,22
2024-08-03T01:34:04.614Z,5443,39.62666880,-105.00093843,1658.066,116.3,-16.2,62.4,6.70,22
2024-08-03T01:34:04.648Z,5444,39.62666797,-105.00093583,1657.965,116.3,-16.2,62.4,6.75,22
2024-08-03T01:34:04.681Z,5445,39.62666714,-105.00093323,1657.863,116.4,-16.2,62.4,6.79,22
2024-08-03T01:34:04.715Z,5446,39.62666629,-105.00093061,1657.761,116.4,-16.2,62.4,6.83,22
2024-08-03T01:34:04.748Z,5447,39.62666540,-105.00092798,1657.660,116.4,-16.2,62.4,6.86,22
2024-08-03T01:34:04.781Z,5448,39.62666451,-105.00092534,1657.558,116.5,-16.2,62.4,6.89,22
2024-08-03T01:34:04.815Z,5449,39.62666364,-105.00092270,1657.456,116.5,-16.2,62.4,6.91,22
2024-08-03T01:34:04.848Z,5450,39.62666279,-105.00092007,1657.355,116.5,-16.2,62.4,6.93,22
2024-08-03T01:34:04.881Z,5451,39.62666193,-105.00091743,1657.253,116.5,-16.2,62.4,6.94,22
2024-08-03T01:34:04.915Z,5452,39.62666112,-105.00091496,1657.151,116.5,-16.2,62.4,6.95,22
2024-08-03T01:34:04.948Z,5453,39.62666036,-105.00091269,1657.049,116.5,-16.2,62.4,6.95,22
2024-08-03T01:34:04.981Z,5454,39.62665959,-105.00091043,1656.948,116.4,-16.2,62.4,6.95,22
2024-08-03T01:34:05.015Z,5455,39.62665874,-105.00090786,1656.846,116.4,-16.2,62.4,6.97,22
2024-08-03T01:34:05.048Z,5456,39.62665777,-105.00090496,1656.744,116.4,-16.2,62.4,7.01,22
2024-08-03T01:34:05.082Z,5457,39.62665681,-105.00090206,1656.643,116.3,-16.2,62.4,7.05,22
2024-08-03T01:34:05.115Z,5458,39.62665591,-105.00089939,1656.541,116.3,-16.2,62.4,7.06,22
2024-08-03T01:34:05.148Z,5459,39.62665510,-105.00089699,1656.439,116.4,-16.2,62.4,7.03,22
2024-08-03T01:34:05.182Z,5460,39.62665429,-105.00089458,1656.338,116.5,-16.2,62.4,7.00,22
2024-08-03T01:34:05.215Z,5461,39.62665347,-105.00089215,1656.236,116.6,-16.2,62.4,6.97,22
2024-08-03T01:34:05.248Z,5462,39.62665262,-105.00088968,1656.134,116.6,-16.2,62.4,6.92,22
2024-08-03T01:34:05.282Z,5463,39.62665177,-105.00088721,1656.032,116.5,-16.2,62.4,6.88,22
2024-08-03T01:34:05.315Z,5464,39.62665094,-105.00088482,1655.931,116.5,-16.2,62.4,6.83,22
2024-08-03T01:34:05.349Z,5465,39.62665014,-105.00088252,1655.829,116.4,-16.2,62.4,6.76,22
2024-08-03T01:34:05.382Z,5466,39.62664933,-105.00088022,1655.727,116.3,-16.2,62.4,6.70,22
2024-08-03T01:34:05.415Z,5467,39.62664848,-105.00087774,1655.626,116.3,-16.2,62.4,6.64,22
2024-08-03T01:34:05.449Z,5468,39.62664755,-105.00087507,1655.524,116.3,-16.2,62.4,6.56,22
2024-08-03T01:34:05.482Z,5469,39.62664663,-105.00087240,1655.422,116.2,-16.2,62.4,6.49,22
2024-08-03T01:34:05.515Z,5470,39.62664579,-105.00086997,1655.272,116.2,-16.2,62.4,6.41,22
2024-08-03T01:34:05.549Z,5471,39.62664503,-105.00086780,1655.069,116.2,-16.2,62.4,6.34,22
2024-08-03T01:34:05.582Z,5472,39.62664428,-105.00086563,1654.865,116.3,-16.2,62.4,6.26,22
2024-08-03T01:34:05.615Z,5473,39.62664353,-105.00086346,1654.711,116.3,-16.2,62.4,6.19,22
2024-08-03T01:34:05.649Z,5474,39.62664279,-105.00086129,1654.609,116.3,-16.2,62.4,6.11,22
2024-08-03T01:34:05.682Z,5475,39.62664205,-105.00085913,1654.507,116.4,-16.2,62.4,6.04,22
2024-08-03T01:34:05.716Z,5476,39.62664133,-105.00085702,1654.405,116.4,-16.2,62.4,5.97,22
2024-08-03T01:34:05.749Z,5477,39.62664062,-105.00085499,1654.304,116.4,-16.2,62.4,5.89,22
2024-08-03T01:34:05.782Z,5478,39.62663991,-105.00085295,1654.202,116.5,-16.2,62.4,5.82,22
2024-08-03T01:34:05.816Z,5479,39.62663921,-105.00085087,1654.100,116.5,-16.2,62.4,5.74,22
2024-08-03T01:34:05.849Z,5480,39.62663852,-105.00084873,1653.999,116.5,-16.2,62.4,5.67,22
2024-08-03T01:34:05.882Z,5481,39.62663782,-105.00084660,1653.897,116.5,-16.2,62.4,5.59,22
2024-08-03T01:34:05.916Z,5482,39.62663713,-105.00084449,1653.746,116.5,-16.2,62.4,5.53,22
2024-08-03T01:34:05.949Z,5483,39.62663643,-105.00084242,1653.542,116.6,-16.2,62.4,5.49,22
2024-08-03T01:34:05.982Z,5484,39.62663573,-105.00084036,1653.339,116.7,-16.2,62.4,5.45,22
2024-08-03T01:34:06.016Z,5485,39.62663511,-105.00083848,1653.185,116.7,-16.2,62.4,5.39,22
2024-08-03T01:34:06.049Z,5486,39.62663457,-105.00083681,1653.084,116.6,-16.2,62.4,5.31,22
2024-08-03T01:34:06.083Z,5487,39.62663404,-105.00083515,1652.982,116.5,-16.2,62.4,5.24,22
2024-08-03T01:34:06.116Z,5488,39.62663348,-105.00083343,1652.880,116.4,-16.2,62.4,5.18,22
2024-08-03T01:34:06.149Z,5489,39.62663289,-105.00083166,1652.779,116.4,-16.2,62.4,5.15,22
2024-08-03T01:34:06.183Z,5490,39.62663230,-105.00082989,1652.677,116.3,-16.2,62.4,5.12,22
2024-08-03T01:34:06.216Z,5491,39.62663166,-105.00082797,1652.575,116.3,-16.2,62.4,5.09,22
2024-08-03T01:34:06.249Z,5492,39.62663098,-105.00082591,1652.473,116.3,-16.2,62.4,5.04,22
2024-08-03T01:34:06.283Z,5493,39.62663029,-105.00082384,1652.372,116.2,-16.2,62.4,5.00,22
2024-08-03T01:34:06.316Z,5494,39.62662967,-105.00082193,1652.270,116.2,-16.2,62.4,4.98,22
2024-08-03T01:34:06.350Z,5495,39.62662910,-105.00082020,1652.168,116.3,-16.2,62.4,4.98,22
2024-08-03T01:34:06.383Z,5496,39.62662854,-105.00081846,1652.067,116.3,-16.2,62.4,4.98,22
2024-08-03T01:34:06.416Z,5497,39.62662799,-105.00081673,1651.965,116.2,-16.2,62.4,4.99,22
2024-08-03T01:34:06.450Z,5498,39.62662745,-105.00081499,1651.863,116.1,-16.2,62.4,5.02,22
2024-08-03T01:34:06.483Z,5499,39.62662691,-105.00081326,1651.762,116.0,-16.2,62.4,5.05,22
2024-08-03T01:34:06.516Z,5500,39.62662635,-105.00081151,1651.660,116.0,-16.2,62.4,5.09,22
2024-08-03T01:34:06.550Z,5501,39.62662579,-105.00080974,1651.558,116.1,-16.2,62.4,5.14,22
2024-08-03T01:34:06.583Z,5502,39.62662522,-105.00080797,1651.456,116.2,-16.2,62.4,5.18,22
2024-08-03T01:34:06.616Z,5503,39.62662458,-105.00080595,1651.303,116.2,-16.2,62.4,5.22,22
2024-08-03T01:34:06.650Z,5504,39.62662387,-105.00080368,1651.100,116.3,-16.2,62.4,5.25,22
2024-08-03T01:34:06.683Z,5505,39.62662317,-105.00080141,1650.896,116.4,-16.2,62.4,5.28,22
2024-08-03T01:34:06.717Z,5506,39.62662251,-105.00079936,1650.745,116.3,-16.2,62.4,5.31,22
2024-08-03T01:34:06.750Z,5507,39.62662192,-105.00079753,1650.643,116.2,-16.2,62.4,5.36,22
2024-08-03T01:34:06.783Z,5508,39.62662132,-105.00079569,1650.541,116.1,-16.2,62.4,5.40,22
2024-08-03T01:34:06.817Z,5509,39.62662067,-105.00079372,1650.440,116.0,-16.2,62.4,5.42,22
2024-08-03T01:34:06.850Z,5510,39.62661998,-105.00079162,1650.338,116.0,-16.2,62.4,5.42,22
2024-08-03T01:34:06.883Z,5511,39.62661929,-105.00078952,1650.236,116.0,-16.2,62.4,5.42,22
2024-08-03T01:34:06.917Z,5512,39.62661865,-105.00078755,1650.135,116.0,-16.2,62.4,5.46,22
2024-08-03T01:34:06.950Z,5513,39.62661804,-105.00078572,1650.033,116.1,-16.2,62.4,5.54,22
2024-08-03T01:34:06.983Z,5514,39.62661743,-105.00078388,1649.931,116.2,-16.2,62.4,5.61,22
2024-08-03T01:34:07.017Z,5515,39.62661674,-105.00078175,1649.830,116.1,-16.2,62.4,5.67,22
2024-08-03T01:34:07.050Z,5516,39.62661598,-105.00077935,1649.728,115.9,-16.2,62.4,5.71,22
2024-08-03T01:34:07.084Z,5517,39.62661522,-105.00077695,1649.626,115.8,-16.2,62.4,5.76,22
2024-08-03T01:34:07.117Z,5518,39.62661450,-105.00077474,1649.524,115.7,-16.2,62.4,5.82,22
2024-08-03T01:34:07.150Z,5519,39.62661380,-105.00077270,1649.423,115.6,-16.2,62.4,5.89,22
2024-08-03T01:34:07.184Z,5520,39.62661311,-105.00077066,1649.321,115.6,-16.2,62.4,5.97,22
2024-08-03T01:34:07.217Z,5521,39.62661239,-105.00076854,1649.219,115.7,-16.2,62.4,6.02,22
2024-08-03T01:34:07.250Z,5522,39.62661165,-105.00076634,1649.118,116.0,-16.2,62.4,6.07,22
2024-08-03T01:34:07.284Z,5523,39.62661091,-105.00076414,1649.016,116.2,-16.2,62.4,6.11,22
2024-08-03T01:34:07.317Z,5524,39.62661018,-105.00076202,1648.968,116.3,-16.2,62.4,6.12,22
2024-08-03T01:34:07.351Z,5525,39.62660946,-105.00075999,1648.968,116.2,-16.2,62.4,6.09,22
2024-08-03T01:34:07.384Z,5526,39.62660875,-105.00075795,1648.968,116.1,-16.2,62.4,6.06,22
2024-08-03T01:34:07.417Z,5527,39.62660795,-105.00075569,1648.914,116.0,-16.2,62.4,6.04,22
2024-08-03T01:34:07.451Z,5528,39.62660708,-105.00075322,1648.812,115.8,-16.2,62.4,6.04,22
2024-08-03T01:34:07.484Z,5529,39.62660621,-105.00075075,1648.710,115.7,-16.2,62.4,6.04,22
2024-08-03T01:34:07.517Z,5530,39.62660541,-105.00074849,1648.663,115.6,-16.2,62.4,6.07,22
2024-08-03T01:34:07.551Z,5531,39.62660465,-105.00074642,1648.663,115.7,-16.2,62.4,6.11,22
2024-08-03T01:34:07.584Z,5532,39.62660390,-105.00074436,1648.663,115.7,-16.2,62.4,6.15,22
2024-08-03T01:34:07.617Z,5533,39.62660316,-105.00074232,1648.608,115.8,-16.2,62.4,6.21,22
2024-08-03T01:34:07.651Z,5534,39.62660244,-105.00074032,1648.507,116.1,-16.2,62.4,6.27,22
2024-08-03T01:34:07.684Z,5535,39.62660172,-105.00073832,1648.405,116.4,-16.2,62.4,6.33,22
2024-08-03T01:34:07.718Z,5536,39.62660097,-105.00073601,1648.358,116.5,-16.2,62.4,6.38,22
2024-08-03T01:34:07.751Z,5537,39.62660019,-105.00073344,1648.358,116.6,-16.2,62.4,6.42,22
2024-08-03T01:34:07.784Z,5538,39.62659941,-105.00073087,1648.358,116.7,-16.2,62.4,6.47,22
2024-08-03T01:34:07.818Z,5539,39.62659855,-105.00072836,1648.358,116.6,-16.2,62.4,6.50,22
2024-08-03T01:34:07.851Z,5540,39.62659764,-105.00072589,1648.358,116.4,-16.2,62.4,6.51,22
2024-08-03T01:34:07.884Z,5541,39.62659672,-105.00072342,1648.358,116.2,-16.2,62.4,6.52,22
2024-08-03T01:34:07.918Z,5542,39.62659585,-105.00072099,1648.358,116.1,-16.2,62.4,6.51,22
2024-08-03T01:34:07.951Z,5543,39.62659500,-105.00071858,1648.358,116.0,-16.2,62.4,6.46,22
2024-08-03T01:34:07.984Z,5544,39.62659416,-105.00071618,1648.358,116.0,-16.2,62.4,6.42,22
2024-08-03T01:34:08.018Z,5545,39.62659338,-105.00071398,1648.358,116.1,-16.2,62.4,6.37,22
2024-08-03T01:34:08.051Z,5546,39.62659266,-105.00071195,1648.358,116.3,-16.2,62.4,6.33,22
2024-08-03T01:34:08.085Z,5547,39.62659194,-105.00070991,1648.358,116.4,-16.2,62.4,6.28,22
2024-08-03T01:34:08.118Z,5548,39.62659112,-105.00070767,1648.302,116.6,-16.2,62.4,6.21,22
2024-08-03T01:34:08.151Z,5549,39.62659021,-105.00070527,1648.200,116.7,-16.2,62.4,6.10,22
2024-08-03T01:34:08.185Z,5550,39.62658929,-105.00070287,1648.099,116.8,-16.2,62.4,6.00,22
2024-08-03T01:34:08.218Z,5551,39.62658852,-105.00070078,1648.054,116.9,-16.2,62.4,5.81,22
2024-08-03T01:34:08.251Z,5552,39.62658785,-105.00069894,1648.054,117.0,-16.2,62.4,5.56,22
2024-08-03T01:34:08.285Z,5553,39.62658718,-105.00069711,1648.054,117.1,-16.2,62.4,5.30,22
2024-08-03T01:34:08.318Z,5554,39.62658656,-105.00069540,1648.054,117.3,-16.2,62.4,5.03,22
2024-08-03T01:34:08.352Z,5555,39.62658596,-105.00069380,1648.054,117.6,-16.2,62.4,4.75,22
2024-08-03T01:34:08.385Z,5556,39.62658537,-105.00069220,1648.054,118.0,-16.2,62.4,4.46,22
2024-08-03T01:34:08.418Z,5557,39.62658484,-105.00069086,1648.054,117.8,-16.2,62.4,4.18,22
2024-08-03T01:34:08.452Z,5558,39.62658436,-105.00068973,1648.054,117.2,-16.2,62.4,3.90,22
2024-08-03T01:34:08.485Z,5559,39.62658388,-105.00068859,1648.054,116.6,-16.2,62.4,3.61,22
2024-08-03T01:34:08.518Z,5560,39.62658341,-105.00068744,1648.054,116.1,-16.2,62.4,3.33,22
2024-08-03T01:34:08.552Z,5561,39.62658295,-105.00068627,1648.054,115.6,-16.2,62.4,3.05,22
2024-08-03T01:34:08.585Z,5562,39.62658249,-105.00068510,1648.054,115.0,-16.2,62.4,2.76,22
2024-08-03T01:34:08.618Z,5563,39.62658220,-105.00068418,1648.054,115.2,-16.2,62.4,2.53,22
2024-08-03T01:34:08.652Z,5564,39.62658205,-105.00068345,1648.054,115.9,-16.2,62.4,2.34,22
2024-08-03T01:34:08.685Z,5565,39.62658190,-105.00068271,1648.054,116.6,-16.2,62.4,2.14,22
2024-08-03T01:34:08.719Z,5566,39.62658173,-105.00068211,1648.054,116.9,-16.2,62.4,1.97,22
2024-08-03T01:34:08.752Z,5567,39.62658153,-105.00068161,1648.054,116.8,-16.2,62.4,1.80,22
2024-08-03T01:34:08.785Z,5568,39.62658133,-105.00068111,1648.054,116.8,-16.2,62.4,1.64,22
2024-08-03T01:34:08.819Z,5569,39.62658120,-105.00068059,1648.054,116.6,-16.2,62.4,1.51,22
2024-08-03T01:34:08.852Z,5570,39.62658112,-105.00068006,1648.054,116.3,-16.2,62.4,1.40,22
2024-08-03T01:34:08.885Z,5571,39.62658105,-105.00067953,1648.054,116.0,-16.2,62.4,1.30,22
2024-08-03T01:34:08.919Z,5572,39.62658095,-105.00067909,1648.054,115.9,-16.2,62.4,1.21,22
2024-08-03T01:34:08.952Z,5573,39.62658083,-105.00067872,1648.054,116.0,-16.2,62.4,1.14,22
2024-08-03T01:34:08.985Z,5574,39.62658071,-105.00067835,1648.054,116.1,-16.2,62.4,1.06,22
2024-08-03T01:34:09.019Z,5575,39.62658054,-105.00067791,1648.054,116.2,-16.2,62.4,0.99,22
2024-08-03T01:34:09.052Z,5576,39.62658034,-105.00067741,1648.054,116.4,-16.2,62.4,0.91,22
2024-08-03T01:34:09.086Z,5577,39.62658013,-105.00067691,1648.054,116.5,-16.2,62.4,0.84,22
2024-08-03T01:34:09.119Z,5578,39.62658000,-105.00067658,1648.054,116.6,-16.2,62.4,0.78,22
2024-08-03T01:34:09.152Z,5579,39.62657992,-105.00067638,1648.054,116.5,-16.2,62.4,0.73,22
2024-08-03T01:34:09.186Z,5580,39.62657983,-105.00067618,1648.054,116.4,-16.2,62.4,0.69,22
2024-08-03T01:34:09.219Z,5581,39.62657971,-105.00067590,1648.054,116.4,-16.2,62.4,0.63,22
2024-08-03T01:34:09.252Z,5582,39.62657956,-105.00067557,1648.054,116.3,-16.2,62.4,0.55,22
2024-08-03T01:34:09.286Z,5583,39.62657940,-105.00067524,1648.054,116.3,-16.2,62.4,0.48,22
2024-08-03T01:34:09.319Z,5584,39.62657929,-105.00067500,1648.054,116.3,-16.2,62.4,0.43,22
2024-08-03T01:34:09.353Z,5585,39.62657922,-105.00067483,1648.054,116.4,-16.2,62.4,0.40,22
2024-08-03T01:34:09.386Z,5586,39.62657914,-105.00067467,1648.054,116.4,-16.2,62.4,0.37,22
2024-08-03T01:34:09.419Z,5587,39.62657909,-105.00067454,1648.054,116.4,-16.2,62.4,0.33,22
2024-08-03T01:34:09.453Z,5588,39.62657905,-105.00067444,1648.054,116.4,-16.2,62.4,0.29,22
2024-08-03T01:34:09.486Z,5589,39.62657901,-105.00067434,1648.054,116.4,-16.2,62.4,0.24,22
2024-08-03T01:34:09.519Z,5590,39.62657898,-105.00067424,1648.054,116.4,-16.2,62.4,0.21,22
2024-08-03T01:34:09.553Z,5591,39.62657894,-105.00067414,1648.054,116.4,-16.2,62.4,0.18,22
2024-08-03T01:34:09.586Z,5592,39.62657890,-105.00067404,1648.054,116.4,-16.2,62.4,0.15,22
2024-08-03T01:34:09.619Z,5593,39.62657889,-105.00067396,1648.054,116.4,-16.2,62.4,0.11,22
2024-08-03T01:34:09.653Z,5594,39.62657888,-105.00067389,1648.054,116.4,-16.2,62.4,0.07,22
2024-08-03T01:34:09.686Z,5595,39.62657887,-105.00067383,1648.054,116.4,-16.2,62.4,0.02,22
2024-08-03T01:34:09.720Z,5596,39.62657887,-105.00067378,1648.054,116.4,-16.2,62.4,0.00,22
2024-08-03T01:34:09.753Z,5597,39.62657886,-105.00067375,1648.054,116.4,-16.2,62.4,0.00,22
2024-08-03T01:34:09.786Z,5598,39.62657886,-105.00067371,1648.054,116.4,-16.2,62.4,0.00,22
2024-08-03T01:34:09.820Z,5599,39.62657885,-105.00067370,1648.054,116.4,-16.2,62.4,0.00,22
2024-08-03T01:34:09.853Z,5600,39.62657882,-105.00067370,1648.054,116.4,-16.2,62.4,0.00,22
2024-08-03T01:34:09.886Z,5601,39.62657880,-105.00067370,1648.054,116.4,-16.2,62.4,0.00,22
2024-08-03T01:34:09.920Z,5602,39.62657879,-105.00067370,1648.054,116.4,-16.2,62.4,0.00,22
2024-08-03T01:34:09.953Z,5603,39.62657879,-105.00067370,1648.054,116.4,-16.2,62.4,0.00,22
2024-08-03T01:34:09.986Z,5604,39.62657879,-105.00067370,1648.054,116.4,-16.2,62.4,0.00,22
2024-08-03T01:34:10.020Z,5605,39.62657875,-105.00067366,1648.054,116.4,-16.2,62.4,0.00,22
2024-08-03T01:34:10.053Z,5606,39.62657869,-105.00067359,1648.054,116.4,-16.2,62.4,0.00,22
2024-08-03T01:34:10.087Z,5607,39.62657862,-105.00067353,1648.054,116.4,-16.2,62.4,0.00,22
2024-08-03T01:34:10.120Z,5608,39.62657860,-105.00067352,1648.054,116.4,-16.2,62.4,0.00,22
2024-08-03T01:34:10.153Z,5609,39.62657860,-105.00067355,1648.054,116.4,-16.2,62.4,0.00,22
2024-08-03T01:34:10.187Z,5610,39.62657860,-105.00067359,1648.054,116.4,-16.2,62.4,0.00,22
2024-08-03T01:34:10.220Z,5611,39.62657858,-105.00067360,1648.054,116.4,-16.2,62.4,0.00,22
2024-08-03T01:34:10.253Z,5612,39.62657855,-105.00067360,1648.054,116.5,-16.2,62.4,0.00,22
2024-08-03T01:34:10.287Z,5613,39.62657851,-105.00067360,1648.054,116.5,-16.2,62.4,0.00,22
2024-08-03T01:34:10.320Z,5614,39.62657850,-105.00067360,1648.054,116.5,-16.2,62.4,0.00,22
2024-08-03T01:34:10.354Z,5615,39.62657849,-105.00067360,1648.054,116.5,-16.2,62.4,0.00,22
2024-08-03T01:34:10.387Z,5616,39.62657848,-105.00067360,1648.054,116.5,-16.2,62.4,0.00,22
2024-08-03T01:34:10.420Z,5617,39.62657848,-105.00067358,1648.054,116.5,-16.2,62.4,0.00,22
2024-08-03T01:34:10.454Z,5618,39.62657848,-105.00067355,1648.054,116.4,-16.2,62.4,0.00,22
2024-08-03T01:34:10.487Z,5619,39.62657848,-105.00067351,1648.054,116.4,-16.2,62.4,0.00,22
2024-08-03T01:34:10.520Z,5620,39.62657847,-105.00067350,1647.990,116.4,-16.2,62.4,0.00,22
2024-08-03T01:34:10.554Z,5621,39.62657845,-105.00067350,1647.888,116.4,-16.2,62.4,0.00,22
2024-08-03T01:34:10.587Z,5622,39.62657844,-105.00067350,1647.787,116.4,-16.2,62.4,0.00,22
2024-08-03T01:34:10.620Z,5623,39.62657839,-105.00067348,1647.749,116.4,-16.2,62.4,0.00,22
2024-08-03T01:34:10.654Z,5624,39.62657834,-105.00067345,1647.749,116.4,-16.2,62.4,0.00,22
2024-08-03T01:34:10.687Z,5625,39.62657828,-105.00067341,1647.749,116.4,-16.2,62.4,0.00,22
2024-08-03T01:34:10.721Z,5626,39.62657824,-105.00067338,1647.749,116.4,-16.2,62.4,0.02,22
2024-08-03T01:34:10.754Z,5627,39.62657822,-105.00067335,1647.749,116.4,-16.2,62.4,0.05,22
2024-08-03T01:34:10.787Z,5628,39.62657819,-105.00067331,1647.749,116.4,-16.2,62.4,0.09,22
2024-08-03T01:34:10.821Z,5629,39.62657813,-105.00067326,1647.749,116.4,-16.2,62.4,0.10,22
2024-08-03T01:34:10.854Z,5630,39.62657805,-105.00067319,1647.749,116.4,-16.2,62.4,0.10,22
2024-08-03T01:34:10.887Z,5631,39.62657797,-105.00067312,1647.749,116.4,-16.2,62.4,0.10,22
2024-08-03T01:34:10.921Z,5632,39.62657791,-105.00067306,1647.749,116.4,-16.2,62.4,0.11,22
2024-08-03T01:34:10.954Z,5633,39.62657787,-105.00067299,1647.749,116.4,-16.2,62.4,0.12,22
2024-08-03T01:34:10.987Z,5634,39.62657783,-105.00067292,1647.749,116.4,-16.2,62.4,0.14,22
2024-08-03T01:34:11.021Z,5635,39.62657778,-105.00067281,1647.749,116.4,-16.2,62.4,0.16,22
2024-08-03T01:34:11.054Z,5636,39.62657771,-105.00067268,1647.749,116.4,-16.2,62.4,0.19,22
2024-08-03T01:34:11.088Z,5637,39.62657764,-105.00067255,1647.749,116.4,-16.2,62.4,0.21,22
2024-08-03T01:34:11.121Z,5638,39.62657759,-105.00067244,1647.749,116.4,-16.2,62.4,0.22,22
2024-08-03T01:34:11.154Z,5639,39.62657754,-105.00067234,1647.749,116.4,-16.2,62.4,0.22,22
2024-08-03T01:34:11.188Z,5640,39.62657749,-105.00067224,1647.749,116.4,-16.2,62.4,0.22,22
2024-08-03T01:34:11.221Z,5641,39.62657744,-105.00067214,1647.749,116.4,-16.2,62.4,0.22,22
2024-08-03T01:34:11.254Z,5642,39.62657738,-105.00067204,1647.749,116.4,-16.2,62.4,0.22,22
2024-08-03T01:34:11.288Z,5643,39.62657733,-105.00067194,1647.749,116.4,-16.2,62.4,0.22,22
2024-08-03T01:34:11.321Z,5644,39.62657727,-105.00067181,1647.749,116.4,-16.2,62.4,0.22,22
2024-08-03T01:34:11.355Z,5645,39.62657721,-105.00067168,1647.749,116.5,-16.2,62.4,0.22,22
2024-08-03T01:34:11.388Z,5646,39.62657715,-105.00067155,1647.749,116.5,-16.2,62.4,0.22,22
2024-08-03T01:34:11.421Z,5647,39.62657710,-105.00067141,1647.749,116.5,-16.2,62.4,0.24,22
2024-08-03T01:34:11.455Z,5648,39.62657706,-105.00067128,1647.749,116.5,-16.2,62.4,0.27,22
2024-08-03T01:34:11.488Z,5649,39.62657702,-105.00067115,1647.749,116.5,-16.2,62.4,0.31,22
2024-08-03T01:34:11.521Z,5650,39.62657697,-105.00067101,1647.749,116.5,-16.2,62.4,0.32,22
2024-08-03T01:34:11.555Z,5651,39.62657691,-105.00067088,1647.749,116.4,-16.2,62.4,0.32,22
2024-08-03T01:34:11.588Z,5652,39.62657685,-105.00067075,1647.749,116.4,-16.2,62.4,0.32,22
2024-08-03T01:34:11.621Z,5653,39.62657680,-105.00067057,1647.749,116.4,-16.2,62.4,0.33,22
2024-08-03T01:34:11.655Z,5654,39.62657675,-105.00067037,1647.749,116.4,-16.2,62.4,0.34,22
2024-08-03T01:34:11.688Z,5655,39.62657670,-105.00067017,1647.749,116.4,-16.2,62.4,0.36,22
2024-08-03T01:34:11.722Z,5656,39.62657663,-105.00066999,1647.749,116.4,-16.2,62.4,0.36,22
2024-08-03T01:34:11.755Z,5657,39.62657656,-105.00066982,1647.749,116.4,-16.2,62.4,0.36,22
2024-08-03T01:34:11.788Z,5658,39.62657649,-105.00066966,1647.749,116.4,-16.2,62.4,0.36,22
2024-08-03T01:34:11.822Z,5659,39.62657641,-105.00066951,1647.749,116.4,-16.2,62.4,0.36,22
2024-08-03T01:34:11.855Z,5660,39.62657631,-105.00066938,1647.749,116.4,-16.2,62.4,0.36,22
2024-08-03T01:34:11.888Z,5661,39.62657621,-105.00066924,1647.749,116.4,-16.2,62.4,0.36,22
2024-08-03T01:34:11.922Z,5662,39.62657612,-105.00066909,1647.749,116.4,-16.2,62.4,0.38,22
2024-08-03T01:34:11.955Z,5663,39.62657604,-105.00066892,1647.749,116.4,-16.2,62.4,0.41,22
2024-08-03T01:34:11.988Z,5664,39.62657596,-105.00066876,1647.749,116.4,-16.2,62.4,0.44,22
2024-08-03T01:34:12.022Z,5665,39.62657588,-105.00066859,1647.749,116.4,-16.2,62.4,0.45,22
2024-08-03T01:34:12.055Z,5666,39.62657581,-105.00066842,1647.749,116.3,-16.2,62.4,0.45,22
2024-08-03T01:34:12.089Z,5667,39.62657574,-105.00066825,1647.749,116.3,-16.2,62.4,0.45,22
2024-08-03T01:34:12.122Z,5668,39.62657564,-105.00066804,1647.749,116.3,-16.2,62.4,0.45,22
2024-08-03T01:34:12.155Z,5669,39.62657552,-105.00066781,1647.749,116.3,-16.2,62.4,0.45,22
2024-08-03T01:34:12.189Z,5670,39.62657541,-105.00066758,1647.749,116.3,-16.2,62.4,0.45,22
2024-08-03T01:34:12.222Z,5671,39.62657535,-105.00066739,1647.749,116.3,-16.2,62.4,0.45,22
2024-08-03T01:34:12.255Z,5672,39.62657531,-105.00066722,1647.749,116.3,-16.2,62.4,0.45,22
2024-08-03T01:34:12.289Z,5673,39.62657528,-105.00066705,1647.749,116.3,-16.2,62.4,0.45,22
2024-08-03T01:34:12.322Z,5674,39.62657521,-105.00066686,1647.749,116.3,-16.2,62.4,0.45,22
2024-08-03T01:34:12.356Z,5675,39.62657513,-105.00066666,1647.749,116.3,-16.2,62.4,0.45,22
2024-08-03T01:34:12.389Z,5676,39.62657505,-105.00066646,1647.749,116.3,-16.2,62.4,0.45,22
2024-08-03T01:34:12.422Z,5677,39.62657495,-105.00066629,1647.749,116.3,-16.2,62.4,0.45,22
2024-08-03T01:34:12.456Z,5678,39.62657485,-105.00066612,1647.749,116.4,-16.2,62.4,0.45,22
2024-08-03T01:34:12.489Z,5679,39.62657474,-105.00066595,1647.749,116.4,-16.2,62.4,0.45,22
2024-08-03T01:34:12.522Z,5680,39.62657465,-105.00066576,1647.749,116.4,-16.2,62.4,0.45,22
2024-08-03T01:34:12.556Z,5681,39.62657456,-105.00066556,1647.749,116.4,-16.2,62.4,0.45,22
2024-08-03T01:34:12.589Z,5682,39.62657448,-105.00066536,1647.749,116.4,-16.2,62.4,0.45,22
2024-08-03T01:34:12.622Z,5683,39.62657440,-105.00066519,1647.749,116.4,-16.2,62.4,0.47,22
2024-08-03T01:34:12.656Z,5684,39.62657433,-105.00066502,1647.749,116.5,-16.2,62.4,0.50,22
2024-08-03T01:34:12.689Z,5685,39.62657426,-105.00066485,1647.749,116.5,-16.2,62.4,0.53,22
2024-08-03T01:34:12.723Z,5686,39.62657417,-105.00066466,1647.749,116.5,-16.2,62.4,0.57,22
2024-08-03T01:34:12.756Z,5687,39.62657407,-105.00066446,1647.749,116.5,-16.2,62.4,0.61,22
2024-08-03T01:34:12.789Z,5688,39.62657397,-105.00066426,1647.749,116.5,-16.2,62.4,0.66,22
2024-08-03T01:34:12.823Z,5689,39.62657382,-105.00066397,1647.749,116.5,-16.2,62.4,0.72,22
2024-08-03T01:34:12.856Z,5690,39.62657366,-105.00066363,1647.749,116.5,-16.2,62.4,0.80,22
2024-08-03T01:34:12.889Z,5691,39.62657349,-105.00066330,1647.749,116.5,-16.2,62.4,0.87,22
2024-08-03T01:34:12.923Z,5692,39.62657331,-105.00066290,1647.749,116.5,-16.2,62.4,0.95,22
2024-08-03T01:34:12.956Z,5693,39.62657312,-105.00066246,1647.749,116.4,-16.2,62.4,1.02,22
2024-08-03T01:34:12.989Z,5694,39.62657294,-105.00066203,1647.749,116.4,-16.2,62.4,1.10,22
2024-08-03T01:34:13.023Z,5695,39.62657273,-105.00066160,1647.749,116.4,-16.2,62.4,1.15,22
2024-08-03T01:34:13.056Z,5696,39.62657251,-105.00066116,1647.749,116.3,-16.2,62.4,1.19,22
2024-08-03T01:34:13.090Z,5697,39.62657229,-105.00066073,1647.749,116.3,-16.2,62.4,1.24,22
2024-08-03T01:34:13.123Z,5698,39.62657207,-105.00066022,1647.749,116.3,-16.2,62.4,1.24,22
2024-08-03T01:34:13.156Z,5699,39.62657185,-105.00065969,1647.749,116.3,-16.2,62.4,1.23,22
2024-08-03T01:34:13.190Z,5700,39.62657163,-105.00065916,1647.749,116.3,-16.2,62.4,1.21,22
2024-08-03T01:34:13.223Z,5701,39.62657147,-105.00065872,1647.749,116.3,-16.2,62.4,1.13,22
2024-08-03T01:34:13.256Z,5702,39.62657134,-105.00065832,1647.749,116.2,-16.2,62.4,1.03,22
2024-08-03T01:34:13.290Z,5703,39.62657122,-105.00065792,1647.749,116.1,-16.2,62.4,0.92,22
2024-08-03T01:34:13.323Z,5704,39.62657110,-105.00065763,1647.749,116.1,-16.2,62.4,0.79,22
2024-08-03T01:34:13.357Z,5705,39.62657099,-105.00065740,1647.749,116.0,-16.2,62.4,0.64,22
2024-08-03T01:34:13.390Z,5706,39.62657087,-105.00065717,1647.749,115.9,-16.2,62.4,0.49,22
2024-08-03T01:34:13.423Z,5707,39.62657083,-105.00065705,1647.749,116.0,-16.2,62.4,0.39,22
2024-08-03T01:34:13.457Z,5708,39.62657081,-105.00065699,1647.749,116.1,-16.2,62.4,0.32,22
2024-08-03T01:34:13.490Z,5709,39.62657079,-105.00065692,1647.749,116.3,-16.2,62.4,0.24,22
2024-08-03T01:34:13.523Z,5710,39.62657075,-105.00065683,1647.749,116.3,-16.2,62.4,0.19,22
2024-08-03T01:34:13.557Z,5711,39.62657072,-105.00065673,1647.749,116.4,-16.2,62.4,0.15,22
2024-08-03T01:34:13.590Z,5712,39.62657068,-105.00065663,1647.749,116.5,-16.2,62.4,0.11,22
2024-08-03T01:34:13.623Z,5713,39.62657066,-105.00065667,1647.749,116.5,-16.2,62.4,0.08,22
2024-08-03T01:34:13.657Z,5714,39.62657065,-105.00065677,1647.749,116.4,-16.2,62.4,0.04,22
2024-08-03T01:34:13.690Z,5715,39.62657064,-105.00065687,1647.749,116.4,-16.2,62.4,0.01,22
2024-08-03T01:34:13.724Z,5716,39.62657064,-105.00065690,1647.749,116.4,-16.2,62.4,0.00,22
2024-08-03T01:34:13.757Z,5717,39.62657063,-105.00065690,1647.749,116.3,-16.2,62.4,0.00,22
2024-08-03T01:34:13.790Z,5718,39.62657063,-105.00065690,1647.749,116.3,-16.2,62.4,0.00,22
2024-08-03T01:34:13.824Z,5719,39.62657062,-105.00065685,1647.749,116.3,-16.2,62.4,0.00,22
2024-08-03T01:34:13.857Z,5720,39.62657060,-105.00065678,1647.749,116.4,-16.2,62.4,0.00,22
2024-08-03T01:34:13.890Z,5721,39.62657058,-105.00065672,1647.749,116.4,-16.2,62.4,0.00,22
2024-08-03T01:34:13.924Z,5722,39.62657059,-105.00065672,1647.749,116.4,-16.2,62.4,0.00,22
2024-08-03T01:34:13.957Z,5723,39.62657060,-105.00065676,1647.749,116.4,-16.2,62.4,0.00,22
2024-08-03T01:34:13.990Z,5724,39.62657061,-105.00065679,1647.749,116.4,-16.2,62.4,0.00,22
2024-08-03T01:34:14.024Z,5725,39.62657059,-105.00065682,1647.749,116.4,-16.2,62.4,0.00,22
2024-08-03T01:34:14.057Z,5726,39.62657055,-105.00065686,1647.749,116.4,-16.2,62.4,0.00,22
2024-08-03T01:34:14.091Z,5727,39.62657052,-105.00065689,1647.749,116.4,-16.2,62.4,0.00,22
2024-08-03T01:34:14.124Z,5728,39.62657052,-105.00065692,1647.749,116.4,-16.2,62.4,0.00,22
2024-08-03T01:34:14.157Z,5729,39.62657053,-105.00065696,1647.749,116.4,-16.2,62.4,0.00,22
2024-08-03T01:34:14.191Z,5730,39.62657054,-105.00065699,1647.749,116.4,-16.2,62.4,0.00,22
2024-08-03T01:34:14.224Z,5731,39.62657053,-105.00065702,1647.749,116.4,-16.2,62.4,0.00,22
2024-08-03T01:34:14.257Z,5732,39.62657052,-105.00065706,1647.749,116.4,-16.2,62.4,0.00,22
2024-08-03T01:34:14.291Z,5733,39.62657051,-105.00065709,1647.749,116.4,-16.2,62.4,0.00,22
2024-08-03T01:34:14.324Z,5734,39.62657052,-105.00065712,1647.749,116.4,-16.2,62.4,0.00,22
2024-08-03T01:34:14.358Z,5735,39.62657053,-105.00065716,1647.749,116.4,-16.2,62.4,0.00,22
2024-08-03T01:34:14.391Z,5736,39.62657054,-105.00065719,1647.749,116.4,-16.2,62.4,0.00,22
2024-08-03T01:34:14.424Z,5737,39.62657053,-105.00065720,1647.749,116.4,-16.2,62.4,0.00,22
2024-08-03T01:34:14.458Z,5738,39.62657052,-105.00065720,1647.749,116.4,-16.2,62.4,0.00,22
2024-08-03T01:34:14.491Z,5739,39.62657051,-105.00065720,1647.749,116.4,-16.2,62.4,0.00,22
2024-08-03T01:34:14.524Z,5740,39.62657051,-105.00065722,1647.749,116.4,-16.2,62.4,0.00,22
2024-08-03T01:34:14.558Z,5741,39.62657051,-105.00065726,1647.749,116.4,-16.2,62.4,0.00,22
2024-08-03T01:34:14.591Z,5742,39.62657051,-105.00065729,1647.749,116.4,-16.2,62.4,0.00,22
2024-08-03T01:34:14.624Z,5743,39.62657048,-105.00065730,1647.749,116.4,-16.2,62.4,0.00,22
2024-08-03T01:34:14.658Z,5744,39.62657045,-105.00065730,1647.749,116.3,-16.2,62.4,0.00,22
2024-08-03T01:34:14.691Z,5745,39.62657041,-105.00065730,1647.749,116.3,-16.2,62.4,0.00,22
2024-08-03T01:34:14.725Z,5746,39.62657040,-105.00065730,1647.749,116.3,-16.2,62.4,0.00,22
2024-08-03T01:34:14.758Z,5747,39.62657039,-105.00065730,1647.749,116.4,-16.2,62.4,0.00,22
2024-08-03T01:34:14.791Z,5748,39.62657039,-105.00065730,1647.749,116.4,-16.2,62.4,0.00,22
2024-08-03T01:34:14.825Z,5749,39.62657036,-105.00065722,1647.749,116.4,-16.2,62.4,0.00,22
2024-08-03T01:34:14.858Z,5750,39.62657033,-105.00065712,1647.749,116.4,-16.2,62.4,0.00,22
2024-08-03T01:34:14.891Z,5751,39.62657030,-105.00065702,1647.749,116.4,-16.2,62.4,0.00,22
2024-08-03T01:34:14.925Z,5752,39.62657028,-105.00065700,1647.749,116.4,-16.2,62.4,0.00,22
2024-08-03T01:34:14.958Z,5753,39.62657027,-105.00065700,1647.749,116.4,-16.2,62.4,0.00,22
2024-08-03T01:34:14.991Z,5754,39.62657026,-105.00065700,1647.749,116.4,-16.2,62.4,0.00,22
2024-08-03T01:34:15.025Z,5755,39.62657024,-105.00065697,1647.749,116.4,-16.2,62.4,0.00,22
2024-08-03T01:34:15.058Z,5756,39.62657021,-105.00065694,1647.749,116.3,-16.2,62.4,0.00,22
2024-08-03T01:34:15.092Z,5757,39.62657019,-105.00065691,1647.749,116.3,-16.2,62.4,0.00,22
2024-08-03T01:34:15.125Z,5758,39.62657017,-105.00065687,1647.749,116.3,-16.2,62.4,0.00,22
2024-08-03T01:34:15.158Z,5759,39.62657016,-105.00065684,1647.749,116.3,-16.2,62.4,0.00,22
2024-08-03T01:34:15.192Z,5760,39.62657014,-105.00065681,1647.749,116.3,-16.2,62.4,0.00,22
2024-08-03T01:34:15.225Z,5761,39.62657010,-105.00065677,1647.749,116.3,-16.2,62.4,0.00,22
2024-08-03T01:34:15.258Z,5762,39.62657004,-105.00065674,1647.749,116.3,-16.2,62.4,0.00,22
2024-08-03T01:34:15.292Z,5763,39.62656998,-105.00065671,1647.749,116.3,-16.2,62.4,0.00,22
2024-08-03T01:34:15.325Z,5764,39.62656996,-105.00065667,1647.749,116.3,-16.2,62.4,0.00,22
2024-08-03T01:34:15.359Z,5765,39.62656994,-105.00065664,1647.749,116.4,-16.2,62.4,0.00,22
2024-08-03T01:34:15.392Z,5766,39.62656992,-105.00065661,1647.749,116.4,-16.2,62.4,0.00,22
2024-08-03T01:34:15.425Z,5767,39.62656991,-105.00065655,1647.749,116.4,-16.2,62.4,0.00,22
2024-08-03T01:34:15.459Z,5768,39.62656989,-105.00065648,1647.749,116.4,-16.2,62.4,0.00,22
2024-08-03T01:34:15.492Z,5769,39.62656987,-105.00065642,1647.749,116.4,-16.2,62.4,0.00,22
2024-08-03T01:34:15.525Z,5770,39.62656985,-105.00065635,1647.749,116.4,-16.2,62.4,0.03,22
2024-08-03T01:34:15.559Z,5771,39.62656983,-105.00065628,1647.749,116.4,-16.2,62.4,0.06,22
2024-08-03T01:34:15.592Z,5772,39.62656981,-105.00065621,1647.749,116.4,-16.2,62.4,0.09,22
2024-08-03T01:34:15.625Z,5773,39.62656974,-105.00065620,1647.749,116.4,-16.2,62.4,0.10,22
2024-08-03T01:34:15.659Z,5774,39.62656966,-105.00065620,1647.749,116.4,-16.2,62.4,0.10,22
2024-08-03T01:34:15.692Z,5775,39.62656958,-105.00065620,1647.749,116.4,-16.2,62.4,0.10,22
2024-08-03T01:34:15.726Z,5776,39.62656954,-105.00065615,1647.749,116.4,-16.2,62.4,0.10,22
2024-08-03T01:34:15.759Z,5777,39.62656952,-105.00065608,1647.749,116.4,-16.2,62.4,0.10,22
2024-08-03T01:34:15.792Z,5778,39.62656950,-105.00065601,1647.749,116.4,-16.2,62.4,0.10,22
2024-08-03T01:34:15.826Z,5779,39.62656946,-105.00065595,1647.749,116.4,-16.2,62.4,0.10,22
2024-08-03T01:34:15.859Z,5780,39.62656941,-105.00065588,1647.749,116.3,-16.2,62.4,0.10,22
2024-08-03T01:34:15.892Z,5781,39.62656936,-105.00065581,1647.749,116.3,-16.2,62.4,0.10,22
2024-08-03T01:34:15.926Z,5782,39.62656933,-105.00065577,1647.749,116.3,-16.2,62.4,0.10,22
2024-08-03T01:34:15.959Z,5783,39.62656930,-105.00065574,1647.749,116.3,-16.2,62.4,0.10,22
2024-08-03T01:34:15.992Z,5784,39.62656927,-105.00065571,1647.749,116.3,-16.2,62.4,0.10,22
2024-08-03T01:34:16.026Z,5785,39.62656924,-105.00065565,1647.749,116.3,-16.2,62.4,0.10,22
2024-08-03T01:34:16.059Z,5786,39.62656922,-105.00065558,1647.749,116.3,-16.2,62.4,0.10,22
2024-08-03T01:34:16.093Z,5787,39.62656919,-105.00065551,1647.749,116.3,-16.2,62.4,0.10,22
2024-08-03T01:34:16.126Z,5788,39.62656916,-105.00065542,1647.749,116.3,-16.2,62.4,0.10,22
2024-08-03T01:34:16.159Z,5789,39.62656912,-105.00065532,1647.749,116.4,-16.2,62.4,0.10,22
2024-08-03T01:34:16.193Z,5790,39.62656909,-105.00065522,1647.749,116.4,-16.2,62.4,0.10,22
2024-08-03T01:34:16.226Z,5791,39.62656902,-105.00065517,1647.749,116.4,-16.2,62.4,0.10,22
2024-08-03T01:34:16.259Z,5792,39.62656895,-105.00065514,1647.749,116.3,-16.2,62.4,0.10,22
2024-08-03T01:34:16.293Z,5793,39.62656887,-105.00065511,1647.749,116.3,-16.2,62.4,0.10,22
2024-08-03T01:34:16.326Z,5794,39.62656884,-105.00065505,1647.749,116.3,-16.2,62.4,0.10,22
2024-08-03T01:34:16.360Z,5795,39.62656881,-105.00065498,1647.749,116.3,-16.2,62.4,0.10,22
2024-08-03T01:34:16.393Z,5796,39.62656878,-105.00065491,1647.749,116.3,-16.2,62.4,0.10,22
2024-08-03T01:34:16.426Z,5797,39.62656871,-105.00065485,1647.749,116.3,-16.2,62.4,0.10,22
2024-08-03T01:34:16.460Z,5798,39.62656863,-105.00065478,1647.749,116.3,-16.2,62.4,0.10,22
2024-08-03T01:34:16.493Z,5799,39.62656855,-105.00065471,1647.749,116.3,-16.2,62.4,0.10,22
2024-08-03T01:34:16.526Z,5800,39.62656852,-105.00065465,1647.749,116.3,-16.2,62.4,0.10,22
2024-08-03T01:34:16.560Z,5801,39.62656849,-105.00065458,1647.749,116.4,-16.2,62.4,0.10,22
2024-08-03T01:34:16.593Z,5802,39.62656846,-105.00065451,1647.749,116.4,-16.2,62.4,0.10,22
2024-08-03T01:34:16.626Z,5803,39.62656842,-105.00065442,1647.749,116.4,-16.2,62.4,0.10,22
2024-08-03T01:34:16.660Z,5804,39.62656838,-105.00065432,1647.749,116.4,-16.2,62.4,0.10,22
2024-08-03T01:34:16.693Z,5805,39.62656835,-105.00065422,1647.749,116.4,-16.2,62.4,0.10,22
2024-08-03T01:34:16.727Z,5806,39.62656832,-105.00065415,1647.749,116.4,-16.2,62.4,0.10,22
2024-08-03T01:34:16.760Z,5807,39.62656829,-105.00065408,1647.749,116.4,-16.2,62.4,0.10,22
2024-08-03T01:34:16.793Z,5808,39.62656826,-105.00065401,1647.749,116.4,-16.2,62.4,0.10,22
2024-08-03T01:34:16.827Z,5809,39.62656822,-105.00065392,1647.749,116.4,-16.2,62.4,0.10,22
2024-08-03T01:34:16.860Z,5810,39.62656818,-105.00065382,1647.749,116.3,-16.2,62.4,0.10,22
2024-08-03T01:34:16.893Z,5811,39.62656815,-105.00065372,1647.749,116.3,-16.2,62.4,0.10,22
2024-08-03T01:34:16.927Z,5812,39.62656812,-105.00065365,1647.749,116.3,-16.2,62.4,0.10,22
2024-08-03T01:34:16.960Z,5813,39.62656810,-105.00065358,1647.749,116.3,-16.2,62.4,0.10,22
2024-08-03T01:34:16.993Z,5814,39.62656808,-105.00065351,1647.749,116.3,-16.2,62.4,0.10,22
2024-08-03T01:34:17.027Z,5815,39.62656804,-105.00065345,1647.749,116.3,-16.2,62.4,0.10,22
2024-08-03T01:34:17.060Z,5816,39.62656800,-105.00065338,1647.749,116.3,-16.2,62.4,0.10,22
2024-08-03T01:34:17.094Z,5817,39.62656796,-105.00065331,1647.749,116.3,-16.2,62.4,0.10,22
2024-08-03T01:34:17.127Z,5818,39.62656793,-105.00065325,1647.749,116.3,-16.2,62.4,0.10,22
2024-08-03T01:34:17.160Z,5819,39.62656791,-105.00065318,1647.749,116.3,-16.2,62.4,0.10,22
2024-08-03T01:34:17.194Z,5820,39.62656788,-105.00065311,1647.749,116.3,-16.2,62.4,0.10,22
2024-08-03T01:34:17.227Z,5821,39.62656784,-105.00065302,1647.749,116.3,-16.2,62.4,0.10,22
2024-08-03T01:34:17.260Z,5822,39.62656780,-105.00065292,1647.749,116.3,-16.2,62.4,0.10,22
2024-08-03T01:34:17.294Z,5823,39.62656776,-105.00065282,1647.749,116.3,-16.2,62.4,0.10,22
2024-08-03T01:34:17.327Z,5824,39.62656773,-105.00065274,1647.749,116.3,-16.2,62.4,0.10,22
2024-08-03T01:34:17.361Z,5825,39.62656770,-105.00065268,1647.749,116.3,-16.2,62.4,0.10,22
2024-08-03T01:34:17.394Z,5826,39.62656767,-105.00065261,1647.749,116.3,-16.2,62.4,0.10,22
2024-08-03T01:34:17.427Z,5827,39.62656763,-105.00065254,1647.749,116.3,-16.2,62.4,0.10,22
2024-08-03T01:34:17.461Z,5828,39.62656759,-105.00065248,1647.749,116.3,-16.2,62.4,0.10,22
2024-08-03T01:34:17.494Z,5829,39.62656755,-105.00065241,1647.749,116.3,-16.2,62.4,0.10,22
2024-08-03T01:34:17.527Z,5830,39.62656752,-105.00065234,1647.749,116.3,-16.2,62.4,0.10,22
2024-08-03T01:34:17.561Z,5831,39.62656750,-105.00065228,1647.749,116.3,-16.2,62.4,0.10,22
2024-08-03T01:34:17.594Z,5832,39.62656747,-105.00065221,1647.749,116.3,-16.2,62.4,0.10,22
2024-08-03T01:34:17.627Z,5833,39.62656747,-105.00065214,1647.749,116.3,-16.2,62.4,0.10,22
2024-08-03T01:34:17.661Z,5834,39.62656746,-105.00065208,1647.749,116.3,-16.2,62.4,0.10,22
2024-08-03T01:34:17.694Z,5835,39.62656746,-105.00065201,1647.749,116.3,-16.2,62.4,0.10,22
2024-08-03T01:34:17.728Z,5836,39.62656744,-105.00065197,1647.749,116.3,-16.2,62.4,0.10,22
2024-08-03T01:34:17.761Z,5837,39.62656742,-105.00065194,1647.749,116.3,-16.2,62.4,0.10,22
2024-08-03T01:34:17.794Z,5838,39.62656739,-105.00065191,1647.749,116.3,-16.2,62.4,0.10,22
2024-08-03T01:34:17.828Z,5839,39.62656735,-105.00065187,1647.749,116.3,-16.2,62.4,0.07,22
2024-08-03T01:34:17.861Z,5840,39.62656730,-105.00065184,1647.749,116.3,-16.2,62.4,0.04,22
2024-08-03T01:34:17.894Z,5841,39.62656726,-105.00065181,1647.749,116.3,-16.2,62.4,0.01,22
2024-08-03T01:34:17.928Z,5842,39.62656723,-105.00065177,1647.749,116.3,-16.2,62.4,0.00,22
2024-08-03T01:34:17.961Z,5843,39.62656721,-105.00065174,1647.749,116.3,-16.2,62.4,0.00,22
2024-08-03T01:34:17.994Z,5844,39.62656718,-105.00065171,1647.749,116.3,-16.2,62.4,0.00,22
2024-08-03T01:34:18.028Z,5845,39.62656715,-105.00065170,1647.749,116.3,-16.2,62.4,0.00,22
2024-08-03T01:34:18.061Z,5846,39.62656711,-105.00065170,1647.749,116.3,-16.2,62.4,0.00,22
2024-08-03T01:34:18.095Z,5847,39.62656707,-105.00065170,1647.749,116.3,-16.2,62.4,0.00,22
2024-08-03T01:34:18.128Z,5848,39.62656705,-105.00065167,1647.749,116.3,-16.2,62.4,0.00,22
2024-08-03T01:34:18.161Z,5849,39.62656704,-105.00065164,1647.749,116.3,-16.2,62.4,0.00,22
2024-08-03T01:34:18.195Z,5850,39.62656702,-105.00065160,1647.749,116.3,-16.2,62.4,0.00,22
2024-08-03T01:34:18.228Z,5851,39.62656701,-105.00065160,1647.749,116.3,-16.2,62.4,0.00,22
2024-08-03T01:34:18.261Z,5852,39.62656699,-105.00065160,1647.749,116.3,-16.2,62.4,0.00,22
2024-08-03T01:34:18.295Z,5853,39.62656697,-105.00065160,1647.749,116.3,-16.2,62.4,0.00,22
2024-08-03T01:34:18.328Z,5854,39.62656696,-105.00065160,1647.749,116.3,-16.2,62.4,0.00,22
2024-08-03T01:34:18.362Z,5855,39.62656696,-105.00065160,1647.749,116.3,-16.2,62.4,0.00,22
2024-08-03T01:34:18.395Z,5856,39.62656695,-105.00065160,1647.749,116.3,-16.2,62.4,0.00,22
2024-08-03T01:34:18.428Z,5857,39.62656693,-105.00065160,1647.749,116.3,-16.2,62.4,0.00,22
2024-08-03T01:34:18.462Z,5858,39.62656691,-105.00065160,1647.749,116.3,-16.2,62.4,0.00,22
2024-08-03T01:34:18.495Z,5859,39.62656689,-105.00065160,1647.749,116.3,-16.2,62.4,0.00,22
2024-08-03T01:34:18.528Z,5860,39.62656688,-105.00065160,1647.749,116.3,-16.2,62.4,0.00,22
2024-08-03T01:34:18.562Z,5861,39.62656688,-105.00065160,1647.749,116.3,-16.2,62.4,0.00,22
2024-08-03T01:34:18.595Z,5862,39.62656687,-105.00065160,1647.749,116.3,-16.2,62.4,0.00,22
2024-08-03T01:34:18.628Z,5863,39.62656685,-105.00065160,1647.749,116.3,-16.2,62.4,0.00,22
2024-08-03T01:34:18.662Z,5864,39.62656682,-105.00065160,1647.749,116.4,-16.2,62.4,0.00,22
2024-08-03T01:34:18.695Z,5865,39.62656679,-105.00065160,1647.749,116.4,-16.2,62.4,0.00,22
2024-08-03T01:34:18.729Z,5866,39.62656679,-105.00065160,1647.749,116.4,-16.2,62.4,0.00,22
2024-08-03T01:34:18.762Z,5867,39.62656678,-105.00065160,1647.749,116.3,-16.2,62.4,0.00,22
2024-08-03T01:34:18.795Z,5868,39.62656678,-105.00065160,1647.749,116.3,-16.2,62.4,0.00,22
2024-08-03T01:34:18.829Z,5869,39.62656678,-105.00065160,1647.749,116.3,-16.2,62.4,0.00,22
2024-08-03T01:34:18.862Z,5870,39.62656679,-105.00065160,1647.749,116.4,-16.2,62.4,0.00,22
2024-08-03T01:34:18.895Z,5871,39.62656679,-105.00065160,1647.749,116.4,-16.2,62.4,0.00,22
2024-08-03T01:34:18.929Z,5872,39.62656679,-105.00065160,1647.749,116.4,-16.2,62.4,0.00,22
2024-08-03T01:34:18.962Z,5873,39.62656680,-105.00065160,1647.749,116.3,-16.2,62.4,0.00,22
2024-08-03T01:34:18.995Z,5874,39.62656680,-105.00065160,1647.749,116.3,-16.2,62.4,0.00,22
2024-08-03T01:34:19.029Z,5875,39.62656680,-105.00065160,1647.749,116.3,-16.2,62.4,0.00,22
2024-08-03T01:34:19.062Z,5876,39.62656680,-105.00065160,1647.749,116.4,-16.2,62.4,0.00,22
2024-08-03T01:34:19.096Z,5877,39.62656680,-105.00065160,1647.749,116.4,-16.2,62.4,0.00,22
2024-08-03T01:34:19.129Z,5878,39.62656681,-105.00065160,1647.749,116.4,-16.2,62.4,0.00,23
2024-08-03T01:34:19.162Z,5879,39.62656681,-105.00065160,1647.749,116.4,-16.2,62.4,0.00,23
2024-08-03T01:34:19.196Z,5880,39.62656682,-105.00065160,1647.749,116.4,-16.2,62.4,0.00,23
2024-08-03T01:34:19.229Z,5881,39.62656681,-105.00065160,1647.749,116.5,-16.2,62.4,0.00,23
2024-08-03T01:34:19.262Z,5882,39.62656681,-105.00065160,1647.749,116.5,-16.2,62.4,0.00,23
2024-08-03T01:34:19.296Z,5883,39.62656680,-105.00065160,1647.749,116.6,-16.2,62.4,0.00,23
2024-08-03T01:34:19.329Z,5884,39.62656679,-105.00065163,1647.749,116.7,-16.2,62.4,0.03,23
2024-08-03T01:34:19.363Z,5885,39.62656678,-105.00065166,1647.749,116.9,-16.2,62.4,0.06,23
2024-08-03T01:34:19.396Z,5886,39.62656677,-105.00065170,1647.749,117.0,-16.2,62.4,0.10,23
2024-08-03T01:34:19.429Z,5887,39.62656670,-105.00065179,1647.749,117.1,-16.2,62.4,0.16,23
2024-08-03T01:34:19.463Z,5888,39.62656662,-105.00065189,1647.749,117.3,-16.2,62.4,0.24,23
2024-08-03T01:34:19.496Z,5889,39.62656655,-105.00065199,1647.749,117.4,-16.2,62.4,0.31,23
2024-08-03T01:34:19.529Z,5890,39.62656649,-105.00065212,1647.749,117.2,-16.2,62.4,0.38,23
2024-08-03T01:34:19.563Z,5891,39.62656643,-105.00065225,1647.749,117.0,-16.2,62.4,0.46,23
2024-08-03T01:34:19.596Z,5892,39.62656638,-105.00065239,1647.749,116.8,-16.2,62.4,0.53,23
2024-08-03T01:34:19.629Z,5893,39.62656635,-105.00065264,1647.749,116.7,-16.2,62.4,0.60,23
2024-08-03T01:34:19.663Z,5894,39.62656632,-105.00065291,1647.749,116.5,-16.2,62.4,0.66,23
2024-08-03T01:34:19.696Z,5895,39.62656629,-105.00065317,1647.749,116.3,-16.2,62.4,0.72,23
2024-08-03T01:34:19.730Z,5896,39.62656621,-105.00065347,1647.749,116.4,-16.2,62.4,0.76,23
2024-08-03T01:34:19.763Z,5897,39.62656613,-105.00065377,1647.749,116.4,-16.2,62.4,0.79,23
2024-08-03T01:34:19.796Z,5898,39.62656604,-105.00065407,1647.749,116.5,-16.2,62.4,0.82,23
2024-08-03T01:34:19.830Z,5899,39.62656595,-105.00065437,1647.749,116.5,-16.2,62.4,0.85,23
2024-08-03T01:34:19.863Z,5900,39.62656587,-105.00065467,1647.749,116.6,-16.2,62.4,0.89,23
2024-08-03T01:34:19.896Z,5901,39.62656579,-105.00065497,1647.749,116.6,-16.2,62.4,0.92,23
2024-08-03T01:34:19.930Z,5902,39.62656569,-105.00065539,1647.749,116.6,-16.2,62.4,0.93,23
2024-08-03T01:34:19.963Z,5903,39.62656558,-105.00065583,1647.749,116.5,-16.2,62.4,0.94,23
2024-08-03T01:34:19.996Z,5904,39.62656548,-105.00065626,1647.749,116.5,-16.2,62.4,0.95,23
2024-08-03T01:34:20.030Z,5905,39.62656539,-105.00065663,1647.749,116.5,-16.2,62.4,0.98,23
2024-08-03T01:34:20.063Z,5906,39.62656530,-105.00065700,1647.749,116.5,-16.2,62.4,1.01,23
2024-08-03T01:34:20.097Z,5907,39.62656522,-105.00065737,1647.749,116.5,-16.2,62.4,1.04,23
2024-08-03T01:34:20.130Z,5908,39.62656517,-105.00065767,1647.749,116.5,-16.2,62.4,1.07,23
2024-08-03T01:34:20.163Z,5909,39.62656513,-105.00065797,1647.749,116.5,-16.2,62.4,1.11,23
2024-08-03T01:34:20.197Z,5910,39.62656508,-105.00065827,1647.749,116.5,-16.2,62.4,1.14,23
2024-08-03T01:34:20.230Z,5911,39.62656497,-105.00065873,1647.749,116.5,-16.2,62.4,1.17,23
2024-08-03T01:34:20.263Z,5912,39.62656484,-105.00065920,1647.749,116.5,-16.2,62.4,1.20,23
2024-08-03T01:34:20.297Z,5913,39.62656472,-105.00065966,1647.749,116.5,-16.2,62.4,1.23,23
2024-08-03T01:34:20.330Z,5914,39.62656461,-105.00066016,1647.749,116.5,-16.2,62.4,1.27,23
2024-08-03T01:34:20.364Z,5915,39.62656451,-105.00066066,1647.749,116.5,-16.2,62.4,1.30,23
2024-08-03T01:34:20.397Z,5916,39.62656441,-105.00066116,1647.749,116.5,-16.2,62.4,1.33,23
2024-08-03T01:34:20.430Z,5917,39.62656425,-105.00066160,1647.749,116.5,-16.2,62.4,1.33,23
2024-08-03T01:34:20.464Z,5918,39.62656409,-105.00066203,1647.749,116.5,-16.2,62.4,1.33,23
2024-08-03T01:34:20.497Z,5919,39.62656393,-105.00066247,1647.749,116.5,-16.2,62.4,1.33,23
2024-08-03T01:34:20.530Z,5920,39.62656380,-105.00066309,1647.749,116.5,-16.2,62.4,1.37,23
2024-08-03T01:34:20.564Z,5921,39.62656366,-105.00066372,1647.749,116.4,-16.2,62.4,1.41,23
2024-08-03T01:34:20.597Z,5922,39.62656353,-105.00066435,1647.749,116.4,-16.2,62.4,1.45,23
2024-08-03T01:34:20.630Z,5923,39.62656338,-105.00066493,1647.749,116.4,-16.2,62.4,1.49,23
2024-08-03T01:34:20.664Z,5924,39.62656323,-105.00066549,1647.749,116.4,-16.2,62.4,1.52,23
2024-08-03T01:34:20.697Z,5925,39.62656308,-105.00066606,1647.749,116.4,-16.2,62.4,1.55,23
2024-08-03T01:34:20.731Z,5926,39.62656296,-105.00066663,1647.749,116.4,-16.2,62.4,1.55,23
2024-08-03T01:34:20.764Z,5927,39.62656284,-105.00066720,1647.749,116.4,-16.2,62.4,1.55,23
2024-08-03T01:34:20.797Z,5928,39.62656272,-105.00066776,1647.749,116.4,-16.2,62.4,1.55,23
2024-08-03T01:34:20.831Z,5929,39.62656262,-105.00066833,1647.749,116.4,-16.2,62.4,1.58,23
2024-08-03T01:34:20.864Z,5930,39.62656253,-105.00066890,1647.749,116.4,-16.2,62.4,1.60,23
2024-08-03T01:34:20.897Z,5931,39.62656244,-105.00066946,1647.749,116.4,-16.2,62.4,1.63,23
2024-08-03T01:34:20.931Z,5932,39.62656231,-105.00067022,1647.749,116.4,-16.2,62.4,1.63,23
2024-08-03T01:34:20.964Z,5933,39.62656218,-105.00067099,1647.749,116.4,-16.2,62.4,1.63,23
2024-08-03T01:34:20.997Z,5934,39.62656205,-105.00067175,1647.749,116.4,-16.2,62.4,1.63,23
2024-08-03T01:34:21.031Z,5935,39.62656196,-105.00067236,1647.749,116.4,-16.2,62.4,1.66,23
2024-08-03T01:34:21.064Z,5936,39.62656188,-105.00067297,1647.749,116.4,-16.2,62.4,1.69,23
2024-08-03T01:34:21.098Z,5937,39.62656179,-105.00067357,1647.749,116.4,-16.2,62.4,1.72,23
2024-08-03T01:34:21.131Z,5938,39.62656170,-105.00067420,1647.749,116.4,-16.2,62.4,1.73,23
2024-08-03T01:34:21.164Z,5939,39.62656161,-105.00067483,1647.749,116.4,-16.2,62.4,1.73,23
2024-08-03T01:34:21.198Z,5940,39.62656152,-105.00067547,1647.749,116.4,-16.2,62.4,1.73,23
2024-08-03T01:34:21.231Z,5941,39.62656139,-105.00067610,1647.749,116.4,-16.2,62.4,1.73,23
2024-08-03T01:34:21.264Z,5942,39.62656126,-105.00067673,1647.749,116.3,-16.2,62.4,1.73,23
2024-08-03T01:34:21.298Z,5943,39.62656113,-105.00067737,1647.749,116.3,-16.2,62.4,1.73,23
2024-08-03T01:34:21.331Z,5944,39.62656104,-105.00067800,1647.749,116.3,-16.2,62.4,1.72,23
2024-08-03T01:34:21.365Z,5945,39.62656096,-105.00067864,1647.749,116.3,-16.2,62.5,1.72,23
2024-08-03T01:34:21.398Z,5946,39.62656088,-105.00067927,1647.749,116.3,-16.2,62.5,1.71,23
2024-08-03T01:34:21.431Z,5947,39.62656075,-105.00068000,1647.749,116.3,-16.2,62.5,1.74,23
2024-08-03T01:34:21.465Z,5948,39.62656061,-105.00068073,1647.749,116.3,-16.2,62.6,1.78,23
2024-08-03T01:34:21.498Z,5949,39.62656048,-105.00068147,1647.749,116.3,-16.2,62.6,1.81,23
2024-08-03T01:34:21.531Z,5950,39.62656040,-105.00068214,1647.749,116.4,-16.2,62.8,1.81,23
2024-08-03T01:34:21.565Z,5951,39.62656033,-105.00068280,1647.749,116.4,-16.2,62.9,1.81,23
2024-08-03T01:34:21.598Z,5952,39.62656025,-105.00068347,1647.749,116.5,-16.2,63.1,1.81,23
2024-08-03T01:34:21.631Z,5953,39.62656019,-105.00068424,1647.749,116.6,-16.2,63.2,1.81,23
2024-08-03T01:34:21.665Z,5954,39.62656013,-105.00068500,1647.749,116.8,-16.2,63.4,1.81,23
2024-08-03T01:34:21.698Z,5955,39.62656006,-105.00068577,1647.749,116.9,-16.2,63.5,1.80,23
2024-08-03T01:34:21.732Z,5956,39.62656000,-105.00068654,1647.749,117.1,-16.2,63.7,1.83,23
2024-08-03T01:34:21.765Z,5957,39.62655993,-105.00068730,1647.749,117.2,-16.2,63.8,1.87,23
2024-08-03T01:34:21.798Z,5958,39.62655986,-105.00068807,1647.749,117.4,-16.2,64.0,1.90,23
2024-08-03T01:34:21.832Z,5959,39.62655979,-105.00068884,1647.749,117.6,-16.2,64.2,1.90,23
2024-08-03T01:34:21.865Z,5960,39.62655972,-105.00068961,1647.749,117.7,-16.2,64.4,1.90,23
2024-08-03T01:34:21.898Z,5961,39.62655964,-105.00069037,1647.749,117.9,-16.2,64.6,1.90,23
2024-08-03T01:34:21.932Z,5962,39.62655964,-105.00069105,1647.749,118.1,-16.2,64.7,1.90,23
2024-08-03T01:34:21.965Z,5963,39.62655964,-105.00069171,1647.749,118.3,-16.2,64.8,1.90,23
2024-08-03T01:34:21.998Z,5964,39.62655964,-105.00069238,1647.749,118.5,-16.2,64.9,1.90,23
2024-08-03T01:34:22.032Z,5965,39.62655967,-105.00069318,1647.749,118.7,-16.2,65.1,1.90,23
2024-08-03T01:34:22.065Z,5966,39.62655969,-105.00069398,1647.749,119.0,-16.2,65.4,1.90,23
2024-08-03T01:34:22.099Z,5967,39.62655972,-105.00069478,1647.749,119.2,-16.2,65.6,1.90,23
2024-08-03T01:34:22.132Z,5968,39.62655975,-105.00069548,1647.749,119.4,-16.2,65.9,1.90,23
2024-08-03T01:34:22.165Z,5969,39.62655979,-105.00069618,1647.749,119.7,-16.2,66.3,1.90,23
2024-08-03T01:34:22.199Z,5970,39.62655982,-105.00069688,1647.749,119.9,-16.2,66.6,1.90,23
2024-08-03T01:34:22.232Z,5971,39.62655987,-105.00069762,1647.749,120.2,-16.2,66.8,1.90,23
2024-08-03T01:34:22.265Z,5972,39.62655993,-105.00069835,1647.749,120.4,-16.2,67.1,1.90,23
2024-08-03T01:34:22.299Z,5973,39.62655998,-105.00069908,1647.749,120.7,-16.2,67.3,1.90,23
2024-08-03T01:34:22.332Z,5974,39.62656006,-105.00069979,1647.749,120.9,-16.2,67.5,1.94,23
2024-08-03T01:34:22.366Z,5975,39.62656015,-105.00070049,1647.749,121.1,-16.2,67.6,1.97,23
2024-08-03T01:34:22.399Z,5976,39.62656023,-105.00070119,1647.749,121.3,-16.2,67.8,2.01,23
2024-08-03T01:34:22.432Z,5977,39.62656028,-105.00070205,1647.749,121.5,-16.2,68.0,1.98,23
2024-08-03T01:34:22.466Z,5978,39.62656033,-105.00070292,1647.749,121.8,-16.2,68.1,1.94,23
2024-08-03T01:34:22.499Z,5979,39.62656038,-105.00070379,1647.749,122.0,-16.2,68.3,1.91,23
2024-08-03T01:34:22.532Z,5980,39.62656048,-105.00070449,1647.749,122.2,-16.2,68.4,1.91,23
2024-08-03T01:34:22.566Z,5981,39.62656057,-105.00070519,1647.749,122.3,-16.2,68.4,1.92,23
2024-08-03T01:34:22.599Z,5982,39.62656067,-105.00070589,1647.749,122.5,-16.2,68.5,1.92,23
2024-08-03T01:34:22.632Z,5983,39.62656077,-105.00070659,1647.749,122.6,-16.2,68.6,1.89,23
2024-08-03T01:34:22.666Z,5984,39.62656088,-105.00070729,1647.749,122.7,-16.2,68.6,1.85,23
2024-08-03T01:34:22.699Z,5985,39.62656098,-105.00070799,1647.749,122.8,-16.2,68.7,1.81,23
2024-08-03T01:34:22.733Z,5986,39.62656107,-105.00070863,1647.749,123.0,-16.2,68.7,1.75,23
2024-08-03T01:34:22.766Z,5987,39.62656115,-105.00070926,1647.749,123.2,-16.2,68.8,1.68,23
2024-08-03T01:34:22.799Z,5988,39.62656124,-105.00070990,1647.749,123.4,-16.2,68.8,1.61,23
2024-08-03T01:34:22.833Z,5989,39.62656131,-105.00071046,1647.749,123.5,-16.2,68.8,1.51,23
2024-08-03T01:34:22.866Z,5990,39.62656138,-105.00071103,1647.749,123.5,-16.2,68.9,1.41,23
2024-08-03T01:34:22.899Z,5991,39.62656145,-105.00071160,1647.749,123.6,-16.2,68.9,1.32,23
2024-08-03T01:34:22.933Z,5992,39.62656152,-105.00071197,1647.749,123.6,-16.2,68.9,1.21,23
2024-08-03T01:34:22.966Z,5993,39.62656159,-105.00071233,1647.749,123.5,-16.2,68.9,1.11,23
2024-08-03T01:34:23.000Z,5994,39.62656166,-105.00071270,1647.749,123.5,-16.2,68.9,1.00,23
2024-08-03T01:34:23.033Z,5995,39.62656170,-105.00071310,1647.749,123.5,-16.2,68.9,0.91,22
2024-08-03T01:34:23.066Z,5996,39.62656175,-105.00071350,1647.749,123.5,-16.2,68.9,0.81,22
2024-08-03T01:34:23.100Z,5997,39.62656179,-105.00071390,1647.749,123.5,-16.2,68.9,0.71,22
2024-08-03T01:34:23.133Z,5998,39.62656183,-105.00071417,1647.749,123.4,-16.2,68.9,0.64,22
2024-08-03T01:34:23.166Z,5999,39.62656188,-105.00071443,1647.749,123.4,-16.2,68.9,0.58,22
2024-08-03T01:34:23.200Z,6000,39.62656192,-105.00071470,1647.749,123.3,-16.2,68.9,0.51,22
2024-08-03T01:34:23.233Z,6001,39.62656190,-105.00071487,1647.749,123.2,-16.2,68.9,0.47,22
2024-08-03T01:34:23.266Z,6002,39.62656188,-105.00071503,1647.749,123.2,-16.2,68.9,0.44,22
2024-08-03T01:34:23.300Z,6003,39.62656186,-105.00071520,1647.749,123.1,-16.2,68.9,0.40,22
2024-08-03T01:34:23.333Z,6004,39.62656188,-105.00071530,1647.749,123.1,-16.2,68.9,0.33,22
2024-08-03T01:34:23.367Z,6005,39.62656190,-105.00071540,1647.749,123.1,-16.2,68.9,0.27,22
2024-08-03T01:34:23.400Z,6006,39.62656192,-105.00071550,1647.749,123.1,-16.2,68.9,0.20,22
2024-08-03T01:34:23.433Z,6007,39.62656192,-105.00071550,1647.749,123.1,-16.2,68.9,0.17,22
2024-08-03T01:34:23.467Z,6008,39.62656193,-105.00071550,1647.749,123.1,-16.2,68.9,0.13,22
2024-08-03T01:34:23.500Z,6009,39.62656193,-105.00071550,1647.749,123.1,-16.2,68.9,0.10,22
2024-08-03T01:34:23.533Z,6010,39.62656194,-105.00071550,1647.749,123.0,-16.2,68.9,0.07,22
2024-08-03T01:34:23.567Z,6011,39.62656195,-105.00071550,1647.749,123.0,-16.2,68.9,0.03,22
2024-08-03T01:34:23.600Z,6012,39.62656196,-105.00071550,1647.749,122.9,-16.2,68.9,0.00,22
2024-08-03T01:34:23.633Z,6013,39.62656194,-105.00071553,1647.749,122.9,-16.2,68.9,0.00,22
2024-08-03T01:34:23.667Z,6014,39.62656193,-105.00071557,1647.749,122.8,-16.2,68.9,0.00,22
2024-08-03T01:34:23.700Z,6015,39.62656191,-105.00071560,1647.749,122.8,-16.2,68.9,0.00,22
2024-08-03T01:34:23.734Z,6016,39.62656191,-105.00071553,1647.749,122.8,-16.2,68.9,0.00,22
2024-08-03T01:34:23.767Z,6017,39.62656191,-105.00071547,1647.749,122.8,-16.2,68.9,0.00,22
2024-08-03T01:34:23.800Z,6018,39.62656191,-105.00071540,1647.749,122.8,-16.2,68.9,0.00,22
2024-08-03T01:34:23.834Z,6019,39.62656190,-105.00071543,1647.749,122.8,-16.2,68.9,0.00,22
2024-08-03T01:34:23.867Z,6020,39.62656190,-105.00071547,1647.749,122.9,-16.2,68.9,0.00,22
2024-08-03T01:34:23.900Z,6021,39.62656189,-105.00071550,1647.749,122.9,-16.2,68.9,0.00,22
2024-08-03T01:34:23.934Z,6022,39.62656188,-105.00071547,1647.749,122.9,-16.2,68.9,0.00,22
2024-08-03T01:34:23.967Z,6023,39.62656187,-105.00071543,1647.749,123.0,-16.2,68.9,0.00,22
2024-08-03T01:34:24.001Z,6024,39.62656186,-105.00071540,1647.749,123.0,-16.2,68.9,0.00,22
2024-08-03T01:34:24.034Z,6025,39.62656187,-105.00071537,1647.749,123.0,-16.2,68.9,0.00,22
2024-08-03T01:34:24.067Z,6026,39.62656187,-105.00071533,1647.749,122.9,-16.2,68.9,0.00,22
2024-08-03T01:34:24.101Z,6027,39.62656188,-105.00071530,1647.749,122.9,-16.2,68.9,0.00,22
2024-08-03T01:34:24.134Z,6028,39.62656187,-105.00071527,1647.749,122.9,-16.2,68.9,0.00,22
2024-08-03T01:34:24.167Z,6029,39.62656186,-105.00071523,1647.749,122.9,-16.2,68.9,0.00,22
2024-08-03T01:34:24.201Z,6030,39.62656185,-105.00071520,1647.749,122.9,-16.2,68.9,0.00,22
2024-08-03T01:34:24.234Z,6031,39.62656186,-105.00071513,1647.749,122.9,-16.2,68.9,0.00,22
2024-08-03T01:34:24.267Z,6032,39.62656188,-105.00071506,1647.749,122.9,-16.2,68.9,0.00,22
2024-08-03T01:34:24.301Z,6033,39.62656189,-105.00071500,1647.749,122.9,-16.2,68.9,0.00,22
2024-08-03T01:34:24.334Z,6034,39.62656188,-105.00071497,1647.749,122.9,-16.2,68.9,0.00,22
2024-08-03T01:34:24.368Z,6035,39.62656188,-105.00071493,1647.749,122.9,-16.2,68.9,0.00,22
2024-08-03T01:34:24.401Z,6036,39.62656187,-105.00071490,1647.749,122.9,-16.2,68.9,0.00,22
2024-08-03T01:34:24.434Z,6037,39.62656188,-105.00071483,1647.749,122.9,-16.2,68.9,0.00,22
2024-08-03T01:34:24.468Z,6038,39.62656188,-105.00071476,1647.749,122.9,-16.2,68.9,0.00,22
2024-08-03T01:34:24.501Z,6039,39.62656189,-105.00071470,1647.749,122.9,-16.2,68.9,0.00,22
2024-08-03T01:34:24.534Z,6040,39.62656189,-105.00071467,1647.749,122.9,-16.2,68.9,0.00,22
2024-08-03T01:34:24.568Z,6041,39.62656189,-105.00071463,1647.749,122.9,-16.2,68.9,0.00,22
2024-08-03T01:34:24.601Z,6042,39.62656189,-105.00071460,1647.749,122.9,-16.2,68.9,0.00,22
2024-08-03T01:34:24.634Z,6043,39.62656193,-105.00071463,1647.749,122.9,-16.2,68.9,0.00,22
